text,label
刑法第150條的內容是什麼？可以解釋一下嗎？,LEGAL
刑法第183條的構成要件有哪些？,LEGAL
臺灣臺南地方法院 115 年度聲字第 1318 號刑事裁定中法院的理由是什麼？,JUDGMENT
比較刑法第14條的文義和法院實務的解釋差異,MIXED
組織犯罪防制條例等會觸犯哪些刑法條文？法院實務見解如何？,MIXED
比較刑法第318條的文義和法院實務的解釋差異,MIXED
刑法第269條的要件是什麼？法院在具體個案中怎麼操作？,MIXED
刑法第240條所稱的行為是指什麼？,LEGAL
侵權行為損害賠償會觸犯哪些刑法條文？法院實務見解如何？,MIXED
臺灣高等法院 115 年度上訴字第 1796 號刑事裁定這件案子的事實經過為何？,JUDGMENT
臺灣苗栗地方法院 115 年度苗簡字第 641 號刑事判決的判決結果是什麼？,JUDGMENT
累犯的法定刑是多少？實務上法院實際都判多重？,MIXED
法例的成立要件是什麼？,LEGAL
有沒有請求損害賠償被判無罪或駁回的案例？,JUDGMENT
保安處分的條文規定和實務判決見解有沒有落差？,MIXED
刑法第234條的要件是什麼？法院在具體個案中怎麼操作？,MIXED
臺灣桃園地方法院 115 年度壢簡字第 1102 號刑事判決適用了哪些法條？這些條文的要件是什麼？,MIXED
刑法第346條是告訴乃論嗎？,LEGAL
刑法關於搶奪強盜及海盜罪的規定可以整理給我嗎？,LEGAL
刑法第269條的立法目的是什麼？,LEGAL
違反醫療法在刑法上怎麼規定？從判決來看法院的認定標準是什麼？,MIXED
刑法第339-2條適用時要注意什麼？,LEGAL
幫我摘要臺灣臺北地方法院 115 年度審原重訴字第 34 號民事裁定,JUDGMENT
臺灣臺南地方法院 115 年度訴字第 1343 號民事判決適用了哪些法條？這些條文的要件是什麼？,MIXED
刑法第40條的構成要件是什麼？臺灣臺南地方法院 115 年度交易字第 698 號刑事判決是怎麼適用這條的？,MIXED
刑法裡「公務員包庇他人犯本章各條之罪者，依各該條之規」是什麼意思？,LEGAL
刑法第191-1條規定了什麼？,LEGAL
刑法第239條是告訴乃論嗎？實務上這類案件的判決情況如何？,MIXED
刑法第138條的行為主體有什麼限制？,LEGAL
幫我解釋刑法第362條的每一項規定,LEGAL
未遂犯的法定刑是多少？實務上法院實際都判多重？,MIXED
觸犯刑法第133條會留下前科嗎？,LEGAL
解釋一下臺灣高等法院 高雄分院 115 年度抗字第 277 號刑事裁定在講什麼,JUDGMENT
刑法關於傷害罪的規定可以整理給我嗎？,LEGAL
恐嚇及擄人勒贖罪的法定刑是多少？實務上法院實際都判多重？,MIXED
刑法第78條規定什麼？實務上像竊盜這種案件法院都怎麼判？,MIXED
法院在臺灣臺中地方法院 115 年度中簡字第 1930 號刑事判決採取了什麼見解？,JUDGMENT
發還扣押物在刑法上怎麼規定？從判決來看法院的認定標準是什麼？,MIXED
刑法第15條的行為主體有什麼限制？,LEGAL
褻瀆祀典及侵害墳墓屍體罪的條文規定和實務判決見解有沒有落差？,MIXED
刑法第50條規定了什麼？,LEGAL
刑法第309條的立法目的是什麼？,LEGAL
法院在臺灣桃園地方法院 115 年度簡上附民移簡字第 21 號民事裁定採取了什麼見解？,JUDGMENT
臺灣士林地方法院關於宣告沒收的案件都怎麼判？,JUDGMENT
刑法第248條是告訴乃論嗎？,LEGAL
竊盜適用的法條是什麼？有判決先例可以參考嗎？,MIXED
臺灣新竹地方法院 115 年度聲字第 866 號刑事裁定的主文內容是什麼？,JUDGMENT
臺灣臺北地方法院 115 年度審簡字第 1597 號刑事判決中法院的理由是什麼？,JUDGMENT
刑法第300條是告訴乃論嗎？實務上這類案件的判決情況如何？,MIXED
刑法第185-1條的追訴權時效是多久？,LEGAL
刑法第156條有沒有未遂犯的處罰？,LEGAL
聲請定應執行之刑適用的法條是什麼？有判決先例可以參考嗎？,MIXED
臺灣桃園地方法院 115 年度訴字第 221 號民事判決裡被告的答辯是什麼？,JUDGMENT
臺灣臺北地方法院 114 年度訴字第 874 號刑事判決適用了哪些法條？這些條文的要件是什麼？,MIXED
我想了解毒品危害防制條例等的相關法條和實務判決，都幫我整理,MIXED
刑法第76條是告訴乃論嗎？,LEGAL
比較刑法第19條的文義和法院實務的解釋差異,MIXED
刑法第94條規定什麼？實務上像聲請假釋期中交付保護管束這種案件法院都怎麼判？,MIXED
刑法第171條的內容是什麼？可以解釋一下嗎？,LEGAL
臺灣臺南地方法院 115 年度聲字第 1583 號刑事裁定中法院的理由是什麼？,JUDGMENT
假釋付保護管束會觸犯哪些刑法條文？法院實務見解如何？,MIXED
刑法第172-2條的追訴權時效是多久？,LEGAL
侵權行為損害賠償案件的判決先例有哪些？,JUDGMENT
臺灣桃園地方法院 115 年度桃簡字第 1239 號刑事判決的量刑考量是什麼？,JUDGMENT
聲請停止羈押適用的法條是什麼？有判決先例可以參考嗎？,MIXED
朋友涉嫌過失傷害，相關法條規定和法院可能的判決結果是什麼？,MIXED
刑法第288條的構成要件是什麼？臺灣高等法院 臺中分院 115 年度聲字第 958 號刑事裁定是怎麼適用這條的？,MIXED
刑法第212條規定了什麼？,LEGAL
有沒有賭博被判無罪或駁回的案例？,JUDGMENT
家庭暴力之傷害的法律要件是什麼？用真實案例解釋給我聽,MIXED
臺灣臺北地方法院關於過失傷害的案件都怎麼判？,JUDGMENT
觸犯刑法第7條會留下前科嗎？,LEGAL
以臺灣新竹地方法院 113 年度訴字第 449 號刑事判決為例，說明刑之酌科及加減的構成要件怎麼認定,MIXED
偽造有價證券罪和其他財產犯罪怎麼區分？,LEGAL
解釋一下臺灣桃園地方法院 115 年度簡上附民移簡字第 21 號民事裁定在講什麼,JUDGMENT
妨害農工商罪怎麼構成？實務上有哪些判決可以佐證？,MIXED
臺灣士林地方法院 115 年度原訴字第 27 號刑事判決跟類似案件的判決有什麼不同？,JUDGMENT
臺灣桃園地方法院 115 年度聲字第 1678 號刑事裁定的主文內容是什麼？,JUDGMENT
「意圖供製造鴉片、嗎啡之用而栽種罌粟者，處五年」這是刑法哪一條的規定？,LEGAL
初犯刑法第226-1條會被關嗎？可以易科罰金嗎？,LEGAL
聲請再審的案件量刑大概多重？,JUDGMENT
臺灣臺南地方法院 115 年度訴字第 2536 號刑事判決適用了哪些法條？這些條文的要件是什麼？,MIXED
「藏匿犯人或依法逮捕、拘禁之脫逃人或使之隱避者」這是刑法哪一條的規定？,LEGAL
臺灣橋頭地方法院 115 年度易字第 796 號刑事裁定裡被告的答辯是什麼？,JUDGMENT
刑法第106條的構成要件是什麼？臺灣臺中地方法院 114 年度金重訴字第 1425 號刑事裁定是怎麼適用這條的？,MIXED
解釋一下臺灣桃園地方法院 115 年度訴字第 221 號民事判決在講什麼,JUDGMENT
有沒有公共危險被判無罪或駁回的案例？,JUDGMENT
妨害公務的法律要件是什麼？用真實案例解釋給我聽,MIXED
刑法第278條規定什麼？實務上像詐欺等這種案件法院都怎麼判？,MIXED
違反藥事法等案件中法院怎麼認定事實？,JUDGMENT
幫我摘要臺灣士林地方法院 115 年度訴字第 188 號刑事判決,JUDGMENT
刑法第351條的立法目的是什麼？,LEGAL
解釋一下臺灣臺南地方法院 115 年度簡字第 2778 號刑事判決在講什麼,JUDGMENT
刑法第160條是告訴乃論嗎？實務上這類案件的判決情況如何？,MIXED
減輕或免除扶養義務在刑法上怎麼規定？從判決來看法院的認定標準是什麼？,MIXED
臺灣橋頭地方法院最近有哪些聲請定其應執行刑的判決？,JUDGMENT
臺灣高等法院 臺中分院 115 年度原金上訴字第 26 號刑事裁定適用了哪些法條？這些條文的要件是什麼？,MIXED
刑法第283條的行為主體有什麼限制？,LEGAL
發還扣押物等的法律要件是什麼？用真實案例解釋給我聽,MIXED
法院在臺灣橋頭地方法院 115 年度附民字第 1041 號刑事判決採取了什麼見解？,JUDGMENT
臺灣臺中地方法院 115 年度聲字第 1845 號刑事裁定跟類似案件的判決有什麼不同？,JUDGMENT
觸犯刑法第64條會留下前科嗎？,LEGAL
臺灣新竹地方法院 115 年度竹簡字第 399 號民事裁定這件案子的事實經過為何？,JUDGMENT
臺灣高雄地方法院 115 年度聲字第 694 號刑事裁定中法院的理由是什麼？,JUDGMENT
鴉片罪的成立要件是什麼？,LEGAL
刑法第38條規定什麼？實務上像定應執行之刑這種案件法院都怎麼判？,MIXED
刑法第168條適用時要注意什麼？,LEGAL
臺灣臺中地方法院 115 年度簡字第 250 號刑事判決這件案子可以上訴嗎？結果如何？,JUDGMENT
臺灣高等法院 臺中分院 115 年度聲字第 990 號刑事裁定的量刑考量是什麼？,JUDGMENT
刑法第324條規定了什麼？,LEGAL
臺灣彰化地方法院 115 年度簡字第 1921 號刑事判決裡被告的答辯是什麼？,JUDGMENT
妨害公務會觸犯哪些刑法條文？法院實務見解如何？,MIXED
發還扣押物案件的判決先例有哪些？,JUDGMENT
刑法第86條規定了什麼？,LEGAL
刑之酌科及加減怎麼構成？實務上有哪些判決可以佐證？,MIXED
解釋詐欺背信及重利罪的要件，並用實際判決說明法院怎麼認定,MIXED
臺灣高等法院 115 年度聲保字第 914 號刑事裁定的主文內容是什麼？,JUDGMENT
朋友涉嫌毒品危害防制條例等，相關法條規定和法院可能的判決結果是什麼？,MIXED
臺灣臺北地方法院 115 年度聲字第 2057 號刑事裁定的爭點是什麼？,JUDGMENT
妨害風化的案件量刑大概多重？,JUDGMENT
幫我解釋刑法第42條的每一項規定,LEGAL
臺灣新北地方法院 115 年度聲字第 2094 號刑事裁定的爭點是什麼？,JUDGMENT
刑法第358條的內容是什麼？可以解釋一下嗎？,LEGAL
「公務員於立法院聽證或受質詢時，就其所知之重要」這是刑法哪一條的規定？,LEGAL
刑法第301條適用時要注意什麼？,LEGAL
關於聲明異議，實務上法院通常怎麼判？,JUDGMENT
朋友涉嫌定其應執行刑，相關法條規定和法院可能的判決結果是什麼？,MIXED
刑法第172條和第339條有什麼差別？,LEGAL
刑法第45條有沒有未遂犯的處罰？,LEGAL
臺灣南投地方法院 115 年度投交簡字第 250 號刑事判決跟類似案件的判決有什麼不同？,JUDGMENT
刑法第352條規定什麼？實務上像毒品危害防制條例這種案件法院都怎麼判？,MIXED
臺灣高等法院 115 年度侵聲再字第 8 號刑事裁定的判決結果是什麼？,JUDGMENT
刑法第2條和第319-5條有什麼差別？,LEGAL
刑法第110條的行為主體有什麼限制？,LEGAL
臺灣士林地方法院 115 年度聲字第 516 號刑事裁定中法院的理由是什麼？,JUDGMENT
刑法第132條的行為主體有什麼限制？,LEGAL
幫我摘要臺灣桃園地方法院 115 年度桃簡字第 88 號刑事判決,JUDGMENT
有沒有偽造文書等被判無罪或駁回的案例？,JUDGMENT
偽造貨幣罪的法定刑是多少？實務上法院實際都判多重？,MIXED
法院在臺灣桃園地方法院 115 年度壢原簡字第 35 號刑事判決採取了什麼見解？,JUDGMENT
朋友涉嫌定應執行刑，相關法條規定和法院可能的判決結果是什麼？,MIXED
刑法第88條的行為主體有什麼限制？,LEGAL
什麼情況下會成立刑法第20條的罪？,LEGAL
臺灣花蓮地方法院 115 年度原易字第 40 號刑事裁定跟類似案件的判決有什麼不同？,JUDGMENT
臺灣高等法院 臺中分院 115 年度聲字第 1259 號刑事裁定的判決結果是什麼？,JUDGMENT
臺灣桃園地方法院 113 年度簡上字第 220 號民事判決的量刑考量是什麼？,JUDGMENT
之一 妨害性隱私及不實性影像罪的條文規定和實務判決見解有沒有落差？,MIXED
臺灣高等法院處理聲請解除限制出境案件的立場是什麼？,JUDGMENT
臺灣高等法院 臺中分院 115 年度聲字第 1289 號刑事裁定這件案子的事實經過為何？,JUDGMENT
刑法第241條的構成要件有哪些？,LEGAL
刑法第212條的構成要件是什麼？臺灣臺北地方法院 115 年度簡字第 1997 號刑事裁定是怎麼適用這條的？,MIXED
臺灣臺南地方法院 114 年度訴字第 1447 號刑事裁定中法院的理由是什麼？,JUDGMENT
幫我解釋刑法第165條的每一項規定,LEGAL
刑法第124條規定了什麼？,LEGAL
觸犯刑法第338條會留下前科嗎？,LEGAL
臺灣高等法院 臺中分院 115 年度上易字第 277 號刑事判決的判決結果是什麼？,JUDGMENT
「偽造、變造、毀棄或隱匿可以證明中華民國對於外」這是刑法哪一條的規定？,LEGAL
臺灣臺南地方法院 115 年度訴字第 1910 號刑事判決適用了哪些法條？這些條文的要件是什麼？,MIXED
臺灣臺南地方法院處理公共危險案件的立場是什麼？,JUDGMENT
之一 沒收的條文規定和實務判決見解有沒有落差？,MIXED
臺灣橋頭地方法院 115 年度易字第 790 號刑事裁定跟類似案件的判決有什麼不同？,JUDGMENT
臺灣臺北地方法院 115 年度交簡字第 1178 號刑事判決跟類似案件的判決有什麼不同？,JUDGMENT
搶奪強盜及海盜罪的法律規定為何？可以用臺灣臺南地方法院 115 年度易字第 993 號刑事判決當例子說明嗎？,MIXED
刑法第143條的行為主體有什麼限制？,LEGAL
臺灣新北地方法院 115 年度審易字第 2076 號刑事判決適用了哪些法條？這些條文的要件是什麼？,MIXED
恐嚇及擄人勒贖罪的法律規定為何？可以用臺灣橋頭地方法院 115 年度交訴字第 69 號刑事裁定當例子說明嗎？,MIXED
解釋一下臺灣新北地方法院 114 年度審金訴字第 3906 號刑事裁定在講什麼,JUDGMENT
刑法第349條的行為主體有什麼限制？,LEGAL
臺灣新竹地方法院 113 年度附民字第 1035 號刑事判決的判決結果是什麼？,JUDGMENT
初犯刑法第71條會被關嗎？可以易科罰金嗎？,LEGAL
刑法第258條規定什麼？實務上像過失傷害這種案件法院都怎麼判？,MIXED
刑法關於鴉片罪的規定可以整理給我嗎？,LEGAL
刑法第184條是告訴乃論嗎？實務上這類案件的判決情況如何？,MIXED
妨害婚姻及家庭罪的法律規定為何？可以用福建高等法院金門分院 115 年度聲字第 11 號刑事裁定當例子說明嗎？,MIXED
臺灣臺南地方法院 115 年度聲字第 1337 號刑事裁定這件案子的事實經過為何？,JUDGMENT
法院在智慧財產及商業法院 112 年度刑智上訴字第 17 號刑事判決採取了什麼見解？,JUDGMENT
妨害自由罪和其他財產犯罪怎麼區分？,LEGAL
比較刑法第361條的文義和法院實務的解釋差異,MIXED
以臺灣高雄地方法院 115 年度審易字第 269 號刑事判決為例，說明偽造文書印文罪的構成要件怎麼認定,MIXED
妨害自由罪的成立要件是什麼？,LEGAL
刑法第193條所稱的行為是指什麼？,LEGAL
關於毒品危害防制條例等，實務上法院通常怎麼判？,JUDGMENT
妨害名譽及信用罪的法定刑是多少？實務上法院實際都判多重？,MIXED
刑法第74條規定什麼？實務上像詐欺等這種案件法院都怎麼判？,MIXED
聲請定應執行之刑等的案件量刑大概多重？,JUDGMENT
臺灣臺南地方法院 115 年度聲字第 1455 號刑事裁定的主文內容是什麼？,JUDGMENT
刑法關於刑事責任的規定可以整理給我嗎？,LEGAL
臺灣士林地方法院 115 年度聲字第 788 號刑事裁定中法院的理由是什麼？,JUDGMENT
保安處分的法律規定為何？可以用臺灣臺南地方法院 115 年度交簡字第 2541 號刑事判決當例子說明嗎？,MIXED
臺灣高等法院 115 年度上訴字第 2815 號刑事裁定的主文內容是什麼？,JUDGMENT
我想了解偽造文書的相關法條和實務判決，都幫我整理,MIXED
刑法第298條的行為主體有什麼限制？,LEGAL
偽造度量衡罪和其他財產犯罪怎麼區分？,LEGAL
臺灣苗栗地方法院 115 年度易字第 362 號刑事判決的量刑考量是什麼？,JUDGMENT
刑法裡「未受懷胎婦女之囑託或未得其承諾，而使之墮胎者」是什麼意思？,LEGAL
幫我解釋刑法第101條的每一項規定,LEGAL
刑法第194條有沒有未遂犯的處罰？,LEGAL
妨害性自主罪的法定刑是多少？實務上法院實際都判多重？,MIXED
解釋一下臺灣高等法院 臺中分院 115 年度金上訴字第 1622 號刑事判決在講什麼,JUDGMENT
臺灣臺北地方法院 114 年度審訴字第 707 號刑事裁定的判決結果是什麼？,JUDGMENT
觸犯刑法第189條會留下前科嗎？,LEGAL
臺灣高等法院 115 年度附民字第 956 號刑事判決裡被告的答辯是什麼？,JUDGMENT
贓物罪怎麼構成？實務上有哪些判決可以佐證？,MIXED
比較刑法第10條的文義和法院實務的解釋差異,MIXED
臺灣屏東地方法院 115 年度聲字第 521 號刑事裁定的爭點是什麼？,JUDGMENT
刑法第127條是告訴乃論嗎？,LEGAL
刑事責任的條文規定和實務判決見解有沒有落差？,MIXED
臺灣高等法院 115 年度上訴字第 2350 號刑事判決的主文內容是什麼？,JUDGMENT
刑法第238條所稱的行為是指什麼？,LEGAL
刑法第151條有沒有未遂犯的處罰？,LEGAL
刑法第141條是告訴乃論嗎？實務上這類案件的判決情況如何？,MIXED
妨害秩序罪和其他財產犯罪怎麼區分？,LEGAL
臺灣屏東地方法院 115 年度交簡字第 839 號刑事判決適用了哪些法條？這些條文的要件是什麼？,MIXED
刑法裡「行為後法律有變更者，適用行為時之法律。但行為」是什麼意思？,LEGAL
刑法第171條的行為主體有什麼限制？,LEGAL
「意圖刺探或收集第一百零九條第一項之文書、圖畫」這是刑法哪一條的規定？,LEGAL
有沒有竊盜被判無罪或駁回的案例？,JUDGMENT
臺灣高等法院 高雄分院 115 年度上訴字第 1054 號刑事裁定適用了哪些法條？這些條文的要件是什麼？,MIXED
保安處分的成立要件是什麼？,LEGAL
刑法第3條規定了什麼？,LEGAL
臺灣士林地方法院關於竊盜的案件都怎麼判？,JUDGMENT
刑法第27條有沒有未遂犯的處罰？,LEGAL
臺灣橋頭地方法院 115 年度毒聲字第 211 號刑事裁定的主文內容是什麼？,JUDGMENT
偽造有價證券罪的法定刑是多少？實務上法院實際都判多重？,MIXED
解釋一下臺灣士林地方法院 115 年度審簡字第 891 號刑事判決在講什麼,JUDGMENT
刑法第198條是告訴乃論嗎？,LEGAL
刑法第316條規定了什麼？,LEGAL
刑法第25條的要件是什麼？法院在具體個案中怎麼操作？,MIXED
刑法第175條有沒有未遂犯的處罰？,LEGAL
比較刑法第11條的文義和法院實務的解釋差異,MIXED
法院在臺灣高等法院 臺中分院 115 年度金上訴字第 1649 號刑事裁定採取了什麼見解？,JUDGMENT
以臺灣屏東地方法院 115 年度簡字第 311 號刑事判決為例，說明保安處分的構成要件怎麼認定,MIXED
臺灣高等法院 臺中分院 115 年度原上易字第 16 號刑事裁定這件案子的事實經過為何？,JUDGMENT
找幾件毀損的判決給我參考,JUDGMENT
臺灣士林地方法院 115 年度聲字第 854 號刑事裁定的主文內容是什麼？,JUDGMENT
臺灣桃園地方法院 115 年度桃簡字第 531 號刑事判決適用了哪些法條？這些條文的要件是什麼？,MIXED
瀆職罪規定在刑法哪些條文？,LEGAL
臺灣臺南地方法院 115 年度交簡字第 1972 號刑事判決的爭點是什麼？,JUDGMENT
侵權行為損害賠償的案件量刑大概多重？,JUDGMENT
刑法第327條的內容是什麼？可以解釋一下嗎？,LEGAL
臺灣臺南地方法院 115 年度簡字第 2720 號刑事判決這件案子可以上訴嗎？結果如何？,JUDGMENT
什麼情況下會成立刑法第226條的罪？,LEGAL
刑法第201-1條規定什麼？實務上像聲請發還扣押物這種案件法院都怎麼判？,MIXED
刑法第276條的構成要件有哪些？,LEGAL
解釋一下臺灣彰化地方法院 114 年度軍訴字第 3 號刑事裁定在講什麼,JUDGMENT
公共危險罪的法律規定為何？可以用臺灣高等法院 113 年度上訴字第 2446 號刑事裁定當例子說明嗎？,MIXED
臺灣嘉義地方法院 115 年度嘉簡字第 724 號刑事判決的判決結果是什麼？,JUDGMENT
刑法第99條的構成要件是什麼？臺灣臺南地方法院 115 年度簡字第 3106 號刑事判決是怎麼適用這條的？,MIXED
假釋付保護管束適用的法條是什麼？有判決先例可以參考嗎？,MIXED
我想了解毀損的相關法條和實務判決，都幫我整理,MIXED
違反毒品危害防制條例案件的判決先例有哪些？,JUDGMENT
以臺灣高等法院 臺南分院 115 年度上訴字第 454 號刑事判決為例，說明妨害投票罪的構成要件怎麼認定,MIXED
刑法第319-3條適用時要注意什麼？,LEGAL
觸犯刑法第17條會留下前科嗎？,LEGAL
刑法第260條的立法目的是什麼？,LEGAL
臺灣士林地方法院 113 年度訴字第 383 號刑事判決適用了哪些法條？這些條文的要件是什麼？,MIXED
刑法第220條的構成要件是什麼？臺灣桃園地方法院 115 年度審簡字第 575 號刑事判決是怎麼適用這條的？,MIXED
保安處分的法律規定為何？可以用臺灣臺東地方法院 115 年度聲保字第 27 號刑事裁定當例子說明嗎？,MIXED
臺灣新北地方法院關於詐欺等的案件都怎麼判？,JUDGMENT
刑法第109條是告訴乃論嗎？實務上這類案件的判決情況如何？,MIXED
「意圖營利，辦理有獎儲蓄或未經政府允准而發行彩」這是刑法哪一條的規定？,LEGAL
臺灣高等法院 115 年度抗字第 1750 號刑事裁定的判決結果是什麼？,JUDGMENT
刑法第335條規定什麼？實務上像侵占這種案件法院都怎麼判？,MIXED
刑法第306條是告訴乃論嗎？,LEGAL
法院在臺灣臺北地方法院 115 年度審原訴字第 207 號民事裁定採取了什麼見解？,JUDGMENT
關於詐欺，實務上法院通常怎麼判？,JUDGMENT
臺灣屏東地方法院關於定應執行刑的案件都怎麼判？,JUDGMENT
刑法關於毀棄損壞罪的規定可以整理給我嗎？,LEGAL
刑法第109條和第177條有什麼差別？,LEGAL
臺灣士林地方法院 115 年度聲字第 832 號刑事裁定中法院的理由是什麼？,JUDGMENT
臺灣高等法院處理假釋付保護管束案件的立場是什麼？,JUDGMENT
偽造有價證券罪的成立要件是什麼？,LEGAL
朋友涉嫌詐欺等，相關法條規定和法院可能的判決結果是什麼？,MIXED
臺灣桃園地方法院 115 年度聲字第 1584 號刑事裁定裡被告的答辯是什麼？,JUDGMENT
刑的法律規定為何？可以用臺灣臺南地方法院 115 年度訴字第 2334 號刑事判決當例子說明嗎？,MIXED
刑法第119條的要件是什麼？法院在具體個案中怎麼操作？,MIXED
違反洗錢防制法等適用的法條是什麼？有判決先例可以參考嗎？,MIXED
刑法第229條規定什麼？實務上像詐欺等這種案件法院都怎麼判？,MIXED
什麼情況下會成立刑法第112條的罪？,LEGAL
刑法第361條是告訴乃論嗎？,LEGAL
解釋一下臺灣高雄地方法院 114 年度訴字第 153 號刑事裁定在講什麼,JUDGMENT
刑法第148條所稱的行為是指什麼？,LEGAL
損害賠償的法律要件是什麼？用真實案例解釋給我聽,MIXED
刑法第233條的構成要件是什麼？臺灣臺北地方法院 115 年度審訴字第 263 號民事裁定是怎麼適用這條的？,MIXED
刑法第153條規定什麼？實務上像聲請定其應執行刑這種案件法院都怎麼判？,MIXED
臺灣臺南地方法院 115 年度聲保字第 153 號刑事裁定適用了哪些法條？這些條文的要件是什麼？,MIXED
臺灣士林地方法院關於聲請法官迴避的案件都怎麼判？,JUDGMENT
聲請定其應執行刑適用的法條是什麼？有判決先例可以參考嗎？,MIXED
刑法第252條規定什麼？實務上像減輕或免除扶養義務這種案件法院都怎麼判？,MIXED
刑法第339-1條規定什麼？實務上像業務侵占罪這種案件法院都怎麼判？,MIXED
刑法第261條是告訴乃論嗎？實務上這類案件的判決情況如何？,MIXED
臺灣高等法院 臺中分院 115 年度科控字第 6 號刑事裁定裡被告的答辯是什麼？,JUDGMENT
臺灣高等法院 114 年度國審上重訴字第 4 號刑事裁定的量刑考量是什麼？,JUDGMENT
刑法第16條有沒有未遂犯的處罰？,LEGAL
法院在臺灣高等法院 115 年度聲字第 1805 號刑事裁定採取了什麼見解？,JUDGMENT
朋友涉嫌詐欺犯罪危害防制條例等，相關法條規定和法院可能的判決結果是什麼？,MIXED
數罪併罰的法定刑是多少？實務上法院實際都判多重？,MIXED
違反刑法第110條會受到什麼處罰？,LEGAL
刑法第47條的追訴權時效是多久？,LEGAL
幫我解釋刑法第361條的每一項規定,LEGAL
之一 沒收怎麼構成？實務上有哪些判決可以佐證？,MIXED
刑法第33條的行為主體有什麼限制？,LEGAL
刑法第348條規定了什麼？,LEGAL
法院在臺灣桃園地方法院 115 年度聲字第 1401 號刑事裁定採取了什麼見解？,JUDGMENT
刑法第306條的構成要件有哪些？,LEGAL
刑法第344-1條所稱的行為是指什麼？,LEGAL
刑法第171條是告訴乃論嗎？實務上這類案件的判決情況如何？,MIXED
幫我解釋刑法第185-4條的每一項規定,LEGAL
臺灣桃園地方法院 115 年度壢交簡字第 62 號刑事判決這件案子可以上訴嗎？結果如何？,JUDGMENT
臺灣臺中地方法院 115 年度中簡字第 1977 號刑事判決的判決結果是什麼？,JUDGMENT
刑法第311條的追訴權時效是多久？,LEGAL
臺灣高雄地方法院 115 年度審附民字第 1224 號刑事判決這件案子的事實經過為何？,JUDGMENT
妨害秘密罪的法定刑是多少？實務上法院實際都判多重？,MIXED
法院在臺灣高等法院 臺中分院 115 年度上易字第 333 號刑事判決採取了什麼見解？,JUDGMENT
遺棄罪怎麼構成？實務上有哪些判決可以佐證？,MIXED
洗錢防制法案件中法院怎麼認定事實？,JUDGMENT
刑法第133條的要件是什麼？法院在具體個案中怎麼操作？,MIXED
刑法第289條的行為主體有什麼限制？,LEGAL
刑法第65條的追訴權時效是多久？,LEGAL
妨害自由罪的法律規定為何？可以用臺灣桃園地方法院 115 年度聲字第 2023 號刑事裁定當例子說明嗎？,MIXED
法院在臺灣高等法院 115 年度抗字第 1814 號刑事裁定採取了什麼見解？,JUDGMENT
找幾件洗錢防制法等的判決給我參考,JUDGMENT
竊盜罪怎麼構成？實務上有哪些判決可以佐證？,MIXED
刑法第273條適用時要注意什麼？,LEGAL
刑和其他財產犯罪怎麼區分？,LEGAL
臺灣高等法院 臺中分院 115 年度聲字第 1205 號刑事裁定適用了哪些法條？這些條文的要件是什麼？,MIXED
臺灣高等法院 115 年度聲再字第 340 號刑事裁定這件案子的事實經過為何？,JUDGMENT
臺灣臺中地方法院 115 年度聲字第 1637 號刑事裁定的爭點是什麼？,JUDGMENT
臺灣臺北地方法院 115 年度審原訴字第 63 號刑事判決中法院的理由是什麼？,JUDGMENT
臺灣宜蘭地方法院 115 年度聲字第 570 號刑事裁定裡被告的答辯是什麼？,JUDGMENT
妨害秩序罪的法定刑是多少？實務上法院實際都判多重？,MIXED
違反醫療法的案件量刑大概多重？,JUDGMENT
刑法第164條的追訴權時效是多久？,LEGAL
刑法第293條所稱的行為是指什麼？,LEGAL
刑法第318條是告訴乃論嗎？實務上這類案件的判決情況如何？,MIXED
臺灣臺南地方法院 115 年度簡字第 2786 號刑事判決這件案子可以上訴嗎？結果如何？,JUDGMENT
臺灣新竹地方法院 115 年度訴字第 1458 號刑事判決的爭點是什麼？,JUDGMENT
臺灣苗栗地方法院 115 年度聲字第 358 號刑事裁定中法院的理由是什麼？,JUDGMENT
臺灣高等法院 115 年度聲保字第 864 號刑事裁定中法院的理由是什麼？,JUDGMENT
初犯刑法第274條會被關嗎？可以易科罰金嗎？,LEGAL
聲請具保停止羈押在刑法上怎麼規定？從判決來看法院的認定標準是什麼？,MIXED
初犯刑法第300條會被關嗎？可以易科罰金嗎？,LEGAL
妨害自由等的法律要件是什麼？用真實案例解釋給我聽,MIXED
刑法第230條規定了什麼？,LEGAL
臺灣臺南地方法院 115 年度訴字第 502 號民事裁定中法院的理由是什麼？,JUDGMENT
刑法第318-2條的構成要件是什麼？臺灣高等法院 臺南分院 115 年度上訴字第 1237 號刑事判決是怎麼適用這條的？,MIXED
最高法院最近有哪些違反銀行法的判決？,JUDGMENT
妨害自由罪怎麼構成？實務上有哪些判決可以佐證？,MIXED
時效的條文規定和實務判決見解有沒有落差？,MIXED
我想了解懲戒的相關法條和實務判決，都幫我整理,MIXED
鴉片罪的處罰有多重？,LEGAL
刑法第319-3條規定了什麼？,LEGAL
刑法第78-1條的構成要件是什麼？臺灣彰化地方法院 114 年度訴字第 1182 號刑事裁定是怎麼適用這條的？,MIXED
我想了解侵權行為損害賠償的相關法條和實務判決，都幫我整理,MIXED
殺人罪的條文規定和實務判決見解有沒有落差？,MIXED
刑法第30條的內容是什麼？可以解釋一下嗎？,LEGAL
偽造文書印文罪的法定刑是多少？實務上法院實際都判多重？,MIXED
幫我摘要臺灣屏東地方法院 115 年度聲簡再字第 10 號刑事裁定,JUDGMENT
「意圖為自己或第三人不法之所有，而搶奪他人之動」這是刑法哪一條的規定？,LEGAL
刑法第245條所稱的行為是指什麼？,LEGAL
妨害婚姻及家庭罪的法律規定為何？可以用臺灣臺北地方法院 115 年度訴字第 718 號刑事裁定當例子說明嗎？,MIXED
刑法第253條的法定刑是多少？,LEGAL
違反刑法第230條會受到什麼處罰？,LEGAL
臺灣高等法院 臺中分院 114 年度上訴字第 1361 號刑事裁定中法院的理由是什麼？,JUDGMENT
刑法第80條有沒有未遂犯的處罰？,LEGAL
臺灣臺中地方法院 115 年度審附民字第 357 號刑事判決這件案子的事實經過為何？,JUDGMENT
加重竊盜在刑法上怎麼規定？從判決來看法院的認定標準是什麼？,MIXED
幫我解釋刑法第172-2條的每一項規定,LEGAL
刑法第283條適用時要注意什麼？,LEGAL
觸犯刑法第117條會留下前科嗎？,LEGAL
什麼情況下會成立刑法第288條的罪？,LEGAL
刑法第36條是告訴乃論嗎？,LEGAL
臺灣新北地方法院處理定其應執行刑案件的立場是什麼？,JUDGMENT
刑法第306條是告訴乃論嗎？實務上這類案件的判決情況如何？,MIXED
比較刑法第178條的文義和法院實務的解釋差異,MIXED
違反毒品危害防制條例案件中法院怎麼認定事實？,JUDGMENT
臺灣屏東地方法院 115 年度聲字第 519 號刑事裁定裡被告的答辯是什麼？,JUDGMENT
刑法第319-6條的構成要件有哪些？,LEGAL
刑法第64條的追訴權時效是多久？,LEGAL
臺灣桃園地方法院關於沒入保證金的案件都怎麼判？,JUDGMENT
臺灣臺南地方法院 115 年度聲字第 1473 號刑事裁定這件案子的事實經過為何？,JUDGMENT
「受政府之委任，處理對於外國政府之事務，而違背」這是刑法哪一條的規定？,LEGAL
幫我摘要臺灣高等法院 高雄分院 115 年度聲保字第 332 號刑事裁定,JUDGMENT
刑法第220條的要件是什麼？法院在具體個案中怎麼操作？,MIXED
比較刑法第86條的文義和法院實務的解釋差異,MIXED
刑法第115-1條適用時要注意什麼？,LEGAL
加重詐欺等適用的法條是什麼？有判決先例可以參考嗎？,MIXED
臺灣新竹地方法院 115 年度原交簡字第 15 號刑事判決這件案子可以上訴嗎？結果如何？,JUDGMENT
比較刑法第37-1條的文義和法院實務的解釋差異,MIXED
之二 易刑的法定刑是多少？實務上法院實際都判多重？,MIXED
刑法裡「故意或因過失，以火藥、蒸氣、電氣、煤氣或其他」是什麼意思？,LEGAL
妨害秘密罪的法律規定為何？可以用臺灣臺南地方法院 115 年度簡字第 2768 號刑事判決當例子說明嗎？,MIXED
幫我摘要臺灣高等法院 臺中分院 115 年度上易字第 563 號刑事裁定,JUDGMENT
「刑期自裁判確定之日起算」這是刑法哪一條的規定？,LEGAL
幫我解釋刑法第153條的每一項規定,LEGAL
刑法第290條的構成要件是什麼？臺灣桃園地方法院 115 年度壢交簡字第 142 號刑事判決是怎麼適用這條的？,MIXED
臺灣雲林地方法院 115 年度聲字第 611 號刑事裁定跟類似案件的判決有什麼不同？,JUDGMENT
臺灣臺北地方法院 115 年度簡字第 1998 號刑事判決跟類似案件的判決有什麼不同？,JUDGMENT
刑法第37-1條適用時要注意什麼？,LEGAL
刑的成立要件是什麼？,LEGAL
違反刑法第337條會受到什麼處罰？,LEGAL
刑法第319-2條的內容是什麼？可以解釋一下嗎？,LEGAL
刑法第115-1條是告訴乃論嗎？,LEGAL
刑法裡「意圖供行使之用，而偽造、變造船票、火車、電車」是什麼意思？,LEGAL
刑法第25條的構成要件是什麼？臺灣桃園地方法院 115 年度聲字第 1584 號刑事裁定是怎麼適用這條的？,MIXED
觸犯刑法第237條會留下前科嗎？,LEGAL
刑法第125條是告訴乃論嗎？實務上這類案件的判決情況如何？,MIXED
殺人罪的處罰有多重？,LEGAL
解釋妨害名譽及信用罪的要件，並用實際判決說明法院怎麼認定,MIXED
關於撤銷信徒大會會議決議等，實務上法院通常怎麼判？,JUDGMENT
臺灣新竹地方法院 115 年度竹簡字第 324 號刑事判決跟類似案件的判決有什麼不同？,JUDGMENT
臺灣高等法院關於妨害秩序等的案件都怎麼判？,JUDGMENT
臺灣臺南地方法院 115 年度易字第 1113 號刑事判決適用了哪些法條？這些條文的要件是什麼？,MIXED
臺灣桃園地方法院 115 年度聲字第 1999 號刑事裁定跟類似案件的判決有什麼不同？,JUDGMENT
刑法第25條的構成要件有哪些？,LEGAL
臺灣高等法院 臺中分院 115 年度聲字第 1011 號刑事裁定跟類似案件的判決有什麼不同？,JUDGMENT
毒品危害防制條例的案件量刑大概多重？,JUDGMENT
妨害投票罪規定在刑法哪些條文？,LEGAL
法院在臺灣士林地方法院 115 年度審交簡字第 304 號刑事判決採取了什麼見解？,JUDGMENT
毀棄損壞罪的條文規定和實務判決見解有沒有落差？,MIXED
聲請定其應執行刑案件的判決先例有哪些？,JUDGMENT
刑法第217條的構成要件有哪些？,LEGAL
瀆職罪的成立要件是什麼？,LEGAL
觸犯刑法第322條會留下前科嗎？,LEGAL
臺灣臺北地方法院 115 年度自字第 37 號刑事判決這件案子可以上訴嗎？結果如何？,JUDGMENT
刑法第228條和第51條有什麼差別？,LEGAL
初犯刑法第176條會被關嗎？可以易科罰金嗎？,LEGAL
智慧財產及商業法院處理聲請定應執行刑案件的立場是什麼？,JUDGMENT
刑法第187條是告訴乃論嗎？實務上這類案件的判決情況如何？,MIXED
刑法第103條和第33條有什麼差別？,LEGAL
比較刑法第187-1條的文義和法院實務的解釋差異,MIXED
臺灣高等法院關於殺人未遂等的案件都怎麼判？,JUDGMENT
臺灣士林地方法院 115 年度聲字第 933 號刑事裁定的主文內容是什麼？,JUDGMENT
刑法第88條和第138條有什麼差別？,LEGAL
比較刑法第278條的文義和法院實務的解釋差異,MIXED
刑法第3條的構成要件是什麼？臺灣雲林地方法院 115 年度易字第 697 號刑事判決是怎麼適用這條的？,MIXED
臺灣雲林地方法院 114 年度訴字第 951 號刑事裁定的判決結果是什麼？,JUDGMENT
刑法第323條的構成要件是什麼？臺灣桃園地方法院 115 年度桃簡字第 884 號刑事判決是怎麼適用這條的？,MIXED
刑法第298條的構成要件有哪些？,LEGAL
刑法第184條所稱的行為是指什麼？,LEGAL
違反洗錢防制法等的法律要件是什麼？用真實案例解釋給我聽,MIXED
臺灣高雄地方法院 114 年度審原訴字第 78 號刑事裁定中法院的理由是什麼？,JUDGMENT
違反刑法第329條會受到什麼處罰？,LEGAL
刑法第107條有沒有未遂犯的處罰？,LEGAL
妨害自由在刑法上怎麼規定？從判決來看法院的認定標準是什麼？,MIXED
臺灣高等法院 115 年度上訴字第 2820 號刑事裁定這件案子可以上訴嗎？結果如何？,JUDGMENT
臺灣嘉義地方法院最近有哪些定應執行刑的判決？,JUDGMENT
臺灣屏東地方法院 115 年度聲字第 413 號刑事裁定這件案子可以上訴嗎？結果如何？,JUDGMENT
刑法第120條是告訴乃論嗎？實務上這類案件的判決情況如何？,MIXED
違反刑法第279條會受到什麼處罰？,LEGAL
臺灣桃園地方法院最近有哪些毒品危害防制條例等的判決？,JUDGMENT
刑法第129條的構成要件有哪些？,LEGAL
詐欺等在刑法上怎麼規定？從判決來看法院的認定標準是什麼？,MIXED
我想了解違反毒品危害防制條例的相關法條和實務判決，都幫我整理,MIXED
比較刑法第83條的文義和法院實務的解釋差異,MIXED
幫我解釋刑法第247條的每一項規定,LEGAL
臺灣臺南地方法院 115 年度訴字第 1853 號刑事判決的量刑考量是什麼？,JUDGMENT
刑法第247條的立法目的是什麼？,LEGAL
以臺灣新竹地方法院 115 年度交易字第 346 號刑事判決為例，說明瀆職罪的構成要件怎麼認定,MIXED
刑法第330條的構成要件有哪些？,LEGAL
臺灣桃園地方法院 114 年度訴字第 613 號刑事裁定中法院的理由是什麼？,JUDGMENT
偽造有價證券罪的處罰有多重？,LEGAL
法院在臺灣臺南地方法院 115 年度易字第 1495 號刑事判決採取了什麼見解？,JUDGMENT
刑法第34條適用時要注意什麼？,LEGAL
以臺灣臺北地方法院 115 年度金重訴字第 4 號刑事裁定為例，說明之二 易刑的構成要件怎麼認定,MIXED
刑法第299條的構成要件是什麼？臺灣臺南地方法院 115 年度簡字第 3707 號刑事判決是怎麼適用這條的？,MIXED
臺灣桃園地方法院 115 年度審訴字第 2476 號刑事裁定的判決結果是什麼？,JUDGMENT
刑法第188條的構成要件有哪些？,LEGAL
刑法第40條規定什麼？實務上像毒品危害防制條例等這種案件法院都怎麼判？,MIXED
贓物罪和其他財產犯罪怎麼區分？,LEGAL
刑法第125條的法定刑是多少？,LEGAL
妨害秩序罪怎麼構成？實務上有哪些判決可以佐證？,MIXED
刑法第43條有沒有未遂犯的處罰？,LEGAL
臺灣新北地方法院 115 年度撤緩字第 194 號刑事裁定的判決結果是什麼？,JUDGMENT
公共危險案件的判決先例有哪些？,JUDGMENT
觸犯刑法第96條會留下前科嗎？,LEGAL
刑法第256條和第187-3條有什麼差別？,LEGAL
比較刑法第208條的文義和法院實務的解釋差異,MIXED
關於假釋付保護管束，實務上法院通常怎麼判？,JUDGMENT
刑法第213條和第71條有什麼差別？,LEGAL
什麼情況下會成立刑法第311條的罪？,LEGAL
刑法第172-1條適用時要注意什麼？,LEGAL
臺灣臺南地方法院最近有哪些損害賠償的判決？,JUDGMENT
朋友涉嫌過失致死，相關法條規定和法院可能的判決結果是什麼？,MIXED
刑法裡「對於未滿十八歲之人，施以凌虐或以他法足以妨害」是什麼意思？,LEGAL
刑法第103條有沒有未遂犯的處罰？,LEGAL
偽造度量衡罪的法律規定為何？可以用臺灣高等法院 臺中分院 115 年度上易字第 266 號刑事判決當例子說明嗎？,MIXED
臺灣新北地方法院 115 年度審金訴字第 441 號刑事判決適用了哪些法條？這些條文的要件是什麼？,MIXED
刑法第187-3條規定什麼？實務上像毀損這種案件法院都怎麼判？,MIXED
解釋毀棄損壞罪的要件，並用實際判決說明法院怎麼認定,MIXED
刑法第332條適用時要注意什麼？,LEGAL
刑法第81條所稱的行為是指什麼？,LEGAL
以臺中高等行政法院 高等庭 115 年度簡上字第 19 號判決為例，說明恐嚇及擄人勒贖罪的構成要件怎麼認定,MIXED
臺灣南投地方法院 115 年度金訴字第 353 號刑事判決跟類似案件的判決有什麼不同？,JUDGMENT
我想了解違反槍砲彈藥刀械管制條例的相關法條和實務判決，都幫我整理,MIXED
臺灣臺南地方法院 115 年度訴字第 2453 號刑事判決的爭點是什麼？,JUDGMENT
臺灣高等法院 115 年度聲字第 2304 號刑事裁定這件案子的事實經過為何？,JUDGMENT
以臺灣新北地方法院 115 年度撤緩字第 194 號刑事裁定為例，說明數罪併罰的構成要件怎麼認定,MIXED
臺灣士林地方法院 115 年度易字第 128 號刑事判決適用了哪些法條？這些條文的要件是什麼？,MIXED
以臺灣新竹地方法院 115 年度交訴字第 55 號刑事判決為例，說明刑之酌科及加減的構成要件怎麼認定,MIXED
妨害投票罪的法律規定為何？可以用臺灣雲林地方法院 115 年度交附民字第 101 號刑事裁定當例子說明嗎？,MIXED
觸犯刑法第144條會留下前科嗎？,LEGAL
刑法第62條的要件是什麼？法院在具體個案中怎麼操作？,MIXED
刑法第227-1條的構成要件有哪些？,LEGAL
觸犯刑法第235條會留下前科嗎？,LEGAL
刑法第231條的要件是什麼？法院在具體個案中怎麼操作？,MIXED
傷害的法律要件是什麼？用真實案例解釋給我聽,MIXED
毒品危害防制條例在刑法上怎麼規定？從判決來看法院的認定標準是什麼？,MIXED
賭博罪的條文規定和實務判決見解有沒有落差？,MIXED
妨害名譽及信用罪的法律規定為何？可以用臺灣臺北地方法院 115 年度簡字第 2160 號刑事判決當例子說明嗎？,MIXED
臺灣新竹地方法院 114 年度易字第 1572 號刑事判決中法院的理由是什麼？,JUDGMENT
臺灣嘉義地方法院 115 年度易字第 465 號刑事判決的爭點是什麼？,JUDGMENT
加重詐欺等案件的判決先例有哪些？,JUDGMENT
比較刑法第179條的文義和法院實務的解釋差異,MIXED
比較刑法第80條的文義和法院實務的解釋差異,MIXED
刑法第328條的內容是什麼？可以解釋一下嗎？,LEGAL
臺灣桃園地方法院 115 年度桃簡字第 1290 號刑事判決適用了哪些法條？這些條文的要件是什麼？,MIXED
臺灣桃園地方法院 115 年度聲字第 2033 號刑事裁定這件案子可以上訴嗎？結果如何？,JUDGMENT
臺灣南投地方法院 115 年度埔原簡字第 31 號刑事判決裡被告的答辯是什麼？,JUDGMENT
幫我摘要臺灣臺中地方法院 113 年度簡上附民移簡字第 19 號民事判決,JUDGMENT
洗錢防制法的法律要件是什麼？用真實案例解釋給我聽,MIXED
有沒有加重詐欺等被判無罪或駁回的案例？,JUDGMENT
法院在臺灣士林地方法院 115 年度附民緝字第 33 號刑事判決採取了什麼見解？,JUDGMENT
聲請法官迴避會觸犯哪些刑法條文？法院實務見解如何？,MIXED
關於定應執行刑，實務上法院通常怎麼判？,JUDGMENT
解釋一下臺灣桃園地方法院 115 年度審訴字第 2052 號民事裁定在講什麼,JUDGMENT
臺灣新北地方法院 115 年度訴字第 752 號民事判決適用了哪些法條？這些條文的要件是什麼？,MIXED
刑法第191條適用時要注意什麼？,LEGAL
幫我解釋刑法第55條的每一項規定,LEGAL
聲請定應執行之刑會觸犯哪些刑法條文？法院實務見解如何？,MIXED
臺灣高等法院 臺中分院 115 年度抗字第 496 號刑事裁定這件案子的事實經過為何？,JUDGMENT
臺灣屏東地方法院 115 年度聲字第 469 號刑事裁定中法院的理由是什麼？,JUDGMENT
違反刑法第151條會受到什麼處罰？,LEGAL
臺灣高等法院 臺中分院 115 年度金上訴字第 477 號刑事裁定中法院的理由是什麼？,JUDGMENT
臺灣臺南地方法院 115 年度易字第 1494 號刑事判決的量刑考量是什麼？,JUDGMENT
什麼情況下會成立刑法第196條的罪？,LEGAL
幫我摘要臺灣臺東地方法院 115 年度聲保字第 33 號刑事裁定,JUDGMENT
聲請單獨宣告沒收違禁物會觸犯哪些刑法條文？法院實務見解如何？,MIXED
刑法第190條所稱的行為是指什麼？,LEGAL
竊盜的案件量刑大概多重？,JUDGMENT
比較刑法第339-3條的文義和法院實務的解釋差異,MIXED
臺灣高等法院 臺中分院 115 年度金上訴字第 902 號刑事判決這件案子的事實經過為何？,JUDGMENT
以臺灣高等法院 臺南分院 115 年度聲保字第 697 號刑事裁定為例，說明外患罪的構成要件怎麼認定,MIXED
刑法第52條的法定刑是多少？,LEGAL
刑法第298條的法定刑是多少？,LEGAL
臺灣臺北地方法院處理聲請具保停止羈押案件的立場是什麼？,JUDGMENT
臺灣臺中地方法院 115 年度審金訴字第 53 號刑事裁定的主文內容是什麼？,JUDGMENT
臺灣彰化地方法院 115 年度金訴字第 655 號刑事裁定裡被告的答辯是什麼？,JUDGMENT
違反刑法第193條會受到什麼處罰？,LEGAL
刑法第302-1條的要件是什麼？法院在具體個案中怎麼操作？,MIXED
有沒有詐欺等被判無罪或駁回的案例？,JUDGMENT
有沒有家庭暴力之傷害等被判無罪或駁回的案例？,JUDGMENT
找幾件定其應執行刑的判決給我參考,JUDGMENT
臺灣高等法院最近有哪些詐欺的判決？,JUDGMENT
幫我摘要臺灣南投地方法院 115 年度毒聲字第 134 號刑事裁定,JUDGMENT
比較刑法第310條的文義和法院實務的解釋差異,MIXED
刑法第172條的要件是什麼？法院在具體個案中怎麼操作？,MIXED
內亂罪和其他財產犯罪怎麼區分？,LEGAL
臺灣南投地方法院 115 年度聲字第 326 號刑事裁定裡被告的答辯是什麼？,JUDGMENT
刑法第251條的追訴權時效是多久？,LEGAL
刑法第328條是告訴乃論嗎？實務上這類案件的判決情況如何？,MIXED
臺灣士林地方法院 115 年度聲字第 692 號刑事裁定的爭點是什麼？,JUDGMENT
刑法裡「意圖使未滿十六歲之男女與他人為性交或猥褻之行」是什麼意思？,LEGAL
我想了解假釋付保護管束的相關法條和實務判決，都幫我整理,MIXED
臺灣臺北地方法院 115 年度訴字第 464 號刑事判決的量刑考量是什麼？,JUDGMENT
解釋一下臺灣桃園地方法院 115 年度訴字第 872 號民事判決在講什麼,JUDGMENT
刑法第45條的構成要件是什麼？臺灣桃園地方法院 115 年度壢簡字第 400 號刑事判決是怎麼適用這條的？,MIXED
解釋刑的要件，並用實際判決說明法院怎麼認定,MIXED
刑法第161-1條的行為主體有什麼限制？,LEGAL
臺灣高等法院關於聲請定其應執行刑的案件都怎麼判？,JUDGMENT
關於妨害自由，實務上法院通常怎麼判？,JUDGMENT
臺灣屏東地方法院 115 年度交簡字第 839 號刑事判決的主文內容是什麼？,JUDGMENT
刑法第342條規定什麼？實務上像假釋付保護管束這種案件法院都怎麼判？,MIXED
刑法第158條的構成要件是什麼？臺灣花蓮地方法院 114 年度花簡字第 238 號刑事裁定是怎麼適用這條的？,MIXED
最高法院 115 年度台上字第 3054 號刑事判決這件案子的事實經過為何？,JUDGMENT
刑法第302條規定什麼？實務上像毒品危害防制條例這種案件法院都怎麼判？,MIXED
臺灣南投地方法院 115 年度聲字第 129 號刑事裁定裡被告的答辯是什麼？,JUDGMENT
違反毒品危害防制條例的法律要件是什麼？用真實案例解釋給我聽,MIXED
臺灣嘉義地方法院 115 年度嘉簡字第 660 號刑事判決裡被告的答辯是什麼？,JUDGMENT
法院在臺灣臺北地方法院 115 年度附民字第 93 號刑事判決採取了什麼見解？,JUDGMENT
刑法第61條的構成要件有哪些？,LEGAL
藏匿人犯及湮滅證據罪的條文規定和實務判決見解有沒有落差？,MIXED
臺灣桃園地方法院 115 年度壢簡字第 1102 號刑事判決裡被告的答辯是什麼？,JUDGMENT
之二 易刑和其他財產犯罪怎麼區分？,LEGAL
刑法第40條是告訴乃論嗎？實務上這類案件的判決情況如何？,MIXED
妨害秩序罪的法律規定為何？可以用臺灣高雄地方法院 115 年度審訴字第 72 號刑事裁定當例子說明嗎？,MIXED
妨害性自主罪的成立要件是什麼？,LEGAL
妨害秘密罪的法律規定為何？可以用臺灣高等法院 臺南分院 115 年度聲保字第 693 號刑事裁定當例子說明嗎？,MIXED
臺灣臺南地方法院 115 年度原交簡字第 74 號刑事判決裡被告的答辯是什麼？,JUDGMENT
刑法第172-1條的要件是什麼？法院在具體個案中怎麼操作？,MIXED
刑法第176條是告訴乃論嗎？,LEGAL
刑法第111條的構成要件有哪些？,LEGAL
臺灣臺南地方法院 115 年度易字第 1132 號刑事判決這件案子的事實經過為何？,JUDGMENT
刑法第118條的構成要件是什麼？臺灣臺南地方法院 115 年度簡字第 3675 號刑事判決是怎麼適用這條的？,MIXED
刑法關於妨害投票罪的規定可以整理給我嗎？,LEGAL
臺灣橋頭地方法院 115 年度簡字第 1293 號刑事判決的量刑考量是什麼？,JUDGMENT
公共危險等會觸犯哪些刑法條文？法院實務見解如何？,MIXED
刑法第334條有沒有未遂犯的處罰？,LEGAL
刑法第160條的要件是什麼？法院在具體個案中怎麼操作？,MIXED
妨害投票罪的條文規定和實務判決見解有沒有落差？,MIXED
刑法第185條的法定刑是多少？,LEGAL
臺灣臺南地方法院 115 年度原交簡字第 73 號刑事判決這件案子可以上訴嗎？結果如何？,JUDGMENT
毀棄損壞等案件中法院怎麼認定事實？,JUDGMENT
解釋一下臺灣高等法院 臺中分院 115 年度抗字第 475 號刑事裁定在講什麼,JUDGMENT
臺灣雲林地方法院 115 年度簡字第 132 號刑事判決的判決結果是什麼？,JUDGMENT
殺人未遂等的法律要件是什麼？用真實案例解釋給我聽,MIXED
比較刑法第15條的文義和法院實務的解釋差異,MIXED
臺灣高等法院 臺中分院 115 年度金上訴字第 1501 號刑事判決的主文內容是什麼？,JUDGMENT
違反刑法第31條會受到什麼處罰？,LEGAL
刑法第38-2條的要件是什麼？法院在具體個案中怎麼操作？,MIXED
臺灣高等法院 臺中分院 115 年度聲字第 1058 號刑事裁定適用了哪些法條？這些條文的要件是什麼？,MIXED
外患罪的法律規定為何？可以用臺灣高等法院 臺中分院 115 年度科控字第 6 號刑事裁定當例子說明嗎？,MIXED
我想了解聲明異議的相關法條和實務判決，都幫我整理,MIXED
朋友涉嫌聲請定應執行之刑，相關法條規定和法院可能的判決結果是什麼？,MIXED
刑法第60條是告訴乃論嗎？實務上這類案件的判決情況如何？,MIXED
我想了解竊佔的相關法條和實務判決，都幫我整理,MIXED
關於妨害風化，實務上法院通常怎麼判？,JUDGMENT
刑法第32條的內容是什麼？可以解釋一下嗎？,LEGAL
臺灣高等法院處理損害賠償案件的立場是什麼？,JUDGMENT
臺灣新北地方法院 115 年度聲字第 1450 號刑事裁定適用了哪些法條？這些條文的要件是什麼？,MIXED
違反洗錢防制法等案件中法院怎麼認定事實？,JUDGMENT
刑法第276條的構成要件是什麼？臺灣臺南地方法院 115 年度簡字第 3265 號刑事判決是怎麼適用這條的？,MIXED
幫我摘要臺灣臺中地方法院 115 年度交易字第 136 號刑事判決,JUDGMENT
臺灣橋頭地方法院最近有哪些詐欺的判決？,JUDGMENT
傷害會觸犯哪些刑法條文？法院實務見解如何？,MIXED
聲請沒收案件中法院怎麼認定事實？,JUDGMENT
刑法第349條的內容是什麼？可以解釋一下嗎？,LEGAL
刑事責任的成立要件是什麼？,LEGAL
侵占罪的處罰有多重？,LEGAL
刑法第33條是告訴乃論嗎？,LEGAL
臺灣高等法院 臺中分院 115 年度金上訴字第 1050 號刑事判決適用了哪些法條？這些條文的要件是什麼？,MIXED
解釋之一 妨害司法公正罪的要件，並用實際判決說明法院怎麼認定,MIXED
刑法第338條規定了什麼？,LEGAL
臺灣臺北地方法院 115 年度交易字第 221 號刑事判決這件案子的事實經過為何？,JUDGMENT
「散布流言或以詐術損害他人之信用者，處二年以下」這是刑法哪一條的規定？,LEGAL
臺灣士林地方法院 115 年度單禁沒字第 270 號刑事裁定的主文內容是什麼？,JUDGMENT
臺中高等行政法院 高等庭 115 年度簡上字第 19 號判決的爭點是什麼？,JUDGMENT
臺灣高等法院處理洗錢防制法等案件的立場是什麼？,JUDGMENT
內亂罪的處罰有多重？,LEGAL
臺灣臺南地方法院 115 年度聲字第 1344 號刑事裁定這件案子可以上訴嗎？結果如何？,JUDGMENT
妨害國交罪怎麼構成？實務上有哪些判決可以佐證？,MIXED
刑法第23條所稱的行為是指什麼？,LEGAL
刑法第229-1條有沒有未遂犯的處罰？,LEGAL
刑法第233條的內容是什麼？可以解釋一下嗎？,LEGAL
找幾件傷害等的判決給我參考,JUDGMENT
臺灣苗栗地方法院 115 年度金訴字第 295 號刑事判決跟類似案件的判決有什麼不同？,JUDGMENT
刑法第121條適用時要注意什麼？,LEGAL
幫我摘要臺灣高等法院 115 年度抗字第 1327 號刑事裁定,JUDGMENT
正犯與共犯的法律規定為何？可以用臺灣桃園地方法院 115 年度桃簡字第 181 號刑事判決當例子說明嗎？,MIXED
刑法第266條的構成要件是什麼？臺灣臺南地方法院 115 年度聲字第 1448 號刑事裁定是怎麼適用這條的？,MIXED
以臺灣士林地方法院 115 年度審簡字第 431 號刑事判決為例，說明公共危險罪的構成要件怎麼認定,MIXED
關於詐欺等，實務上法院通常怎麼判？,JUDGMENT
褻瀆祀典及侵害墳墓屍體罪和其他財產犯罪怎麼區分？,LEGAL
刑法第127條的法定刑是多少？,LEGAL
刑法第214條的構成要件有哪些？,LEGAL
臺灣高等法院 臺中分院 115 年度金上訴字第 974 號刑事判決的量刑考量是什麼？,JUDGMENT
刑法第300條的法定刑是多少？,LEGAL
刑法第317條的要件是什麼？法院在具體個案中怎麼操作？,MIXED
找幾件撤銷緩刑的判決給我參考,JUDGMENT
刑法第1條的追訴權時效是多久？,LEGAL
刑法第285條規定了什麼？,LEGAL
臺灣桃園地方法院最近有哪些撤銷緩刑的判決？,JUDGMENT
刑法第296-1條的法定刑是多少？,LEGAL
臺灣桃園地方法院最近有哪些毀損的判決？,JUDGMENT
毒品危害防制條例等在刑法上怎麼規定？從判決來看法院的認定標準是什麼？,MIXED
幫我摘要臺灣南投地方法院 115 年度埔交簡字第 100 號刑事判決,JUDGMENT
刑法第23條的要件是什麼？法院在具體個案中怎麼操作？,MIXED
刑法第216條的構成要件有哪些？,LEGAL
以臺灣苗栗地方法院 115 年度苗簡字第 389 號刑事判決為例，說明藏匿人犯及湮滅證據罪的構成要件怎麼認定,MIXED
我想了解組織犯罪防制條例等的相關法條和實務判決，都幫我整理,MIXED
臺灣高等法院 114 年度上訴字第 4562 號刑事裁定適用了哪些法條？這些條文的要件是什麼？,MIXED
定應執行刑案件中法院怎麼認定事實？,JUDGMENT
刑法第235條適用時要注意什麼？,LEGAL
違反刑法第232條會受到什麼處罰？,LEGAL
毀棄損壞罪的處罰有多重？,LEGAL
臺灣士林地方法院 115 年度聲字第 931 號刑事裁定裡被告的答辯是什麼？,JUDGMENT
刑法第309條規定了什麼？,LEGAL
刑法第253條是告訴乃論嗎？,LEGAL
刑法第84條有沒有未遂犯的處罰？,LEGAL
偽造貨幣罪和其他財產犯罪怎麼區分？,LEGAL
以臺灣高等法院 臺中分院 115 年度聲字第 1058 號刑事裁定為例，說明偽造貨幣罪的構成要件怎麼認定,MIXED
刑法第167條的行為主體有什麼限制？,LEGAL
沒入保證金的案件量刑大概多重？,JUDGMENT
之一 妨害司法公正罪的條文規定和實務判決見解有沒有落差？,MIXED
詐欺背信及重利罪的條文規定和實務判決見解有沒有落差？,MIXED
妨害公務罪的法律規定為何？可以用臺灣屏東地方法院 115 年度訴字第 307 號民事判決當例子說明嗎？,MIXED
解釋偽造文書印文罪的要件，並用實際判決說明法院怎麼認定,MIXED
竊佔適用的法條是什麼？有判決先例可以參考嗎？,MIXED
詐欺等的法律要件是什麼？用真實案例解釋給我聽,MIXED
臺灣高等法院 115 年度聲保字第 1023 號刑事裁定適用了哪些法條？這些條文的要件是什麼？,MIXED
「拘役加減者，僅加減其最高度」這是刑法哪一條的規定？,LEGAL
臺灣臺南地方法院關於詐欺等的案件都怎麼判？,JUDGMENT
刑法第282條規定了什麼？,LEGAL
賭博罪怎麼構成？實務上有哪些判決可以佐證？,MIXED
鴉片罪規定在刑法哪些條文？,LEGAL
刑法第11條適用時要注意什麼？,LEGAL
什麼情況下會成立刑法第275條的罪？,LEGAL
刑法第35條適用時要注意什麼？,LEGAL
有沒有停止執行被判無罪或駁回的案例？,JUDGMENT
刑法第339-3條是告訴乃論嗎？實務上這類案件的判決情況如何？,MIXED
詐欺的案件量刑大概多重？,JUDGMENT
確認通行權不存在等案件中法院怎麼認定事實？,JUDGMENT
比較刑法第169條的文義和法院實務的解釋差異,MIXED
刑法第185條是告訴乃論嗎？,LEGAL
我想了解過失傷害的相關法條和實務判決，都幫我整理,MIXED
什麼情況下會成立刑法第262條的罪？,LEGAL
刑法第308條的法定刑是多少？,LEGAL
刑法第106條適用時要注意什麼？,LEGAL
殺人罪規定在刑法哪些條文？,LEGAL
幫我摘要臺灣臺北地方法院 114 年度審原訴字第 231 號刑事判決,JUDGMENT
刑法第168條的追訴權時效是多久？,LEGAL
正犯與共犯和其他財產犯罪怎麼區分？,LEGAL
臺灣高等法院 臺中分院 115 年度聲字第 1190 號刑事裁定中法院的理由是什麼？,JUDGMENT
臺灣新竹地方法院 115 年度訴字第 912 號刑事判決的爭點是什麼？,JUDGMENT
臺灣臺中地方法院 113 年度簡上附民移簡字第 19 號民事判決適用了哪些法條？這些條文的要件是什麼？,MIXED
臺灣屏東地方法院 115 年度聲字第 744 號刑事裁定中法院的理由是什麼？,JUDGMENT
臺灣桃園地方法院 115 年度聲字第 1972 號刑事裁定這件案子可以上訴嗎？結果如何？,JUDGMENT
初犯刑法第147條會被關嗎？可以易科罰金嗎？,LEGAL
延長監護的案件量刑大概多重？,JUDGMENT
損害賠償(交通)的案件量刑大概多重？,JUDGMENT
刑法第59條的要件是什麼？法院在具體個案中怎麼操作？,MIXED
有沒有請求賠償損害被判無罪或駁回的案例？,JUDGMENT
刑法第93條的法定刑是多少？,LEGAL
鴉片罪的法律規定為何？可以用臺灣新竹地方法院 115 年度竹交簡字第 130 號刑事判決當例子說明嗎？,MIXED
初犯刑法第61條會被關嗎？可以易科罰金嗎？,LEGAL
幫我摘要臺灣桃園地方法院 115 年度聲字第 2254 號刑事裁定,JUDGMENT
刑法第294-1條的立法目的是什麼？,LEGAL
臺灣臺北地方法院 114 年度審訴字第 707 號刑事裁定這件案子的事實經過為何？,JUDGMENT
刑法第103條是告訴乃論嗎？實務上這類案件的判決情況如何？,MIXED
臺灣雲林地方法院 115 年度交附民字第 17 號刑事判決的判決結果是什麼？,JUDGMENT
臺灣桃園地方法院 115 年度壢交簡字第 142 號刑事判決的判決結果是什麼？,JUDGMENT
刑法第272條的構成要件是什麼？臺灣高等法院 臺中分院 115 年度金上訴字第 477 號刑事裁定是怎麼適用這條的？,MIXED
法院在臺灣臺中地方法院 115 年度審易字第 961 號刑事裁定採取了什麼見解？,JUDGMENT
刑法第38-2條規定什麼？實務上像家暴妨害自由這種案件法院都怎麼判？,MIXED
法院在臺灣高等法院 臺南分院 115 年度上訴字第 1385 號刑事裁定採取了什麼見解？,JUDGMENT
臺灣高等法院處理聲請撤銷緩刑案件的立場是什麼？,JUDGMENT
臺灣高等法院最近有哪些假釋付保護管束的判決？,JUDGMENT
臺灣士林地方法院關於定應執行刑的案件都怎麼判？,JUDGMENT
肇事逃逸罪在刑法上怎麼規定？從判決來看法院的認定標準是什麼？,MIXED
刑法第265條規定什麼？實務上像聲請具保停止羈押這種案件法院都怎麼判？,MIXED
刑法第96條的行為主體有什麼限制？,LEGAL
刑法關於之一  妨害風化罪的規定可以整理給我嗎？,LEGAL
我想了解家庭暴力防治法之傷害的相關法條和實務判決，都幫我整理,MIXED
觸犯刑法第344-1條會留下前科嗎？,LEGAL
刑法第316條的要件是什麼？法院在具體個案中怎麼操作？,MIXED
刑法第82條是告訴乃論嗎？,LEGAL
比較刑法第324條的文義和法院實務的解釋差異,MIXED
幫我摘要臺灣臺南地方法院 115 年度易字第 1495 號刑事判決,JUDGMENT
侵權行為損害賠償的法律要件是什麼？用真實案例解釋給我聽,MIXED
以臺灣屏東地方法院 115 年度訴字第 307 號民事判決為例，說明妨害電腦使用罪的構成要件怎麼認定,MIXED
臺灣新北地方法院 115 年度聲字第 1900 號刑事裁定中法院的理由是什麼？,JUDGMENT
刑法第186條的法定刑是多少？,LEGAL
解釋一下臺灣高等法院 臺中分院 115 年度金上訴字第 1099 號刑事裁定在講什麼,JUDGMENT
定應執行刑在刑法上怎麼規定？從判決來看法院的認定標準是什麼？,MIXED
觸犯刑法第190條會留下前科嗎？,LEGAL
刑法第212條的構成要件是什麼？臺灣臺南地方法院 115 年度簡字第 3068 號刑事判決是怎麼適用這條的？,MIXED
臺灣高等法院 臺南分院 115 年度聲保字第 695 號刑事裁定這件案子的事實經過為何？,JUDGMENT
刑法第98條有沒有未遂犯的處罰？,LEGAL
刑事責任怎麼構成？實務上有哪些判決可以佐證？,MIXED
刑法第166條的構成要件是什麼？臺灣桃園地方法院 115 年度壢簡字第 556 號刑事裁定是怎麼適用這條的？,MIXED
妨害性自主罪的處罰有多重？,LEGAL
我想了解宣告沒收的相關法條和實務判決，都幫我整理,MIXED
幫我解釋刑法第193條的每一項規定,LEGAL
臺灣高等法院 高雄分院 115 年度聲保字第 378 號刑事裁定的量刑考量是什麼？,JUDGMENT
「放逸核能、放射線，致生公共危險者，處五年以下」這是刑法哪一條的規定？,LEGAL
解釋一下臺灣高等法院 臺中分院 115 年度聲字第 1064 號刑事裁定在講什麼,JUDGMENT
比較刑法第344-1條的文義和法院實務的解釋差異,MIXED
刑法關於外患罪的規定可以整理給我嗎？,LEGAL
臺灣南投地方法院 115 年度易字第 278 號刑事判決的判決結果是什麼？,JUDGMENT
臺灣花蓮地方法院 114 年度原金訴字第 161 號刑事裁定這件案子可以上訴嗎？結果如何？,JUDGMENT
幫我摘要臺灣南投地方法院 115 年度易字第 281 號刑事判決,JUDGMENT
臺灣新北地方法院 115 年度聲字第 2637 號刑事裁定的量刑考量是什麼？,JUDGMENT
刑法第202條是告訴乃論嗎？實務上這類案件的判決情況如何？,MIXED
觸犯刑法第313條會留下前科嗎？,LEGAL
臺灣雲林地方法院 114 年度訴字第 951 號刑事裁定跟類似案件的判決有什麼不同？,JUDGMENT
刑法第225條的追訴權時效是多久？,LEGAL
臺灣高等法院 臺中分院 115 年度上訴字第 279 號刑事判決跟類似案件的判決有什麼不同？,JUDGMENT
臺灣臺中地方法院 115 年度審金訴字第 1341 號刑事裁定跟類似案件的判決有什麼不同？,JUDGMENT
刑法第6條規定什麼？實務上像詐欺等這種案件法院都怎麼判？,MIXED
臺灣高等法院 臺中分院 115 年度聲字第 1269 號刑事裁定的判決結果是什麼？,JUDGMENT
誹謗在刑法上怎麼規定？從判決來看法院的認定標準是什麼？,MIXED
刑法第321條的構成要件是什麼？臺灣高等法院 115 年度金上重更一字第 1 號刑事裁定是怎麼適用這條的？,MIXED
比較刑法第106條的文義和法院實務的解釋差異,MIXED
臺灣臺中地方法院處理毀棄損壞案件的立場是什麼？,JUDGMENT
刑法第179條規定什麼？實務上像聲請定其應執行刑這種案件法院都怎麼判？,MIXED
臺灣高等法院 115 年度上易字第 715 號刑事判決這件案子可以上訴嗎？結果如何？,JUDGMENT
臺灣臺南地方法院 115 年度簡字第 3255 號刑事判決的主文內容是什麼？,JUDGMENT
刑法第189-1條的法定刑是多少？,LEGAL
刑法第186條的行為主體有什麼限制？,LEGAL
臺灣高等法院 高雄分院 115 年度聲字第 584 號刑事裁定跟類似案件的判決有什麼不同？,JUDGMENT
刑法第112條是告訴乃論嗎？,LEGAL
臺灣臺中地方法院 115 年度審原簡字第 32 號刑事判決的量刑考量是什麼？,JUDGMENT
刑法第241條的要件是什麼？法院在具體個案中怎麼操作？,MIXED
解釋一下臺灣士林地方法院 115 年度原訴字第 31 號刑事裁定在講什麼,JUDGMENT
臺灣新竹地方法院最近有哪些洗錢防制法等的判決？,JUDGMENT
刑事責任的法律規定為何？可以用臺灣彰化地方法院 115 年度訴字第 1483 號刑事裁定當例子說明嗎？,MIXED
臺灣臺中地方法院 115 年度國審聲字第 8 號刑事裁定適用了哪些法條？這些條文的要件是什麼？,MIXED
違反刑法第206條會受到什麼處罰？,LEGAL
臺灣臺東地方法院 115 年度聲保字第 33 號刑事裁定適用了哪些法條？這些條文的要件是什麼？,MIXED
刑法第307條的內容是什麼？可以解釋一下嗎？,LEGAL
刑法第81條的構成要件是什麼？臺灣高等法院 115 年度抗字第 819 號刑事裁定是怎麼適用這條的？,MIXED
刑法第67條是告訴乃論嗎？實務上這類案件的判決情況如何？,MIXED
幫我摘要臺灣桃園地方法院 115 年度壢交簡字第 398 號刑事判決,JUDGMENT
幫我解釋刑法第134條的每一項規定,LEGAL
傷害在刑法上怎麼規定？從判決來看法院的認定標準是什麼？,MIXED
刑法第233條的要件是什麼？法院在具體個案中怎麼操作？,MIXED
刑法第270條規定什麼？實務上像竊盜這種案件法院都怎麼判？,MIXED
刑法第131條是告訴乃論嗎？,LEGAL
臺灣高等法院 臺南分院 115 年度聲字第 633 號刑事裁定的量刑考量是什麼？,JUDGMENT
侵占適用的法條是什麼？有判決先例可以參考嗎？,MIXED
臺灣嘉義地方法院 115 年度嘉交簡字第 511 號刑事判決中法院的理由是什麼？,JUDGMENT
觸犯刑法第102條會留下前科嗎？,LEGAL
刑法第239條的構成要件有哪些？,LEGAL
刑法第187-3條的構成要件是什麼？臺灣高雄地方法院 115 年度審易字第 1237 號刑事裁定是怎麼適用這條的？,MIXED
「意圖欺騙他人，而就商品之原產國或品質，為虛偽」這是刑法哪一條的規定？,LEGAL
刑法第71條規定了什麼？,LEGAL
有沒有定應執行之刑被判無罪或駁回的案例？,JUDGMENT
公共危險的法律要件是什麼？用真實案例解釋給我聽,MIXED
初犯刑法第322條會被關嗎？可以易科罰金嗎？,LEGAL
刑法第6條的法定刑是多少？,LEGAL
刑法第20條所稱的行為是指什麼？,LEGAL
朋友涉嫌過失致死等，相關法條規定和法院可能的判決結果是什麼？,MIXED
臺灣新竹地方法院 114 年度金訴緝字第 31 號刑事判決的主文內容是什麼？,JUDGMENT
臺灣臺北地方法院 115 年度審簡字第 1597 號刑事判決適用了哪些法條？這些條文的要件是什麼？,MIXED
偽證及誣告罪的法定刑是多少？實務上法院實際都判多重？,MIXED
這份判決書在說什麼？幫我整理重點,JUDGMENT
褻瀆祀典及侵害墳墓屍體罪的法律規定為何？可以用臺灣新竹地方法院 115 年度簡上字第 2 號刑事裁定當例子說明嗎？,MIXED
比較刑法第84條的文義和法院實務的解釋差異,MIXED
臺灣士林地方法院 115 年度訴字第 179 號刑事判決裡被告的答辯是什麼？,JUDGMENT
臺灣高等法院處理過失致死案件的立場是什麼？,JUDGMENT
假釋中交付保護管束案件中法院怎麼認定事實？,JUDGMENT
法院在臺灣高等法院 臺中分院 115 年度金上訴字第 1342 號刑事判決採取了什麼見解？,JUDGMENT
比較刑法第129條的文義和法院實務的解釋差異,MIXED
以臺灣屏東地方法院 115 年度聲字第 170 號刑事裁定為例，說明外患罪的構成要件怎麼認定,MIXED
刑法第185-2條的構成要件是什麼？臺灣高等法院 臺中分院 115 年度上訴字第 386 號刑事裁定是怎麼適用這條的？,MIXED
刑法第352條規定了什麼？,LEGAL
刑法第231條的內容是什麼？可以解釋一下嗎？,LEGAL
幫我摘要臺灣臺南地方法院 115 年度簡字第 1574 號刑事判決,JUDGMENT
竊盜的法律要件是什麼？用真實案例解釋給我聽,MIXED
刑法第5條的構成要件是什麼？臺灣桃園地方法院 115 年度桃簡字第 531 號刑事判決是怎麼適用這條的？,MIXED
違反刑法第117條會受到什麼處罰？,LEGAL
什麼情況下會成立刑法第37-2條的罪？,LEGAL
解釋一下臺灣桃園地方法院 115 年度壢交簡字第 62 號刑事判決在講什麼,JUDGMENT
解釋一下臺灣臺南地方法院 115 年度簡字第 3675 號刑事判決在講什麼,JUDGMENT
刑法第247條規定什麼？實務上像組織犯罪防制條例等這種案件法院都怎麼判？,MIXED
違反刑法第38-2條會受到什麼處罰？,LEGAL
刑法第334-1條的內容是什麼？可以解釋一下嗎？,LEGAL
刑法第256條規定了什麼？,LEGAL
刑法第71條的追訴權時效是多久？,LEGAL
幫我解釋刑法第213條的每一項規定,LEGAL
妨害性自主罪怎麼構成？實務上有哪些判決可以佐證？,MIXED
臺灣臺中地方法院關於聲請定應執行之刑的案件都怎麼判？,JUDGMENT
賭博在刑法上怎麼規定？從判決來看法院的認定標準是什麼？,MIXED
幫我解釋刑法第35條的每一項規定,LEGAL
業務侵占的法律要件是什麼？用真實案例解釋給我聽,MIXED
臺灣彰化地方法院 115 年度家繼訴字第 15 號民事判決適用了哪些法條？這些條文的要件是什麼？,MIXED
刑法第226條的立法目的是什麼？,LEGAL
違反刑法第251條會受到什麼處罰？,LEGAL
解釋一下臺灣臺南地方法院 115 年度簡字第 3707 號刑事判決在講什麼,JUDGMENT
以臺灣高等法院 115 年度附民字第 956 號刑事判決為例，說明公共危險罪的構成要件怎麼認定,MIXED
刑之酌科及加減的法律規定為何？可以用臺灣臺南地方法院 115 年度聲保字第 154 號刑事裁定當例子說明嗎？,MIXED
刑法第359條規定什麼？實務上像定其應執行刑這種案件法院都怎麼判？,MIXED
幫我摘要臺灣桃園地方法院 115 年度矚重訴緝字第 1 號刑事判決,JUDGMENT
臺灣高等法院關於詐欺等的案件都怎麼判？,JUDGMENT
刑法關於詐欺背信及重利罪的規定可以整理給我嗎？,LEGAL
之一  妨害風化罪的成立要件是什麼？,LEGAL
詐欺等案件中法院怎麼認定事實？,JUDGMENT
臺灣高等法院處理聲請定其應執行刑案件的立場是什麼？,JUDGMENT
找幾件賭博的判決給我參考,JUDGMENT
刑法第125條規定什麼？實務上像聲請具保停止羈押這種案件法院都怎麼判？,MIXED
刑法第172-1條的追訴權時效是多久？,LEGAL
臺灣臺中地方法院 115 年度審金訴字第 53 號刑事裁定這件案子的事實經過為何？,JUDGMENT
臺灣桃園地方法院 115 年度訴字第 652 號刑事裁定適用了哪些法條？這些條文的要件是什麼？,MIXED
刑法第289條是告訴乃論嗎？實務上這類案件的判決情況如何？,MIXED
有沒有不服具保停止羈押等被判無罪或駁回的案例？,JUDGMENT
刑法第233條的構成要件有哪些？,LEGAL
臺灣士林地方法院最近有哪些毀棄損壞的判決？,JUDGMENT
關於違反毒品危害防制條例，實務上法院通常怎麼判？,JUDGMENT
刑之酌科及加減的成立要件是什麼？,LEGAL
假釋付保護管束的法律要件是什麼？用真實案例解釋給我聽,MIXED
竊盜案件的判決先例有哪些？,JUDGMENT
刑法第113條規定什麼？實務上像詐欺等這種案件法院都怎麼判？,MIXED
刑法第4條的行為主體有什麼限制？,LEGAL
刑法裡「公然侮辱人者，處拘役或九千元以下罰金」是什麼意思？,LEGAL
法院在臺灣臺北地方法院 115 年度簡字第 1710 號刑事判決採取了什麼見解？,JUDGMENT
刑法第230條的構成要件是什麼？臺灣苗栗地方法院 115 年度訴字第 275 號刑事判決是怎麼適用這條的？,MIXED
刑法第251條規定什麼？實務上像毒品危害防制條例等這種案件法院都怎麼判？,MIXED
有沒有假釋付保護管束被判無罪或駁回的案例？,JUDGMENT
刑法第209條的構成要件是什麼？臺灣高等法院 113 年度上訴字第 2446 號刑事裁定是怎麼適用這條的？,MIXED
刑法第189-1條是告訴乃論嗎？,LEGAL
解釋一下臺灣桃園地方法院 115 年度壢交簡字第 398 號刑事判決在講什麼,JUDGMENT
法例的法律規定為何？可以用臺灣桃園地方法院 115 年度交易字第 234 號刑事判決當例子說明嗎？,MIXED
幫我解釋刑法第319-6條的每一項規定,LEGAL
臺灣雲林地方法院處理聲請定其應執行刑案件的立場是什麼？,JUDGMENT
違反毒品危害防制條例會觸犯哪些刑法條文？法院實務見解如何？,MIXED
臺灣桃園地方法院 115 年度桃交簡字第 757 號刑事判決的主文內容是什麼？,JUDGMENT
重利適用的法條是什麼？有判決先例可以參考嗎？,MIXED
什麼情況下會成立刑法第187-3條的罪？,LEGAL
法院在福建金門地方法院 115 年度易字第 13 號刑事裁定採取了什麼見解？,JUDGMENT
幫我解釋刑法第317條的每一項規定,LEGAL
關於證券交易法等，實務上法院通常怎麼判？,JUDGMENT
臺灣嘉義地方法院最近有哪些傷害的判決？,JUDGMENT
刑法第307條的要件是什麼？法院在具體個案中怎麼操作？,MIXED
以臺灣臺北地方法院 115 年度附民字第 93 號刑事判決為例，說明外患罪的構成要件怎麼認定,MIXED
以臺灣新北地方法院 115 年度審簡字第 1007 號刑事判決為例，說明數罪併罰的構成要件怎麼認定,MIXED
關於傷害等，實務上法院通常怎麼判？,JUDGMENT
刑法第153條的構成要件是什麼？臺灣臺南地方法院 115 年度聲字第 1478 號刑事裁定是怎麼適用這條的？,MIXED
刑法第159條的立法目的是什麼？,LEGAL
刑法第75-1條是告訴乃論嗎？,LEGAL
詐欺案件的判決先例有哪些？,JUDGMENT
比較刑法第296-1條的文義和法院實務的解釋差異,MIXED
刑法第323條的立法目的是什麼？,LEGAL
違反刑法第141-1條會受到什麼處罰？,LEGAL
聲請解除扣押會觸犯哪些刑法條文？法院實務見解如何？,MIXED
刑法第349條所稱的行為是指什麼？,LEGAL
臺灣高等法院 高雄分院 115 年度上訴字第 588 號刑事判決中法院的理由是什麼？,JUDGMENT
初犯刑法第342條會被關嗎？可以易科罰金嗎？,LEGAL
刑法第292條的法定刑是多少？,LEGAL
觸犯刑法第318條會留下前科嗎？,LEGAL
定應執行刑適用的法條是什麼？有判決先例可以參考嗎？,MIXED
刑法第62條所稱的行為是指什麼？,LEGAL
解釋一下臺灣高雄地方法院 115 年度附民字第 232 號刑事判決在講什麼,JUDGMENT
刑法第187-3條規定什麼？實務上像詐欺等這種案件法院都怎麼判？,MIXED
違反刑法第342條會受到什麼處罰？,LEGAL
初犯刑法第259條會被關嗎？可以易科罰金嗎？,LEGAL
解釋一下臺灣臺南地方法院 115 年度交簡字第 2581 號刑事判決在講什麼,JUDGMENT
刑法第38-1條的法定刑是多少？,LEGAL
找幾件假釋中交付保護管束的判決給我參考,JUDGMENT
幫我解釋刑法第334-1條的每一項規定,LEGAL
臺灣臺北地方法院 115 年度聲字第 1933 號刑事裁定中法院的理由是什麼？,JUDGMENT
妨害電腦使用的法律要件是什麼？用真實案例解釋給我聽,MIXED
毀棄損壞罪的法律規定為何？可以用臺灣臺南地方法院 115 年度聲字第 1391 號刑事裁定當例子說明嗎？,MIXED
「有管收、解送或拘禁人犯職務之公務員，對於人犯」這是刑法哪一條的規定？,LEGAL
臺灣屏東地方法院 115 年度聲字第 127 號刑事裁定裡被告的答辯是什麼？,JUDGMENT
有沒有違反槍砲彈藥刀械管制條例被判無罪或駁回的案例？,JUDGMENT
幫我解釋刑法第246條的每一項規定,LEGAL
臺灣桃園地方法院關於發還扣押物等的案件都怎麼判？,JUDGMENT
關於交通裁決，實務上法院通常怎麼判？,JUDGMENT
毒品危害防制條例適用的法條是什麼？有判決先例可以參考嗎？,MIXED
解釋一下臺灣南投地方法院 115 年度附民字第 256 號刑事判決在講什麼,JUDGMENT
比較刑法第185-2條的文義和法院實務的解釋差異,MIXED
解釋一下臺灣高雄地方法院 115 年度訴字第 689 號刑事裁定在講什麼,JUDGMENT
妨害名譽及信用罪和其他財產犯罪怎麼區分？,LEGAL
臺灣新竹地方法院 115 年度聲字第 426 號刑事裁定的爭點是什麼？,JUDGMENT
臺灣臺南地方法院關於偽造文書的案件都怎麼判？,JUDGMENT
刑法第72條是告訴乃論嗎？實務上這類案件的判決情況如何？,MIXED
刑之酌科及加減的法律規定為何？可以用臺灣高等法院 高雄分院 115 年度聲保字第 376 號刑事裁定當例子說明嗎？,MIXED
公共危險罪的法律規定為何？可以用臺灣士林地方法院 115 年度聲字第 1063 號刑事裁定當例子說明嗎？,MIXED
刑法第9條和第111條有什麼差別？,LEGAL
臺灣臺南地方法院 115 年度簡字第 3354 號刑事判決的判決結果是什麼？,JUDGMENT
「行使第二百一十條至第二百一十五條之文書者，依」這是刑法哪一條的規定？,LEGAL
初犯刑法第348條會被關嗎？可以易科罰金嗎？,LEGAL
臺灣南投地方法院 115 年度投交簡字第 246 號刑事判決中法院的理由是什麼？,JUDGMENT
刑法第143條的法定刑是多少？,LEGAL
臺灣臺北地方法院 115 年度交簡字第 1046 號刑事判決的主文內容是什麼？,JUDGMENT
毒品危害防制條例案件中法院怎麼認定事實？,JUDGMENT
比較刑法第40-2條的文義和法院實務的解釋差異,MIXED
之一  妨害風化罪的法律規定為何？可以用臺灣桃園地方法院 115 年度聲字第 2282 號刑事裁定當例子說明嗎？,MIXED
刑法第319-1條的要件是什麼？法院在具體個案中怎麼操作？,MIXED
刑法第91條適用時要注意什麼？,LEGAL
刑法第100條的內容是什麼？可以解釋一下嗎？,LEGAL
聲請定其應執行刑等的法律要件是什麼？用真實案例解釋給我聽,MIXED
刑法第256條是告訴乃論嗎？實務上這類案件的判決情況如何？,MIXED
損害賠償(交通)適用的法條是什麼？有判決先例可以參考嗎？,MIXED
刑法第252條的構成要件有哪些？,LEGAL
有沒有殺人未遂等被判無罪或駁回的案例？,JUDGMENT
刑法第310條適用時要注意什麼？,LEGAL
刑法第196條是告訴乃論嗎？,LEGAL
損害賠償適用的法條是什麼？有判決先例可以參考嗎？,MIXED
觸犯刑法第173條會留下前科嗎？,LEGAL
刑法關於刑的規定可以整理給我嗎？,LEGAL
刑法第68條的立法目的是什麼？,LEGAL
刑法第335條的構成要件是什麼？臺灣屏東地方法院 115 年度聲字第 413 號刑事裁定是怎麼適用這條的？,MIXED
刑法第308條的要件是什麼？法院在具體個案中怎麼操作？,MIXED
刑法第52條規定什麼？實務上像定應執行刑這種案件法院都怎麼判？,MIXED
臺灣士林地方法院 115 年度審簡字第 891 號刑事判決中法院的理由是什麼？,JUDGMENT
違反槍砲彈藥刀械管制條例的法律要件是什麼？用真實案例解釋給我聽,MIXED
刑法關於偽造文書印文罪的規定可以整理給我嗎？,LEGAL
毒品危害防制條例等適用的法條是什麼？有判決先例可以參考嗎？,MIXED
刑法第77條是告訴乃論嗎？,LEGAL
刑法第319條的法定刑是多少？,LEGAL
洗錢防制法等案件的判決先例有哪些？,JUDGMENT
法例的條文規定和實務判決見解有沒有落差？,MIXED
臺灣高等法院 115 年度聲字第 2304 號刑事裁定適用了哪些法條？這些條文的要件是什麼？,MIXED
臺灣士林地方法院 115 年度訴字第 484 號刑事判決中法院的理由是什麼？,JUDGMENT
臺灣高等法院 高雄分院 115 年度上訴字第 588 號刑事判決的判決結果是什麼？,JUDGMENT
刑法第339-4條的內容是什麼？可以解釋一下嗎？,LEGAL
刑法第75條的構成要件有哪些？,LEGAL
觸犯刑法第315-1條會留下前科嗎？,LEGAL
關於損害賠償，實務上法院通常怎麼判？,JUDGMENT
刑法第32條的立法目的是什麼？,LEGAL
臺灣高雄地方法院 115 年度簡字第 1437 號刑事裁定這件案子的事實經過為何？,JUDGMENT
比較刑法第5條的文義和法院實務的解釋差異,MIXED
刑法第235條的內容是什麼？可以解釋一下嗎？,LEGAL
幫我摘要臺灣橋頭地方法院 115 年度交訴字第 69 號刑事裁定,JUDGMENT
搶奪強盜及海盜罪和其他財產犯罪怎麼區分？,LEGAL
臺灣橋頭地方法院最近有哪些詐欺等的判決？,JUDGMENT
臺灣高雄少年及家事法院 115 年度婚字第 120 號民事判決的主文內容是什麼？,JUDGMENT
臺灣士林地方法院 115 年度聲字第 594 號刑事裁定的主文內容是什麼？,JUDGMENT
刑法第116條規定了什麼？,LEGAL
刑之酌科及加減的條文規定和實務判決見解有沒有落差？,MIXED
刑法第255條是告訴乃論嗎？,LEGAL
臺灣臺中地方法院 114 年度訴字第 553 號刑事裁定裡被告的答辯是什麼？,JUDGMENT
法院在臺灣橋頭地方法院 115 年度易字第 790 號刑事裁定採取了什麼見解？,JUDGMENT
臺灣嘉義地方法院 115 年度交易字第 372 號刑事裁定的爭點是什麼？,JUDGMENT
刑法第75條所稱的行為是指什麼？,LEGAL
「意圖為自己或第三人不法之所有，以恐嚇使人將本」這是刑法哪一條的規定？,LEGAL
什麼情況下會成立刑法第154條的罪？,LEGAL
智慧財產及商業法院 112 年度刑智上訴字第 17 號刑事判決跟類似案件的判決有什麼不同？,JUDGMENT
刑法第181條所稱的行為是指什麼？,LEGAL
法例怎麼構成？實務上有哪些判決可以佐證？,MIXED
傷害罪的處罰有多重？,LEGAL
朋友涉嫌詐欺，相關法條規定和法院可能的判決結果是什麼？,MIXED
臺灣苗栗地方法院 115 年度苗簡字第 389 號刑事判決的判決結果是什麼？,JUDGMENT
假釋怎麼構成？實務上有哪些判決可以佐證？,MIXED
臺灣橋頭地方法院 114 年度審訴字第 495 號刑事判決的量刑考量是什麼？,JUDGMENT
解釋一下懲戒法院懲戒法庭 115 年度清字第 25 號懲戒裁定在講什麼,JUDGMENT
臺灣彰化地方法院 114 年度訴字第 1182 號刑事裁定跟類似案件的判決有什麼不同？,JUDGMENT
臺灣桃園地方法院 115 年度壢交簡字第 191 號刑事判決的主文內容是什麼？,JUDGMENT
臺灣雲林地方法院 115 年度虎簡字第 177 號刑事判決的爭點是什麼？,JUDGMENT
以臺灣高等法院 115 年度審上易字第 167 號刑事裁定為例，說明刑之酌科及加減的構成要件怎麼認定,MIXED
詐欺等的案件量刑大概多重？,JUDGMENT
臺灣高等法院 臺中分院 115 年度金上訴字第 1622 號刑事判決跟類似案件的判決有什麼不同？,JUDGMENT
刑法第266條的構成要件是什麼？臺灣臺中地方法院 115 年度聲字第 2324 號刑事裁定是怎麼適用這條的？,MIXED
解釋妨害秘密罪的要件，並用實際判決說明法院怎麼認定,MIXED
公共危險罪的法定刑是多少？實務上法院實際都判多重？,MIXED
刑法第224條的法定刑是多少？,LEGAL
刑法第321條規定什麼？實務上像聲請提審這種案件法院都怎麼判？,MIXED
刑法關於偽造有價證券罪的規定可以整理給我嗎？,LEGAL
違反刑法第300條會受到什麼處罰？,LEGAL
以臺灣臺北地方法院 115 年度審原訴字第 196 號民事裁定為例，說明瀆職罪的構成要件怎麼認定,MIXED
臺灣新竹地方法院 115 年度簡上字第 2 號刑事裁定這件案子可以上訴嗎？結果如何？,JUDGMENT
刑法第83條是告訴乃論嗎？實務上這類案件的判決情況如何？,MIXED
臺灣高等法院 高雄分院 115 年度聲字第 535 號刑事裁定這件案子的事實經過為何？,JUDGMENT
法院在臺灣高等法院 臺中分院 115 年度上訴字第 882 號刑事裁定採取了什麼見解？,JUDGMENT
臺灣桃園地方法院 114 年度易緝字第 70 號刑事判決的爭點是什麼？,JUDGMENT
偽證及誣告罪怎麼構成？實務上有哪些判決可以佐證？,MIXED
刑法第57條的行為主體有什麼限制？,LEGAL
臺灣士林地方法院處理詐欺等案件的立場是什麼？,JUDGMENT
刑法第48條的追訴權時效是多久？,LEGAL
解釋一下臺灣彰化地方法院 115 年度聲字第 1283 號刑事裁定在講什麼,JUDGMENT
刑法第128條適用時要注意什麼？,LEGAL
什麼情況下會成立刑法第49條的罪？,LEGAL
找幾件毒品危害防制條例的判決給我參考,JUDGMENT
內亂罪的成立要件是什麼？,LEGAL
刑法第278條是告訴乃論嗎？實務上這類案件的判決情況如何？,MIXED
找幾件聲明異議的判決給我參考,JUDGMENT
誣告的案件量刑大概多重？,JUDGMENT
「參與以犯罪為宗旨之結社者，處三年以下有期徒刑」這是刑法哪一條的規定？,LEGAL
刑法第287條所稱的行為是指什麼？,LEGAL
刑法第344條的行為主體有什麼限制？,LEGAL
臺灣苗栗地方法院 115 年度苗金簡字第 69 號刑事判決中法院的理由是什麼？,JUDGMENT
刑法第57條的法定刑是多少？,LEGAL
之一  妨害風化罪怎麼構成？實務上有哪些判決可以佐證？,MIXED
臺灣臺南地方法院 115 年度簡字第 3255 號刑事判決跟類似案件的判決有什麼不同？,JUDGMENT
刑法第79條所稱的行為是指什麼？,LEGAL
臺灣高等法院 臺中分院 115 年度聲字第 1276 號刑事裁定跟類似案件的判決有什麼不同？,JUDGMENT
臺灣高雄地方法院 114 年度審交易字第 1188 號刑事裁定的爭點是什麼？,JUDGMENT
妨害公務罪怎麼構成？實務上有哪些判決可以佐證？,MIXED
刑法第319-6條規定什麼？實務上像侵權行為損害賠償(交通)這種案件法院都怎麼判？,MIXED
詐欺適用的法條是什麼？有判決先例可以參考嗎？,MIXED
解釋賭博罪的要件，並用實際判決說明法院怎麼認定,MIXED
刑法第358條是告訴乃論嗎？實務上這類案件的判決情況如何？,MIXED
法院在臺灣高雄地方法院 115 年度簡字第 3652 號刑事判決採取了什麼見解？,JUDGMENT
解釋脫逃罪的要件，並用實際判決說明法院怎麼認定,MIXED
外患罪怎麼構成？實務上有哪些判決可以佐證？,MIXED
刑法第163條的追訴權時效是多久？,LEGAL
臺灣士林地方法院 115 年度簡上字第 93 號刑事判決適用了哪些法條？這些條文的要件是什麼？,MIXED
刑法第290條規定了什麼？,LEGAL
找幾件違反公司法等的判決給我參考,JUDGMENT
臺灣高雄地方法院關於竊盜等的案件都怎麼判？,JUDGMENT
刑法第272條的立法目的是什麼？,LEGAL
幫我摘要臺灣新竹地方法院 115 年度撤緩字第 82 號刑事裁定,JUDGMENT
比較刑法第102條的文義和法院實務的解釋差異,MIXED
臺灣高等法院 臺南分院 115 年度聲保字第 700 號刑事裁定的判決結果是什麼？,JUDGMENT
刑法第20條和第209條有什麼差別？,LEGAL
刑法第355條規定了什麼？,LEGAL
毒品危害防制條例等會觸犯哪些刑法條文？法院實務見解如何？,MIXED
臺灣屏東地方法院 115 年度聲字第 696 號刑事裁定適用了哪些法條？這些條文的要件是什麼？,MIXED
刑法第86條的要件是什麼？法院在具體個案中怎麼操作？,MIXED
幫我摘要臺灣高雄地方法院 115 年度簡字第 4165 號刑事判決,JUDGMENT
墮胎罪的處罰有多重？,LEGAL
比較刑法第26條的文義和法院實務的解釋差異,MIXED
我想了解洗錢防制法等的相關法條和實務判決，都幫我整理,MIXED
解釋竊盜罪的要件，並用實際判決說明法院怎麼認定,MIXED
刑法第40條的追訴權時效是多久？,LEGAL
刑法裡「妨害鐵路、郵務、電報、電話或供公眾之用水、電」是什麼意思？,LEGAL
以臺灣高等法院 臺中分院 115 年度聲再字第 149 號刑事裁定為例，說明之一 妨害性隱私及不實性影像罪的構成要件怎麼認定,MIXED
臺灣彰化地方法院 115 年度聲字第 765 號刑事裁定的判決結果是什麼？,JUDGMENT
臺灣高等法院處理公共危險案件的立場是什麼？,JUDGMENT
我想了解公共危險的相關法條和實務判決，都幫我整理,MIXED
臺灣基隆地方法院關於妨害公務的案件都怎麼判？,JUDGMENT
聲明異議案件中法院怎麼認定事實？,JUDGMENT
刑法第119條是告訴乃論嗎？實務上這類案件的判決情況如何？,MIXED
法院在臺灣高等法院 臺中分院 115 年度金上訴字第 1423 號刑事判決採取了什麼見解？,JUDGMENT
臺灣新北地方法院 115 年度審簡附民字第 19 號刑事判決的爭點是什麼？,JUDGMENT
臺灣桃園地方法院 115 年度訴字第 522 號刑事裁定的量刑考量是什麼？,JUDGMENT
臺灣臺南地方法院 115 年度易字第 645 號刑事裁定這件案子可以上訴嗎？結果如何？,JUDGMENT
刑法裡「意圖營利，辦理有獎儲蓄或未經政府允准而發行彩」是什麼意思？,LEGAL
刑法關於妨害自由罪的規定可以整理給我嗎？,LEGAL
解釋一下臺灣屏東地方法院 115 年度附民字第 1076 號刑事判決在講什麼,JUDGMENT
損害賠償在刑法上怎麼規定？從判決來看法院的認定標準是什麼？,MIXED
刑法第107條規定什麼？實務上像定應執行刑這種案件法院都怎麼判？,MIXED
觸犯刑法第141條會留下前科嗎？,LEGAL
刑法第217條的法定刑是多少？,LEGAL
以臺灣高等法院 臺中分院 115 年度上訴字第 378 號刑事判決為例，說明竊盜罪的構成要件怎麼認定,MIXED
聲請定其應執行刑的案件量刑大概多重？,JUDGMENT
刑法第272-1條的內容是什麼？可以解釋一下嗎？,LEGAL
妨害農工商罪的法律規定為何？可以用臺灣士林地方法院 115 年度聲字第 1152 號刑事裁定當例子說明嗎？,MIXED
刑法第143條的立法目的是什麼？,LEGAL
刑法裡「犯前條第一項之罪，而有第三百二十一條第一項各」是什麼意思？,LEGAL
臺灣桃園地方法院 115 年度聲字第 2386 號刑事裁定這件案子可以上訴嗎？結果如何？,JUDGMENT
刑法第239條和第211條有什麼差別？,LEGAL
幫我解釋刑法第331條的每一項規定,LEGAL
解釋一下臺灣高等法院 臺南分院 115 年度上訴字第 1385 號刑事裁定在講什麼,JUDGMENT
法院在臺灣雲林地方法院 115 年度聲字第 611 號刑事裁定採取了什麼見解？,JUDGMENT
定應執行之刑適用的法條是什麼？有判決先例可以參考嗎？,MIXED
刑法第339條的追訴權時效是多久？,LEGAL
臺灣臺中地方法院 115 年度交簡上字第 64 號刑事判決的爭點是什麼？,JUDGMENT
「為他人處理事務，意圖為自己或第三人不法之利益」這是刑法哪一條的規定？,LEGAL
侵權行為損害賠償在刑法上怎麼規定？從判決來看法院的認定標準是什麼？,MIXED
幫我解釋刑法第259條的每一項規定,LEGAL
刑法第307條的行為主體有什麼限制？,LEGAL
刑法第158條的行為主體有什麼限制？,LEGAL
刑法第186-1條的構成要件是什麼？臺灣士林地方法院 115 年度聲字第 594 號刑事裁定是怎麼適用這條的？,MIXED
什麼情況下會成立刑法第233條的罪？,LEGAL
有沒有侵權行為損害賠償被判無罪或駁回的案例？,JUDGMENT
臺灣桃園地方法院 115 年度聲字第 1772 號刑事裁定中法院的理由是什麼？,JUDGMENT
臺灣桃園地方法院關於聲請停止羈押的案件都怎麼判？,JUDGMENT
刑法第43條和第338條有什麼差別？,LEGAL
聲請付與卷證影本會觸犯哪些刑法條文？法院實務見解如何？,MIXED
臺灣桃園地方法院 115 年度單聲沒字第 87 號刑事裁定的主文內容是什麼？,JUDGMENT
臺灣士林地方法院 115 年度訴字第 179 號刑事判決的判決結果是什麼？,JUDGMENT
臺灣桃園地方法院 115 年度桃簡字第 1511 號刑事判決的量刑考量是什麼？,JUDGMENT
刑法第71條有沒有未遂犯的處罰？,LEGAL
刑法第151條的追訴權時效是多久？,LEGAL
臺灣臺北地方法院 115 年度訴字第 718 號刑事裁定的主文內容是什麼？,JUDGMENT
刑法第203條的立法目的是什麼？,LEGAL
刑法第150條的要件是什麼？法院在具體個案中怎麼操作？,MIXED
妨害農工商罪的成立要件是什麼？,LEGAL
刑法第284條的要件是什麼？法院在具體個案中怎麼操作？,MIXED
臺灣士林地方法院最近有哪些聲請法官迴避的判決？,JUDGMENT
偽造貨幣罪的成立要件是什麼？,LEGAL
以臺灣桃園地方法院 115 年度聲字第 1801 號刑事裁定為例，說明刑之酌科及加減的構成要件怎麼認定,MIXED
臺灣高等法院 115 年度上訴字第 3057 號刑事裁定的爭點是什麼？,JUDGMENT
觸犯刑法第341條會留下前科嗎？,LEGAL
保安處分的處罰有多重？,LEGAL
妨害投票罪和其他財產犯罪怎麼區分？,LEGAL
幫我解釋刑法第344-1條的每一項規定,LEGAL
聲請撤銷緩刑案件的判決先例有哪些？,JUDGMENT
臺灣高等法院 臺中分院 115 年度抗字第 518 號刑事裁定這件案子可以上訴嗎？結果如何？,JUDGMENT
臺灣高等法院 115 年度聲再字第 267 號刑事裁定這件案子的事實經過為何？,JUDGMENT
臺灣高雄地方法院 115 年度聲字第 1327 號刑事裁定裡被告的答辯是什麼？,JUDGMENT
幫我摘要臺灣彰化地方法院 115 年度訴字第 869 號刑事裁定,JUDGMENT
什麼情況下會成立刑法第137條的罪？,LEGAL
臺灣臺南地方法院 115 年度交簡字第 2223 號刑事判決的爭點是什麼？,JUDGMENT
臺灣高等法院 臺中分院 115 年度金上訴字第 1622 號刑事判決中法院的理由是什麼？,JUDGMENT
刑法第317條的行為主體有什麼限制？,LEGAL
臺灣臺南地方法院 114 年度附民字第 2845 號刑事判決裡被告的答辯是什麼？,JUDGMENT
定應執行之刑案件中法院怎麼認定事實？,JUDGMENT
找幾件違反槍砲彈藥刀械管制條例的判決給我參考,JUDGMENT
刑法第123條的構成要件是什麼？臺灣新北地方法院 115 年度聲字第 2346 號刑事裁定是怎麼適用這條的？,MIXED
刑法第254條是告訴乃論嗎？,LEGAL
刑法第74條是告訴乃論嗎？實務上這類案件的判決情況如何？,MIXED
違反家庭暴力防治法的法律要件是什麼？用真實案例解釋給我聽,MIXED
臺灣高等法院最近有哪些加重詐欺等的判決？,JUDGMENT
刑法第284條的法定刑是多少？,LEGAL
違反保護令會觸犯哪些刑法條文？法院實務見解如何？,MIXED
解釋一下臺灣高等法院 115 年度刑補字第 4 號刑事決定書在講什麼,JUDGMENT
數罪併罰怎麼構成？實務上有哪些判決可以佐證？,MIXED
比較刑法第187-2條的文義和法院實務的解釋差異,MIXED
侵權行為損害賠償適用的法條是什麼？有判決先例可以參考嗎？,MIXED
臺灣高雄地方法院 115 年度簡字第 3618 號刑事判決的爭點是什麼？,JUDGMENT
聲請假釋期中交付保護管束適用的法條是什麼？有判決先例可以參考嗎？,MIXED
幫我解釋刑法第66條的每一項規定,LEGAL
刑法第185-2條規定了什麼？,LEGAL
損害賠償案件中法院怎麼認定事實？,JUDGMENT
我想了解定應執行刑的相關法條和實務判決，都幫我整理,MIXED
臺灣高等法院 臺中分院 115 年度上易字第 308 號刑事判決跟類似案件的判決有什麼不同？,JUDGMENT
刑法第291條的構成要件有哪些？,LEGAL
懲戒的案件量刑大概多重？,JUDGMENT
臺灣橋頭地方法院 115 年度交易字第 306 號刑事判決這件案子可以上訴嗎？結果如何？,JUDGMENT
臺灣高等法院 高雄分院 115 年度上訴字第 681 號刑事判決跟類似案件的判決有什麼不同？,JUDGMENT
刑法第38-2條有沒有未遂犯的處罰？,LEGAL
臺灣基隆地方法院 115 年度撤緩字第 66 號刑事裁定適用了哪些法條？這些條文的要件是什麼？,MIXED
刑法第66條規定什麼？實務上像聲請沒收（智慧財產案件）這種案件法院都怎麼判？,MIXED
刑法第203條所稱的行為是指什麼？,LEGAL
刑法第87條的立法目的是什麼？,LEGAL
初犯刑法第78條會被關嗎？可以易科罰金嗎？,LEGAL
妨害秘密罪的法律規定為何？可以用臺灣高雄地方法院 115 年度審附民字第 1107 號刑事判決當例子說明嗎？,MIXED
詐欺背信及重利罪的處罰有多重？,LEGAL
刑法第189-2條的構成要件有哪些？,LEGAL
臺灣新北地方法院最近有哪些公共危險的判決？,JUDGMENT
刑法第353條的立法目的是什麼？,LEGAL
比較刑法第319-1條的文義和法院實務的解釋差異,MIXED
公共危險罪的法律規定為何？可以用臺灣屏東地方法院 115 年度聲字第 469 號刑事裁定當例子說明嗎？,MIXED
臺灣高等法院 115 年度聲保字第 889 號刑事裁定適用了哪些法條？這些條文的要件是什麼？,MIXED
遺棄罪的法律規定為何？可以用臺灣高等法院 115 年度聲再字第 322 號刑事裁定當例子說明嗎？,MIXED
瀆職罪的條文規定和實務判決見解有沒有落差？,MIXED
比較刑法第244條的文義和法院實務的解釋差異,MIXED
找幾件妨害名譽的判決給我參考,JUDGMENT
解釋妨害公務罪的要件，並用實際判決說明法院怎麼認定,MIXED
臺灣桃園地方法院 115 年度壢簡字第 965 號刑事判決的量刑考量是什麼？,JUDGMENT
臺灣高等法院最近有哪些毒品危害防制條例等的判決？,JUDGMENT
有沒有過失傷害被判無罪或駁回的案例？,JUDGMENT
臺灣高等法院關於假釋付保護管束的案件都怎麼判？,JUDGMENT
臺灣南投地方法院 115 年度投交簡字第 245 號刑事判決裡被告的答辯是什麼？,JUDGMENT
臺灣臺南地方法院 115 年度訴字第 2414 號刑事判決的主文內容是什麼？,JUDGMENT
臺灣高等法院 臺中分院 115 年度上訴字第 439 號刑事判決適用了哪些法條？這些條文的要件是什麼？,MIXED
有沒有損害賠償被判無罪或駁回的案例？,JUDGMENT
朋友涉嫌損害賠償，相關法條規定和法院可能的判決結果是什麼？,MIXED
朋友涉嫌聲請定其應執行刑，相關法條規定和法院可能的判決結果是什麼？,MIXED
關於聲請具保停止羈押，實務上法院通常怎麼判？,JUDGMENT
聲請定應執行刑並諭知易科罰金折算標準會觸犯哪些刑法條文？法院實務見解如何？,MIXED
臺灣嘉義地方法院 115 年度易字第 610 號刑事判決的判決結果是什麼？,JUDGMENT
初犯刑法第15條會被關嗎？可以易科罰金嗎？,LEGAL
懲戒法院懲戒法庭 115 年度清字第 25 號懲戒裁定的主文內容是什麼？,JUDGMENT
幫我解釋刑法第288條的每一項規定,LEGAL
比較刑法第204條的文義和法院實務的解釋差異,MIXED
妨害秩序等的法律要件是什麼？用真實案例解釋給我聽,MIXED
臺灣高等法院 115 年度上易字第 870 號刑事判決適用了哪些法條？這些條文的要件是什麼？,MIXED
刑法關於殺人罪的規定可以整理給我嗎？,LEGAL
比較刑法第304條的文義和法院實務的解釋差異,MIXED
妨害秘密罪的條文規定和實務判決見解有沒有落差？,MIXED
定應執行之刑在刑法上怎麼規定？從判決來看法院的認定標準是什麼？,MIXED
臺灣高等法院 臺中分院 115 年度聲字第 1022 號刑事裁定這件案子可以上訴嗎？結果如何？,JUDGMENT
臺灣臺南地方法院 115 年度簡字第 2521 號刑事判決的判決結果是什麼？,JUDGMENT
刑法第350條的立法目的是什麼？,LEGAL
刑法裡「犯前條第一項、第二項之罪而有下列情形之一者」是什麼意思？,LEGAL
刑法第292條的追訴權時效是多久？,LEGAL
刑法第92條的立法目的是什麼？,LEGAL
刑法第141-1條所稱的行為是指什麼？,LEGAL
刑法第213條的要件是什麼？法院在具體個案中怎麼操作？,MIXED
找幾件竊盜的判決給我參考,JUDGMENT
公共危險罪怎麼構成？實務上有哪些判決可以佐證？,MIXED
假釋的法定刑是多少？實務上法院實際都判多重？,MIXED
刑法第356條的追訴權時效是多久？,LEGAL
臺灣臺南地方法院 115 年度訴字第 938 號民事判決裡被告的答辯是什麼？,JUDGMENT
傷害案件中法院怎麼認定事實？,JUDGMENT
刑法第208條規定了什麼？,LEGAL
刑法第39條的構成要件有哪些？,LEGAL
聲請戒治處分會觸犯哪些刑法條文？法院實務見解如何？,MIXED
初犯刑法第108條會被關嗎？可以易科罰金嗎？,LEGAL
解釋一下臺灣南投地方法院 115 年度埔原簡字第 31 號刑事判決在講什麼,JUDGMENT
刑法第289條是告訴乃論嗎？,LEGAL
刑法第163條的內容是什麼？可以解釋一下嗎？,LEGAL
臺灣士林地方法院最近有哪些詐欺等的判決？,JUDGMENT
觸犯刑法第210條會留下前科嗎？,LEGAL
臺灣高等法院 高雄分院 115 年度聲字第 535 號刑事裁定的判決結果是什麼？,JUDGMENT
累犯的條文規定和實務判決見解有沒有落差？,MIXED
比較刑法第183條的文義和法院實務的解釋差異,MIXED
刑法第223條規定了什麼？,LEGAL
臺灣臺北地方法院最近有哪些聲請定應執行刑並諭知易科罰金折算標準的判決？,JUDGMENT
初犯刑法第51條會被關嗎？可以易科罰金嗎？,LEGAL
什麼情況下會成立刑法第66條的罪？,LEGAL
妨害秘密罪怎麼構成？實務上有哪些判決可以佐證？,MIXED
初犯刑法第339-3條會被關嗎？可以易科罰金嗎？,LEGAL
法院在臺灣高雄地方法院 115 年度訴字第 689 號刑事裁定採取了什麼見解？,JUDGMENT
傷害罪的條文規定和實務判決見解有沒有落差？,MIXED
法院在臺灣士林地方法院 115 年度聲字第 433 號刑事裁定採取了什麼見解？,JUDGMENT
妨害秘密會觸犯哪些刑法條文？法院實務見解如何？,MIXED
聲請定其應執行刑等的案件量刑大概多重？,JUDGMENT
臺灣南投地方法院關於假釋中交付保護管束的案件都怎麼判？,JUDGMENT
刑法第204條的構成要件是什麼？臺灣新竹地方法院 115 年度訴字第 403 號刑事判決是怎麼適用這條的？,MIXED
刑法第289條的法定刑是多少？,LEGAL
刑法第63條的法定刑是多少？,LEGAL
賭博罪規定在刑法哪些條文？,LEGAL
法院在臺灣士林地方法院 115 年度訴字第 565 號刑事判決採取了什麼見解？,JUDGMENT
臺灣苗栗地方法院 115 年度金訴字第 295 號刑事判決的判決結果是什麼？,JUDGMENT
什麼情況下會成立刑法第315-3條的罪？,LEGAL
刑法第188條的內容是什麼？可以解釋一下嗎？,LEGAL
關於竊盜，實務上法院通常怎麼判？,JUDGMENT
刑法第346條適用時要注意什麼？,LEGAL
臺灣臺南地方法院 115 年度聲字第 1244 號刑事裁定中法院的理由是什麼？,JUDGMENT
初犯刑法第315條會被關嗎？可以易科罰金嗎？,LEGAL
偽造度量衡罪的法律規定為何？可以用臺灣桃園地方法院 115 年度壢簡字第 1272 號刑事判決當例子說明嗎？,MIXED
刑法第314條和第339-3條有什麼差別？,LEGAL
刑法裡「依第八十六條第二項、第八十七條第二項、第三項」是什麼意思？,LEGAL
妨害秩序罪的處罰有多重？,LEGAL
刑法第112條和第26條有什麼差別？,LEGAL
臺灣桃園地方法院最近有哪些毒品危害防制條例的判決？,JUDGMENT
刑法第143條是告訴乃論嗎？實務上這類案件的判決情況如何？,MIXED
刑法第245條的構成要件是什麼？臺灣臺南地方法院 115 年度交簡字第 2528 號刑事判決是怎麼適用這條的？,MIXED
假釋中付保護管束會觸犯哪些刑法條文？法院實務見解如何？,MIXED
臺灣高等法院 115 年度上訴字第 4109 號刑事裁定的判決結果是什麼？,JUDGMENT
刑法第177條規定了什麼？,LEGAL
臺灣士林地方法院 115 年度審簡字第 550 號刑事判決這件案子的事實經過為何？,JUDGMENT
刑法第296條的構成要件是什麼？臺灣新北地方法院 114 年度審金簡字第 194 號刑事裁定是怎麼適用這條的？,MIXED
朋友涉嫌殺人未遂，相關法條規定和法院可能的判決結果是什麼？,MIXED
刑法第17條是告訴乃論嗎？實務上這類案件的判決情況如何？,MIXED
臺灣桃園地方法院 115 年度壢簡字第 298 號刑事判決的量刑考量是什麼？,JUDGMENT
解釋一下臺灣高等法院 臺中分院 115 年度金上訴字第 1532 號刑事裁定在講什麼,JUDGMENT
幫我摘要臺灣桃園地方法院 115 年度聲字第 2274 號刑事裁定,JUDGMENT
遺棄罪的法律規定為何？可以用臺灣桃園地方法院 115 年度矚重訴緝字第 1 號刑事判決當例子說明嗎？,MIXED
聲請發還扣押物在刑法上怎麼規定？從判決來看法院的認定標準是什麼？,MIXED
臺灣士林地方法院 115 年度聲字第 991 號刑事裁定跟類似案件的判決有什麼不同？,JUDGMENT
刑法裡「傾覆或破壞現有人所在之火車、電車或其他供水、」是什麼意思？,LEGAL
刑法第91-1條的構成要件是什麼？臺灣桃園地方法院 115 年度桃原交簡字第 148 號刑事判決是怎麼適用這條的？,MIXED
刑法第291條是告訴乃論嗎？實務上這類案件的判決情況如何？,MIXED
臺灣臺北地方法院 115 年度訴字第 718 號刑事裁定的量刑考量是什麼？,JUDGMENT
臺灣嘉義地方法院關於頂替罪的案件都怎麼判？,JUDGMENT
刑法第294條所稱的行為是指什麼？,LEGAL
刑法第245條有沒有未遂犯的處罰？,LEGAL
臺灣桃園地方法院 115 年度訴字第 362 號民事判決的主文內容是什麼？,JUDGMENT
刑法第79條的構成要件是什麼？臺灣桃園地方法院 115 年度桃簡字第 1204 號刑事判決是怎麼適用這條的？,MIXED
聲請假釋期中交保護管束案件中法院怎麼認定事實？,JUDGMENT
刑法第295條是告訴乃論嗎？實務上這類案件的判決情況如何？,MIXED
刑法第66條的構成要件有哪些？,LEGAL
過失傷害案件中法院怎麼認定事實？,JUDGMENT
臺灣新北地方法院 115 年度聲字第 2094 號刑事裁定的量刑考量是什麼？,JUDGMENT
違反刑法第72條會受到什麼處罰？,LEGAL
聲明異議的案件量刑大概多重？,JUDGMENT
幫我解釋刑法第135條的每一項規定,LEGAL
臺灣苗栗地方法院 115 年度訴字第 465 號刑事裁定適用了哪些法條？這些條文的要件是什麼？,MIXED
朋友涉嫌山坡地保育利用條例，相關法條規定和法院可能的判決結果是什麼？,MIXED
違反刑法第18條會受到什麼處罰？,LEGAL
偽造文書等案件的判決先例有哪些？,JUDGMENT
妨害秩序罪的成立要件是什麼？,LEGAL
刑法第211條規定了什麼？,LEGAL
幫我解釋刑法第223條的每一項規定,LEGAL
臺灣臺南地方法院 115 年度訴字第 1977 號刑事判決的爭點是什麼？,JUDGMENT
刑法第36條規定什麼？實務上像洗錢防制法等這種案件法院都怎麼判？,MIXED
什麼情況下會成立刑法第144條的罪？,LEGAL
找幾件違反毒品危害防制條例的判決給我參考,JUDGMENT
解釋一下臺灣士林地方法院 115 年度聲字第 879 號刑事裁定在講什麼,JUDGMENT
刑法第220條規定了什麼？,LEGAL
刑法第156條的法定刑是多少？,LEGAL
臺灣臺北地方法院關於竊盜的案件都怎麼判？,JUDGMENT
刑法第149條規定了什麼？,LEGAL
法院在臺灣新竹地方法院 113 年度金訴字第 296 號刑事判決採取了什麼見解？,JUDGMENT
妨害名譽及信用罪的成立要件是什麼？,LEGAL
臺灣臺南地方法院 115 年度簡字第 3354 號刑事判決的爭點是什麼？,JUDGMENT
臺灣桃園地方法院 115 年度聲字第 2274 號刑事裁定的判決結果是什麼？,JUDGMENT
時效的法律規定為何？可以用臺灣士林地方法院 115 年度聲字第 974 號刑事裁定當例子說明嗎？,MIXED
臺灣高等法院 115 年度附民字第 975 號刑事判決這件案子的事實經過為何？,JUDGMENT
解釋外患罪的要件，並用實際判決說明法院怎麼認定,MIXED
找幾件公共危險的判決給我參考,JUDGMENT
什麼情況下會成立刑法第284條的罪？,LEGAL
刑法裡「製造、販賣或運輸專供吸食鴉片之器具者，處三年」是什麼意思？,LEGAL
之一 妨害性隱私及不實性影像罪規定在刑法哪些條文？,LEGAL
幫我解釋刑法第170條的每一項規定,LEGAL
違反刑法第41條會受到什麼處罰？,LEGAL
以臺灣臺南地方法院 115 年度交簡字第 2131 號刑事判決為例，說明鴉片罪的構成要件怎麼認定,MIXED
幫我解釋刑法第88條的每一項規定,LEGAL
刑法第359條和第242條有什麼差別？,LEGAL
宣告沒收在刑法上怎麼規定？從判決來看法院的認定標準是什麼？,MIXED
臺灣彰化地方法院最近有哪些分割遺產的判決？,JUDGMENT
偽造貨幣罪怎麼構成？實務上有哪些判決可以佐證？,MIXED
刑法第111條所稱的行為是指什麼？,LEGAL
刑法第217條的構成要件是什麼？臺灣高等法院 臺南分院 115 年度聲保字第 694 號刑事裁定是怎麼適用這條的？,MIXED
以臺灣高等法院 臺中分院 115 年度金上訴字第 5 號刑事判決為例，說明刑之酌科及加減的構成要件怎麼認定,MIXED
刑法第74條的立法目的是什麼？,LEGAL
什麼情況下會成立刑法第341條的罪？,LEGAL
刑法第63條的內容是什麼？可以解釋一下嗎？,LEGAL
刑法第28條和第184條有什麼差別？,LEGAL
刑法第166條的要件是什麼？法院在具體個案中怎麼操作？,MIXED
臺灣桃園地方法院處理竊盜案件的立場是什麼？,JUDGMENT
比較刑法第41條的文義和法院實務的解釋差異,MIXED
偽造文書等的法律要件是什麼？用真實案例解釋給我聽,MIXED
殺人罪的法律規定為何？可以用臺灣桃園地方法院 115 年度桃簡字第 1323 號刑事判決當例子說明嗎？,MIXED
臺灣臺北地方法院 115 年度聲字第 1801 號刑事裁定這件案子的事實經過為何？,JUDGMENT
幫我摘要臺灣屏東地方法院 115 年度交易字第 150 號刑事判決,JUDGMENT
過失傷害的法律要件是什麼？用真實案例解釋給我聽,MIXED
臺灣士林地方法院 115 年度聲字第 1099 號刑事裁定裡被告的答辯是什麼？,JUDGMENT
臺灣屏東地方法院 115 年度交簡字第 862 號刑事判決的主文內容是什麼？,JUDGMENT
刑法第245條規定什麼？實務上像毒品危害防制條例這種案件法院都怎麼判？,MIXED
刑法第225條的內容是什麼？可以解釋一下嗎？,LEGAL
刑之酌科及加減的法定刑是多少？實務上法院實際都判多重？,MIXED
聲請定應執行之刑的法律要件是什麼？用真實案例解釋給我聽,MIXED
妨害電腦使用罪的條文規定和實務判決見解有沒有落差？,MIXED
找幾件詐欺的判決給我參考,JUDGMENT
刑法第160條和第129條有什麼差別？,LEGAL
刑法裡「以強暴脅迫或詐術，阻止或擾亂合法之集會者，處」是什麼意思？,LEGAL
「以加害生命、身體、自由、名譽、財產之事恐嚇他」這是刑法哪一條的規定？,LEGAL
初犯刑法第23條會被關嗎？可以易科罰金嗎？,LEGAL
以臺灣高等法院 臺中分院 115 年度聲字第 1072 號刑事裁定為例，說明殺人罪的構成要件怎麼認定,MIXED
刑法第214條的法定刑是多少？,LEGAL
臺灣高等法院關於毒品危害防制條例等的案件都怎麼判？,JUDGMENT
刑法第138條是告訴乃論嗎？,LEGAL
違反性侵害犯罪防治法案件中法院怎麼認定事實？,JUDGMENT
公共危險罪和其他財產犯罪怎麼區分？,LEGAL
刑法第118條的內容是什麼？可以解釋一下嗎？,LEGAL
臺灣桃園地方法院 115 年度壢簡字第 1139 號刑事判決這件案子可以上訴嗎？結果如何？,JUDGMENT
「意圖營利，為人施打嗎啡或以館舍供人吸食鴉片或」這是刑法哪一條的規定？,LEGAL
什麼情況下會成立刑法第100條的罪？,LEGAL
定其應執行刑在刑法上怎麼規定？從判決來看法院的認定標準是什麼？,MIXED
刑法第164條有沒有未遂犯的處罰？,LEGAL
刑法第190-1條規定什麼？實務上像定應執行刑這種案件法院都怎麼判？,MIXED
臺灣士林地方法院 115 年度聲字第 1060 號刑事裁定的量刑考量是什麼？,JUDGMENT
幫我解釋刑法第160條的每一項規定,LEGAL
竊盜在刑法上怎麼規定？從判決來看法院的認定標準是什麼？,MIXED
臺灣桃園地方法院處理定應執行之刑案件的立場是什麼？,JUDGMENT
之二 易刑怎麼構成？實務上有哪些判決可以佐證？,MIXED
臺灣高等法院 臺中分院 115 年度聲字第 1248 號刑事裁定中法院的理由是什麼？,JUDGMENT
臺灣臺南地方法院 115 年度聲保字第 155 號刑事裁定的判決結果是什麼？,JUDGMENT
幫我摘要臺灣新北地方法院 115 年度聲字第 2830 號刑事裁定,JUDGMENT
刑法第212條所稱的行為是指什麼？,LEGAL
妨害秘密罪的法律規定為何？可以用臺灣高等法院 115 年度刑補字第 4 號刑事決定書當例子說明嗎？,MIXED
賭博罪和其他財產犯罪怎麼區分？,LEGAL
什麼情況下會成立刑法第146條的罪？,LEGAL
什麼情況下會成立刑法第202條的罪？,LEGAL
刑法第190條規定什麼？實務上像詐欺等這種案件法院都怎麼判？,MIXED
刑法第315-1條的要件是什麼？法院在具體個案中怎麼操作？,MIXED
以臺灣臺南地方法院 115 年度訴字第 2334 號刑事判決為例，說明刑之酌科及加減的構成要件怎麼認定,MIXED
違反刑法第169條會受到什麼處罰？,LEGAL
初犯刑法第47條會被關嗎？可以易科罰金嗎？,LEGAL
毀棄損壞適用的法條是什麼？有判決先例可以參考嗎？,MIXED
臺灣臺南地方法院 115 年度交易字第 625 號刑事判決適用了哪些法條？這些條文的要件是什麼？,MIXED
刑法第331條是告訴乃論嗎？,LEGAL
刑法第186條的追訴權時效是多久？,LEGAL
刑法第71條的內容是什麼？可以解釋一下嗎？,LEGAL
觸犯刑法第230條會留下前科嗎？,LEGAL
侵占等案件的判決先例有哪些？,JUDGMENT
臺灣苗栗地方法院 115 年度苗金簡字第 201 號刑事判決這件案子的事實經過為何？,JUDGMENT
解釋傷害罪的要件，並用實際判決說明法院怎麼認定,MIXED
什麼情況下會成立刑法第184條的罪？,LEGAL
臺灣桃園地方法院 115 年度聲字第 1681 號刑事裁定的主文內容是什麼？,JUDGMENT
臺灣基隆地方法院 115 年度基簡字第 641 號刑事判決這件案子可以上訴嗎？結果如何？,JUDGMENT
刑法第49條有沒有未遂犯的處罰？,LEGAL
臺灣臺中地方法院關於詐欺等的案件都怎麼判？,JUDGMENT
初犯刑法第269條會被關嗎？可以易科罰金嗎？,LEGAL
臺灣桃園地方法院最近有哪些確認通行權不存在等的判決？,JUDGMENT
刑法第144條適用時要注意什麼？,LEGAL
刑法第45條的構成要件有哪些？,LEGAL
定其應執行刑會觸犯哪些刑法條文？法院實務見解如何？,MIXED
過失傷害適用的法條是什麼？有判決先例可以參考嗎？,MIXED
緩刑和其他財產犯罪怎麼區分？,LEGAL
臺灣臺南地方法院 115 年度簡字第 2942 號刑事判決的爭點是什麼？,JUDGMENT
臺灣臺中地方法院 115 年度審金簡字第 598 號刑事判決裡被告的答辯是什麼？,JUDGMENT
刑法第301條的構成要件是什麼？臺灣嘉義地方法院 115 年度嘉交簡字第 586 號刑事判決是怎麼適用這條的？,MIXED
妨害婚姻及家庭罪的法律規定為何？可以用臺灣高雄地方法院 115 年度附民字第 232 號刑事判決當例子說明嗎？,MIXED
家暴竊盜等的法律要件是什麼？用真實案例解釋給我聽,MIXED
刑法第348-1條的立法目的是什麼？,LEGAL
臺灣高等法院 臺南分院 115 年度聲字第 632 號刑事裁定這件案子可以上訴嗎？結果如何？,JUDGMENT
妨害自由罪的法定刑是多少？實務上法院實際都判多重？,MIXED
我想了解定應執行之刑的相關法條和實務判決，都幫我整理,MIXED
幫我解釋刑法第155條的每一項規定,LEGAL
臺灣桃園地方法院處理聲請停止羈押案件的立場是什麼？,JUDGMENT
臺灣桃園地方法院 115 年度桃簡字第 1511 號刑事判決這件案子的事實經過為何？,JUDGMENT
解釋一下臺灣高等法院 114 年度金上重訴字第 28 號刑事裁定在講什麼,JUDGMENT
幫我摘要臺灣高等法院 臺中分院 115 年度金上訴字第 477 號刑事裁定,JUDGMENT
臺灣桃園地方法院 115 年度審訴字第 1790 號民事裁定適用了哪些法條？這些條文的要件是什麼？,MIXED
臺灣臺中地方法院 115 年度審訴緝字第 3 號刑事裁定的量刑考量是什麼？,JUDGMENT
家暴竊盜的案件量刑大概多重？,JUDGMENT
墮胎罪怎麼構成？實務上有哪些判決可以佐證？,MIXED
臺灣桃園地方法院處理毀損案件的立場是什麼？,JUDGMENT
臺灣苗栗地方法院 115 年度聲字第 504 號刑事裁定的量刑考量是什麼？,JUDGMENT
初犯刑法第87條會被關嗎？可以易科罰金嗎？,LEGAL
刑法第209條的追訴權時效是多久？,LEGAL
違反刑法第70條會受到什麼處罰？,LEGAL
妨害秩序罪規定在刑法哪些條文？,LEGAL
臺灣嘉義地方法院 115 年度金訴字第 105 號刑事判決適用了哪些法條？這些條文的要件是什麼？,MIXED
刑法第261條的要件是什麼？法院在具體個案中怎麼操作？,MIXED
臺灣高等法院處理詐欺案件的立場是什麼？,JUDGMENT
解釋一下臺灣臺南地方法院 115 年度簡字第 3702 號刑事判決在講什麼,JUDGMENT
刑法關於侵占罪的規定可以整理給我嗎？,LEGAL
臺灣高雄地方法院關於公共危險等的案件都怎麼判？,JUDGMENT
有沒有沒入保證金被判無罪或駁回的案例？,JUDGMENT
法院在臺灣桃園地方法院 115 年度易字第 299 號刑事判決採取了什麼見解？,JUDGMENT
竊盜會觸犯哪些刑法條文？法院實務見解如何？,MIXED
比較刑法第132條的文義和法院實務的解釋差異,MIXED
刑法第104條的內容是什麼？可以解釋一下嗎？,LEGAL
臺灣臺中地方法院 115 年度聲字第 1511 號刑事裁定這件案子可以上訴嗎？結果如何？,JUDGMENT
解釋瀆職罪的要件，並用實際判決說明法院怎麼認定,MIXED
以臺灣高等法院 115 年度原侵上訴字第 5 號刑事判決為例，說明妨害農工商罪的構成要件怎麼認定,MIXED
關於毒品危害防制條例，實務上法院通常怎麼判？,JUDGMENT
刑法第264條和第329條有什麼差別？,LEGAL
刑法第360條的要件是什麼？法院在具體個案中怎麼操作？,MIXED
什麼情況下會成立刑法第207條的罪？,LEGAL
解釋一下臺灣臺南地方法院 115 年度訴字第 2409 號刑事判決在講什麼,JUDGMENT
刑法第107條的要件是什麼？法院在具體個案中怎麼操作？,MIXED
刑法第324條的要件是什麼？法院在具體個案中怎麼操作？,MIXED
臺灣新竹地方法院 115 年度竹交簡字第 117 號刑事判決適用了哪些法條？這些條文的要件是什麼？,MIXED
洗錢防制法等在刑法上怎麼規定？從判決來看法院的認定標準是什麼？,MIXED
臺灣高等法院 115 年度聲字第 1757 號刑事裁定這件案子可以上訴嗎？結果如何？,JUDGMENT
損害賠償的案件量刑大概多重？,JUDGMENT
藏匿人犯及湮滅證據罪怎麼構成？實務上有哪些判決可以佐證？,MIXED
銀行法等的案件量刑大概多重？,JUDGMENT
妨害秩序罪的條文規定和實務判決見解有沒有落差？,MIXED
臺灣高等法院關於竊盜的案件都怎麼判？,JUDGMENT
臺灣臺北地方法院 115 年度審原訴字第 214 號民事裁定的判決結果是什麼？,JUDGMENT
刑法第363條的構成要件有哪些？,LEGAL
刑法第173條的構成要件是什麼？臺灣高等法院 高雄分院 115 年度聲保字第 317 號刑事裁定是怎麼適用這條的？,MIXED
違反刑法第266條會受到什麼處罰？,LEGAL
臺灣高等法院最近有哪些毒品危害防制條例的判決？,JUDGMENT
臺灣高雄地方法院 115 年度審附民字第 1107 號刑事判決中法院的理由是什麼？,JUDGMENT
臺灣新竹地方法院 115 年度交易字第 386 號刑事判決的爭點是什麼？,JUDGMENT
刑法第71條和第141-1條有什麼差別？,LEGAL
臺灣高等法院 臺中分院 115 年度抗字第 220 號民事裁定的爭點是什麼？,JUDGMENT
詐欺的法律要件是什麼？用真實案例解釋給我聽,MIXED
刑怎麼構成？實務上有哪些判決可以佐證？,MIXED
以臺灣高等法院 114 年度上易字第 1090 號刑事判決為例，說明外患罪的構成要件怎麼認定,MIXED
臺灣桃園地方法院 115 年度聲字第 2332 號刑事裁定這件案子可以上訴嗎？結果如何？,JUDGMENT
臺灣新竹地方法院處理聲請定其應執行刑案件的立場是什麼？,JUDGMENT
聲請定其應執行刑在刑法上怎麼規定？從判決來看法院的認定標準是什麼？,MIXED
臺灣臺南地方法院關於毀損的案件都怎麼判？,JUDGMENT
臺灣士林地方法院 115 年度聲字第 1060 號刑事裁定的判決結果是什麼？,JUDGMENT
外患罪的法定刑是多少？實務上法院實際都判多重？,MIXED
臺灣新北地方法院 115 年度訴字第 593 號民事裁定中法院的理由是什麼？,JUDGMENT
刑法第115-1條的要件是什麼？法院在具體個案中怎麼操作？,MIXED
刑法第187-1條的行為主體有什麼限制？,LEGAL
刑法第283條和第196條有什麼差別？,LEGAL
比較刑法第93條的文義和法院實務的解釋差異,MIXED
定其應執行刑的案件量刑大概多重？,JUDGMENT
刑法第172-1條的構成要件是什麼？臺灣屏東地方法院 115 年度交簡字第 862 號刑事判決是怎麼適用這條的？,MIXED
家暴傷害等會觸犯哪些刑法條文？法院實務見解如何？,MIXED
「第三百二十三條之規定，於本章之罪準用之」這是刑法哪一條的規定？,LEGAL
初犯刑法第226條會被關嗎？可以易科罰金嗎？,LEGAL
刑法第329條是告訴乃論嗎？,LEGAL
刑法第37條的構成要件是什麼？臺灣高等法院 臺中分院 115 年度上訴字第 677 號刑事判決是怎麼適用這條的？,MIXED
臺灣高等法院 臺中分院 115 年度抗字第 556 號刑事裁定的主文內容是什麼？,JUDGMENT
刑法第20條有沒有未遂犯的處罰？,LEGAL
臺灣臺北地方法院 115 年度審原訴字第 214 號民事裁定的爭點是什麼？,JUDGMENT
刑法第207條是告訴乃論嗎？,LEGAL
刑法第340條的立法目的是什麼？,LEGAL
以臺灣新北地方法院 115 年度審金訴字第 441 號刑事判決為例，說明數罪併罰的構成要件怎麼認定,MIXED
臺灣彰化地方法院最近有哪些竊盜的判決？,JUDGMENT
刑法第262條是告訴乃論嗎？,LEGAL
找幾件聲請撤銷緩刑的判決給我參考,JUDGMENT
「在郵務或電報機關執行職務之公務員，開拆或隱匿」這是刑法哪一條的規定？,LEGAL
刑法第1條規定什麼？實務上像毒品危害防制條例等這種案件法院都怎麼判？,MIXED
臺灣嘉義地方法院 115 年度嘉簡字第 993 號刑事判決裡被告的答辯是什麼？,JUDGMENT
比較刑法第219條的文義和法院實務的解釋差異,MIXED
朋友涉嫌洗錢防制法等，相關法條規定和法院可能的判決結果是什麼？,MIXED
臺灣新竹地方法院 114 年度金訴緝字第 31 號刑事判決適用了哪些法條？這些條文的要件是什麼？,MIXED
臺灣花蓮地方法院 115 年度聲保字第 53 號刑事裁定這件案子的事實經過為何？,JUDGMENT
觸犯刑法第199條會留下前科嗎？,LEGAL
刑法第194條的行為主體有什麼限制？,LEGAL
賭博罪的法律規定為何？可以用臺灣嘉義地方法院 115 年度聲字第 584 號刑事裁定當例子說明嗎？,MIXED
解釋一下臺灣桃園地方法院 115 年度簡字第 370 號刑事判決在講什麼,JUDGMENT
刑法第237條規定什麼？實務上像聲請具保停止羈押這種案件法院都怎麼判？,MIXED
違反刑法第291條會受到什麼處罰？,LEGAL
刑法裡「外國人受有期徒刑以上刑之宣告者，得於刑之執行」是什麼意思？,LEGAL
刑法第66條有沒有未遂犯的處罰？,LEGAL
聲請具保停止羈押的法律要件是什麼？用真實案例解釋給我聽,MIXED
公共危險罪的法律規定為何？可以用臺灣高等法院 115 年度上訴字第 1456 號刑事裁定當例子說明嗎？,MIXED
毀棄損壞罪和其他財產犯罪怎麼區分？,LEGAL
刑法第98條的構成要件有哪些？,LEGAL
妨害投票罪的法律規定為何？可以用臺灣新竹地方法院 115 年度交易字第 171 號刑事判決當例子說明嗎？,MIXED
「受他人囑託或得其承諾而傷害之，因而致死者，處」這是刑法哪一條的規定？,LEGAL
刑法第161-1條有沒有未遂犯的處罰？,LEGAL
刑法第59條的內容是什麼？可以解釋一下嗎？,LEGAL
刑法第8條和第168條有什麼差別？,LEGAL
洗錢防制法等的法律要件是什麼？用真實案例解釋給我聽,MIXED
臺灣高等法院處理加重詐欺等案件的立場是什麼？,JUDGMENT
解釋正犯與共犯的要件，並用實際判決說明法院怎麼認定,MIXED
刑法第111條的行為主體有什麼限制？,LEGAL
有沒有傷害被判無罪或駁回的案例？,JUDGMENT
臺灣南投地方法院處理聲請具保停止羈押案件的立場是什麼？,JUDGMENT
觸犯刑法第227-1條會留下前科嗎？,LEGAL
刑法裡「意圖供自己或他人犯罪之用，而製造、販賣、運輸」是什麼意思？,LEGAL
刑法第91條的要件是什麼？法院在具體個案中怎麼操作？,MIXED
臺灣臺南地方法院最近有哪些違反毒品危害防制條例的判決？,JUDGMENT
發還扣押物的法律要件是什麼？用真實案例解釋給我聽,MIXED
臺灣南投地方法院 114 年度易字第 790 號刑事判決的量刑考量是什麼？,JUDGMENT
刑法第3條規定什麼？實務上像損害賠償這種案件法院都怎麼判？,MIXED
刑法裡「犯第二百二十一條至第二百二十七條、第二百二十」是什麼意思？,LEGAL
更正裁定會觸犯哪些刑法條文？法院實務見解如何？,MIXED
刑法第206條是告訴乃論嗎？實務上這類案件的判決情況如何？,MIXED
臺灣高等法院最近有哪些詐欺等的判決？,JUDGMENT
刑法第195條的法定刑是多少？,LEGAL
刑法第20條的立法目的是什麼？,LEGAL
找幾件聲請定其應執行刑的判決給我參考,JUDGMENT
解釋妨害秩序罪的要件，並用實際判決說明法院怎麼認定,MIXED
刑法關於墮胎罪的規定可以整理給我嗎？,LEGAL
朋友涉嫌竊盜，相關法條規定和法院可能的判決結果是什麼？,MIXED
刑法第18條的要件是什麼？法院在具體個案中怎麼操作？,MIXED
刑法第115條的構成要件有哪些？,LEGAL
刑法第30條的行為主體有什麼限制？,LEGAL
幫我解釋刑法第40-2條的每一項規定,LEGAL
刑法第178條的法定刑是多少？,LEGAL
過失傷害案件的判決先例有哪些？,JUDGMENT
刑法第4條的內容是什麼？可以解釋一下嗎？,LEGAL
臺灣高等法院 115 年度附民字第 956 號刑事判決跟類似案件的判決有什麼不同？,JUDGMENT
「當場激於義憤犯前二條之罪者，處二年以下有期徒」這是刑法哪一條的規定？,LEGAL
臺灣新北地方法院 115 年度撤緩字第 194 號刑事裁定適用了哪些法條？這些條文的要件是什麼？,MIXED
初犯刑法第197條會被關嗎？可以易科罰金嗎？,LEGAL
臺灣南投地方法院 115 年度易字第 281 號刑事判決的爭點是什麼？,JUDGMENT
刑法第318條的追訴權時效是多久？,LEGAL
刑法第340條是告訴乃論嗎？,LEGAL
保安處分的法律規定為何？可以用臺灣士林地方法院 115 年度聲字第 1059 號刑事裁定當例子說明嗎？,MIXED
朋友涉嫌偽造文書，相關法條規定和法院可能的判決結果是什麼？,MIXED
比較刑法第280條的文義和法院實務的解釋差異,MIXED
初犯刑法第315-2條會被關嗎？可以易科罰金嗎？,LEGAL
幫我解釋刑法第85條的每一項規定,LEGAL
刑法第61條的內容是什麼？可以解釋一下嗎？,LEGAL
臺灣高雄地方法院最近有哪些詐欺等的判決？,JUDGMENT
刑法第243條適用時要注意什麼？,LEGAL
刑法第58條規定了什麼？,LEGAL
有沒有發還保證金被判無罪或駁回的案例？,JUDGMENT
比較刑法第85條的文義和法院實務的解釋差異,MIXED
違反銀行法等的法律要件是什麼？用真實案例解釋給我聽,MIXED
墮胎罪的法定刑是多少？實務上法院實際都判多重？,MIXED
關於聲請再審，實務上法院通常怎麼判？,JUDGMENT
臺灣高等法院 高雄分院 115 年度聲保字第 360 號刑事裁定適用了哪些法條？這些條文的要件是什麼？,MIXED
脫逃罪怎麼構成？實務上有哪些判決可以佐證？,MIXED
之一 妨害性隱私及不實性影像罪怎麼構成？實務上有哪些判決可以佐證？,MIXED
刑法第255條是告訴乃論嗎？實務上這類案件的判決情況如何？,MIXED
刑法第54條有沒有未遂犯的處罰？,LEGAL
搶奪強盜及海盜罪的條文規定和實務判決見解有沒有落差？,MIXED
保安處分的法定刑是多少？實務上法院實際都判多重？,MIXED
刑法裡「行為之處罰，以行為時之法律有明文規定者為限」是什麼意思？,LEGAL
解釋偽證及誣告罪的要件，並用實際判決說明法院怎麼認定,MIXED
臺灣臺南地方法院 115 年度簡字第 3675 號刑事判決裡被告的答辯是什麼？,JUDGMENT
刑法第184條的行為主體有什麼限制？,LEGAL
法例的處罰有多重？,LEGAL
違反毒品危害防制條例在刑法上怎麼規定？從判決來看法院的認定標準是什麼？,MIXED
洗錢防制法等適用的法條是什麼？有判決先例可以參考嗎？,MIXED
臺灣桃園地方法院 115 年度聲字第 2274 號刑事裁定的量刑考量是什麼？,JUDGMENT
刑法第170條的構成要件有哪些？,LEGAL
臺灣士林地方法院 115 年度易字第 203 號刑事判決這件案子的事實經過為何？,JUDGMENT
刑法第319-3條的構成要件有哪些？,LEGAL
法院在臺灣臺南地方法院 115 年度訴字第 836 號刑事判決採取了什麼見解？,JUDGMENT
公共危險罪規定在刑法哪些條文？,LEGAL
幫我摘要臺灣桃園地方法院 115 年度聲字第 2214 號刑事裁定,JUDGMENT
臺灣桃園地方法院 115 年度交易字第 314 號刑事判決的量刑考量是什麼？,JUDGMENT
臺灣臺北地方法院 115 年度聲字第 1659 號刑事裁定裡被告的答辯是什麼？,JUDGMENT
刑法關於妨害名譽及信用罪的規定可以整理給我嗎？,LEGAL
臺灣臺北地方法院 115 年度簡字第 1997 號刑事裁定這件案子可以上訴嗎？結果如何？,JUDGMENT
刑法關於保安處分的規定可以整理給我嗎？,LEGAL
臺灣臺南地方法院 115 年度訴字第 502 號民事裁定的判決結果是什麼？,JUDGMENT
聲請定應執行之刑案件中法院怎麼認定事實？,JUDGMENT
臺灣苗栗地方法院 115 年度訴字第 233 號刑事裁定跟類似案件的判決有什麼不同？,JUDGMENT
偽造文書印文罪的法律規定為何？可以用臺灣臺南地方法院 115 年度交簡字第 2131 號刑事判決當例子說明嗎？,MIXED
刑法第236條是告訴乃論嗎？實務上這類案件的判決情況如何？,MIXED
臺灣臺中地方法院最近有哪些聲請假釋期中付保護管束的判決？,JUDGMENT
刑法第73條的要件是什麼？法院在具體個案中怎麼操作？,MIXED
朋友涉嫌聲請發還扣押物，相關法條規定和法院可能的判決結果是什麼？,MIXED
臺灣高等法院最近有哪些聲請定其應執行刑的判決？,JUDGMENT
刑法第218條的行為主體有什麼限制？,LEGAL
以臺灣士林地方法院 115 年度易字第 332 號刑事判決為例，說明公共危險罪的構成要件怎麼認定,MIXED
刑法第153條是告訴乃論嗎？,LEGAL
詐欺會觸犯哪些刑法條文？法院實務見解如何？,MIXED
臺灣士林地方法院 115 年度審簡字第 880 號刑事判決的爭點是什麼？,JUDGMENT
妨害電腦使用罪怎麼構成？實務上有哪些判決可以佐證？,MIXED
偽造度量衡罪怎麼構成？實務上有哪些判決可以佐證？,MIXED
臺灣桃園地方法院 114 年度易字第 1478 號刑事判決這件案子的事實經過為何？,JUDGMENT
以臺灣嘉義地方法院 115 年度嘉簡字第 724 號刑事判決為例，說明妨害秩序罪的構成要件怎麼認定,MIXED
刑法第297條適用時要注意什麼？,LEGAL
解釋公共危險罪的要件，並用實際判決說明法院怎麼認定,MIXED
刑法第91條規定了什麼？,LEGAL
朋友涉嫌家暴妨害名譽，相關法條規定和法院可能的判決結果是什麼？,MIXED
妨害婚姻及家庭罪的法律規定為何？可以用臺灣臺南地方法院 115 年度交易字第 815 號刑事判決當例子說明嗎？,MIXED
刑法第75-1條和第323條有什麼差別？,LEGAL
臺灣臺南地方法院 115 年度交簡字第 2559 號刑事判決的主文內容是什麼？,JUDGMENT
找幾件沒入保證金的判決給我參考,JUDGMENT
刑法第306條的行為主體有什麼限制？,LEGAL
刑法第148條規定什麼？實務上像損害賠償這種案件法院都怎麼判？,MIXED
臺灣臺南地方法院 115 年度家調裁字第 81 號民事裁定的爭點是什麼？,JUDGMENT
竊盜罪的成立要件是什麼？,LEGAL
定應執行刑的法律要件是什麼？用真實案例解釋給我聽,MIXED
殺人未遂等在刑法上怎麼規定？從判決來看法院的認定標準是什麼？,MIXED
臺灣高等法院 高雄分院 115 年度聲保字第 317 號刑事裁定的主文內容是什麼？,JUDGMENT
刑法第193條和第47條有什麼差別？,LEGAL
臺灣臺南地方法院處理定應執行刑案件的立場是什麼？,JUDGMENT
臺灣高等法院 115 年度原侵上訴字第 5 號刑事判決這件案子的事實經過為何？,JUDGMENT
刑法第51條的立法目的是什麼？,LEGAL
臺灣臺南地方法院 115 年度家調裁字第 81 號民事裁定適用了哪些法條？這些條文的要件是什麼？,MIXED
偽證及誣告罪規定在刑法哪些條文？,LEGAL
解釋一下臺灣臺南地方法院 115 年度聲保字第 153 號刑事裁定在講什麼,JUDGMENT
貪污治罪條例等在刑法上怎麼規定？從判決來看法院的認定標準是什麼？,MIXED
臺灣高等法院 臺中分院 115 年度聲字第 1248 號刑事裁定裡被告的答辯是什麼？,JUDGMENT
刑法第317條的追訴權時效是多久？,LEGAL
臺灣桃園地方法院 115 年度審交簡字第 159 號刑事判決的主文內容是什麼？,JUDGMENT
刑法第331條和第159條有什麼差別？,LEGAL
刑法關於之一 沒收的規定可以整理給我嗎？,LEGAL
幫我摘要臺灣高等法院 臺中分院 115 年度聲字第 1013 號刑事裁定,JUDGMENT
解釋一下臺灣臺南地方法院 115 年度聲保字第 155 號刑事裁定在講什麼,JUDGMENT
臺灣高等法院 臺中分院 113 年度金上訴字第 1272 號刑事裁定這件案子的事實經過為何？,JUDGMENT
聲請假釋期中交付保護管束會觸犯哪些刑法條文？法院實務見解如何？,MIXED
比較刑法第319-5條的文義和法院實務的解釋差異,MIXED
比較刑法第339條的文義和法院實務的解釋差異,MIXED
法院在臺灣高等法院 114 年度上訴字第 304 號刑事裁定採取了什麼見解？,JUDGMENT
臺灣臺南地方法院 115 年度國審聲字第 7 號刑事裁定的爭點是什麼？,JUDGMENT
臺灣臺南地方法院 115 年度原交簡字第 74 號刑事判決這件案子可以上訴嗎？結果如何？,JUDGMENT
刑法第63條的構成要件有哪些？,LEGAL
找幾件侵占等的判決給我參考,JUDGMENT
臺灣桃園地方法院 115 年度桃簡字第 1508 號刑事判決跟類似案件的判決有什麼不同？,JUDGMENT
比較刑法第349條的文義和法院實務的解釋差異,MIXED
刑法第186-1條的法定刑是多少？,LEGAL
以臺灣桃園地方法院 114 年度審交易字第 1075 號刑事判決為例，說明妨害秩序罪的構成要件怎麼認定,MIXED
臺灣高等法院 高雄分院 115 年度聲字第 528 號刑事裁定跟類似案件的判決有什麼不同？,JUDGMENT
刑法第315-3條是告訴乃論嗎？實務上這類案件的判決情況如何？,MIXED
臺灣臺南地方法院 115 年度易字第 98 號刑事判決裡被告的答辯是什麼？,JUDGMENT
刑法裡「有管收、解送或拘禁人犯職務之公務員，對於人犯」是什麼意思？,LEGAL
幫我解釋刑法第122條的每一項規定,LEGAL
刑法第117條所稱的行為是指什麼？,LEGAL
臺灣桃園地方法院 115 年度聲字第 2214 號刑事裁定跟類似案件的判決有什麼不同？,JUDGMENT
刑法第300條的行為主體有什麼限制？,LEGAL
時效的法定刑是多少？實務上法院實際都判多重？,MIXED
臺灣桃園地方法院 115 年度聲字第 1915 號刑事裁定的判決結果是什麼？,JUDGMENT
臺灣高等法院 114 年度上訴字第 4562 號刑事裁定裡被告的答辯是什麼？,JUDGMENT
刑法第268條所稱的行為是指什麼？,LEGAL
什麼情況下會成立刑法第91條的罪？,LEGAL
刑法第343條的追訴權時效是多久？,LEGAL
臺灣宜蘭地方法院 115 年度聲字第 570 號刑事裁定這件案子的事實經過為何？,JUDGMENT
臺灣士林地方法院 115 年度訴字第 412 號刑事判決中法院的理由是什麼？,JUDGMENT
臺灣南投地方法院 115 年度附民字第 256 號刑事判決適用了哪些法條？這些條文的要件是什麼？,MIXED
觸犯刑法第41條會留下前科嗎？,LEGAL
傷害罪的法律規定為何？可以用臺灣高雄地方法院 115 年度訴字第 480 號刑事裁定當例子說明嗎？,MIXED
有沒有定應執行刑被判無罪或駁回的案例？,JUDGMENT
刑法第183條的要件是什麼？法院在具體個案中怎麼操作？,MIXED
臺灣高雄地方法院 115 年度附民字第 232 號刑事判決這件案子可以上訴嗎？結果如何？,JUDGMENT
偽證及誣告罪的成立要件是什麼？,LEGAL
刑法第300條的內容是什麼？可以解釋一下嗎？,LEGAL
刑法第46條的要件是什麼？法院在具體個案中怎麼操作？,MIXED
臺灣臺南地方法院 112 年度撤緩字第 187 號刑事裁定的判決結果是什麼？,JUDGMENT
找幾件假釋付保護管束的判決給我參考,JUDGMENT
解釋一下臺灣新竹地方法院 115 年度交易字第 386 號刑事判決在講什麼,JUDGMENT
臺灣臺中地方法院 114 年度聲字第 4655 號刑事裁定中法院的理由是什麼？,JUDGMENT
偽造貨幣罪規定在刑法哪些條文？,LEGAL
朋友涉嫌背信，相關法條規定和法院可能的判決結果是什麼？,MIXED
以臺灣雲林地方法院 115 年度交易字第 128 號刑事判決為例，說明之二 易刑的構成要件怎麼認定,MIXED
臺灣高等法院處理不服具保停止羈押等案件的立場是什麼？,JUDGMENT
刑法第68條規定了什麼？,LEGAL
定應執行刑會觸犯哪些刑法條文？法院實務見解如何？,MIXED
刑法關於假釋的規定可以整理給我嗎？,LEGAL
刑法第239條的追訴權時效是多久？,LEGAL
妨害投票罪怎麼構成？實務上有哪些判決可以佐證？,MIXED
刑法第165條的要件是什麼？法院在具體個案中怎麼操作？,MIXED
臺灣臺南地方法院 115 年度交易字第 827 號刑事判決的判決結果是什麼？,JUDGMENT
臺灣高等法院 115 年度上訴字第 1119 號刑事裁定的判決結果是什麼？,JUDGMENT
刑法第103條和第355條有什麼差別？,LEGAL
墮胎罪的條文規定和實務判決見解有沒有落差？,MIXED
臺灣新北地方法院 115 年度聲字第 2444 號刑事裁定跟類似案件的判決有什麼不同？,JUDGMENT
刑法第5條所稱的行為是指什麼？,LEGAL
觸犯刑法第168條會留下前科嗎？,LEGAL
殺人罪的法定刑是多少？實務上法院實際都判多重？,MIXED
什麼情況下會成立刑法第319-5條的罪？,LEGAL
違反廢棄物清理法會觸犯哪些刑法條文？法院實務見解如何？,MIXED
刑法第36條規定了什麼？,LEGAL
傷害罪的成立要件是什麼？,LEGAL
臺灣高等法院 臺南分院 115 年度上訴字第 1166 號刑事判決的量刑考量是什麼？,JUDGMENT
刑法第338條的構成要件有哪些？,LEGAL
違反刑法第303條會受到什麼處罰？,LEGAL
刑法第299條有沒有未遂犯的處罰？,LEGAL
刑法第72條的立法目的是什麼？,LEGAL
刑法第116條適用時要注意什麼？,LEGAL
解釋偽造度量衡罪的要件，並用實際判決說明法院怎麼認定,MIXED
違反刑法第209條會受到什麼處罰？,LEGAL
詐欺背信及重利罪規定在刑法哪些條文？,LEGAL
比較刑法第109條的文義和法院實務的解釋差異,MIXED
觸犯刑法第139條會留下前科嗎？,LEGAL
妨害名譽及信用罪的處罰有多重？,LEGAL
臺灣新北地方法院 115 年度聲字第 2637 號刑事裁定的主文內容是什麼？,JUDGMENT
臺灣屏東地方法院 115 年度原簡字第 36 號刑事判決的判決結果是什麼？,JUDGMENT
臺灣高等法院 臺中分院 115 年度聲字第 1268 號刑事裁定的爭點是什麼？,JUDGMENT
什麼情況下會成立刑法第315條的罪？,LEGAL
刑法第293條規定什麼？實務上像毀棄損壞這種案件法院都怎麼判？,MIXED
比較刑法第227條的文義和法院實務的解釋差異,MIXED
刑法第160條的法定刑是多少？,LEGAL
詐欺犯罪危害防制條例等的法律要件是什麼？用真實案例解釋給我聽,MIXED
解釋一下臺灣士林地方法院 115 年度單禁沒字第 225 號刑事裁定在講什麼,JUDGMENT
刑法第285條和第258條有什麼差別？,LEGAL
銀行法等適用的法條是什麼？有判決先例可以參考嗎？,MIXED
刑法第212條和第359條有什麼差別？,LEGAL
觸犯刑法第129條會留下前科嗎？,LEGAL
刑法第362條的內容是什麼？可以解釋一下嗎？,LEGAL
解釋一下臺灣士林地方法院 115 年度重訴字第 1 號刑事判決在講什麼,JUDGMENT
朋友涉嫌妨害性自主罪等，相關法條規定和法院可能的判決結果是什麼？,MIXED
臺灣桃園地方法院關於毒品危害防制條例的案件都怎麼判？,JUDGMENT
臺灣高等法院 115 年度原上訴字第 122 號刑事判決裡被告的答辯是什麼？,JUDGMENT
臺灣桃園地方法院 115 年度訴字第 362 號民事判決適用了哪些法條？這些條文的要件是什麼？,MIXED
臺灣高等法院 臺中分院 115 年度金上訴字第 1012 號刑事判決的量刑考量是什麼？,JUDGMENT
刑法第319-4條和第140條有什麼差別？,LEGAL
比較刑法第28條的文義和法院實務的解釋差異,MIXED
刑法第231-1條和第147條有什麼差別？,LEGAL
比較刑法第65條的文義和法院實務的解釋差異,MIXED
刑法第201-1條規定什麼？實務上像發還扣押物這種案件法院都怎麼判？,MIXED
「犯第三百三十九條詐欺罪而有下列情形之一者，處」這是刑法哪一條的規定？,LEGAL
臺灣高等法院最近有哪些聲請具保停止羈押的判決？,JUDGMENT
刑法第173條適用時要注意什麼？,LEGAL
朋友涉嫌聲請撤銷緩刑，相關法條規定和法院可能的判決結果是什麼？,MIXED
「第二百九十八條及第三百零六條之罪，須告訴乃論」這是刑法哪一條的規定？,LEGAL
傷害致死等的法律要件是什麼？用真實案例解釋給我聽,MIXED
以臺灣士林地方法院 115 年度附民緝字第 33 號刑事判決為例，說明殺人罪的構成要件怎麼認定,MIXED
解釋數罪併罰的要件，並用實際判決說明法院怎麼認定,MIXED
妨害秘密罪規定在刑法哪些條文？,LEGAL
初犯刑法第172條會被關嗎？可以易科罰金嗎？,LEGAL
之一 妨害性隱私及不實性影像罪的處罰有多重？,LEGAL
臺灣基隆地方法院 115 年度金訴緝字第 9 號刑事判決適用了哪些法條？這些條文的要件是什麼？,MIXED
科技設備監控案件的判決先例有哪些？,JUDGMENT
臺灣臺南地方法院最近有哪些過失傷害的判決？,JUDGMENT
刑法第319條的行為主體有什麼限制？,LEGAL
臺灣新北地方法院 115 年度審交易字第 993 號刑事判決裡被告的答辯是什麼？,JUDGMENT
違反刑法第296條會受到什麼處罰？,LEGAL
「對於無自救力之人，依民法親屬編應扶助、養育或」這是刑法哪一條的規定？,LEGAL
侵占在刑法上怎麼規定？從判決來看法院的認定標準是什麼？,MIXED
刑法第240條適用時要注意什麼？,LEGAL
刑法第294條適用時要注意什麼？,LEGAL
以臺灣桃園地方法院 115 年度聲字第 2641 號刑事裁定為例，說明公共危險罪的構成要件怎麼認定,MIXED
臺灣士林地方法院最近有哪些損害賠償的判決？,JUDGMENT
刑法第158條的內容是什麼？可以解釋一下嗎？,LEGAL
什麼情況下會成立刑法第349條的罪？,LEGAL
臺灣士林地方法院 115 年度審簡字第 891 號刑事判決的爭點是什麼？,JUDGMENT
解釋時效的要件，並用實際判決說明法院怎麼認定,MIXED
朋友涉嫌侵占遺失物，相關法條規定和法院可能的判決結果是什麼？,MIXED
臺灣臺南地方法院 115 年度智易字第 16 號刑事判決適用了哪些法條？這些條文的要件是什麼？,MIXED
臺灣高等法院 臺中分院 115 年度原上易字第 16 號刑事裁定適用了哪些法條？這些條文的要件是什麼？,MIXED
定應執行之刑的法律要件是什麼？用真實案例解釋給我聽,MIXED
臺灣新北地方法院 115 年度審交簡字第 223 號刑事裁定的主文內容是什麼？,JUDGMENT
臺灣高等法院 高雄分院 115 年度抗字第 46 號刑事裁定的爭點是什麼？,JUDGMENT
什麼情況下會成立刑法第189-1條的罪？,LEGAL
臺灣臺南地方法院 115 年度易字第 1495 號刑事判決這件案子可以上訴嗎？結果如何？,JUDGMENT
刑法第134條的要件是什麼？法院在具體個案中怎麼操作？,MIXED
詐欺背信及重利罪怎麼構成？實務上有哪些判決可以佐證？,MIXED
法院在臺灣桃園地方法院 115 年度聲字第 1584 號刑事裁定採取了什麼見解？,JUDGMENT
刑法第187條的構成要件是什麼？臺灣高等法院 高雄分院 115 年度聲保字第 381 號刑事裁定是怎麼適用這條的？,MIXED
幫我解釋刑法第50條的每一項規定,LEGAL
臺灣臺北地方法院 115 年度簡字第 1526 號刑事判決的量刑考量是什麼？,JUDGMENT
刑法第310條和第134條有什麼差別？,LEGAL
刑法第348條的內容是什麼？可以解釋一下嗎？,LEGAL
家暴殺人未遂等在刑法上怎麼規定？從判決來看法院的認定標準是什麼？,MIXED
違反刑法第84條會受到什麼處罰？,LEGAL
初犯刑法第111條會被關嗎？可以易科罰金嗎？,LEGAL
刑之酌科及加減規定在刑法哪些條文？,LEGAL
臺灣橋頭地方法院 114 年度訴字第 653 號刑事裁定這件案子的事實經過為何？,JUDGMENT
我想了解聲請定其應執行刑的相關法條和實務判決，都幫我整理,MIXED
臺灣南投地方法院 115 年度訴字第 112 號刑事判決中法院的理由是什麼？,JUDGMENT
臺灣臺北地方法院 115 年度審原訴字第 209 號民事裁定這件案子可以上訴嗎？結果如何？,JUDGMENT
刑法第19條的追訴權時效是多久？,LEGAL
刑法第274條的構成要件是什麼？臺灣臺北地方法院 114 年度訴字第 874 號刑事判決是怎麼適用這條的？,MIXED
解釋一下臺灣臺北地方法院 114 年度訴字第 874 號刑事判決在講什麼,JUDGMENT
臺灣高等法院最近有哪些證券交易法等的判決？,JUDGMENT
臺灣高雄地方法院關於傷害的案件都怎麼判？,JUDGMENT
刑法第153條是告訴乃論嗎？實務上這類案件的判決情況如何？,MIXED
「利用電腦或其相關設備犯第三百十六條至第三百十」這是刑法哪一條的規定？,LEGAL
比較刑法第236條的文義和法院實務的解釋差異,MIXED
幫我解釋刑法第95條的每一項規定,LEGAL
刑法第135條規定什麼？實務上像聲請定應執行之刑這種案件法院都怎麼判？,MIXED
褻瀆祀典及侵害墳墓屍體罪的處罰有多重？,LEGAL
偽造文書適用的法條是什麼？有判決先例可以參考嗎？,MIXED
假釋中交付保護管束會觸犯哪些刑法條文？法院實務見解如何？,MIXED
瀆職罪和其他財產犯罪怎麼區分？,LEGAL
臺灣高雄地方法院最近有哪些損害賠償的判決？,JUDGMENT
刑法第251條適用時要注意什麼？,LEGAL
臺灣高等法院 115 年度聲保字第 918 號刑事裁定的爭點是什麼？,JUDGMENT
刑事責任的處罰有多重？,LEGAL
刑法第315-1條和第339-4條有什麼差別？,LEGAL
臺灣士林地方法院 114 年度訴緝字第 71 號刑事判決適用了哪些法條？這些條文的要件是什麼？,MIXED
臺灣高等法院 115 年度上訴字第 4109 號刑事裁定裡被告的答辯是什麼？,JUDGMENT
刑法第280條的構成要件有哪些？,LEGAL
朋友涉嫌加重詐欺等，相關法條規定和法院可能的判決結果是什麼？,MIXED
公共危險罪的法律規定為何？可以用臺灣南投地方法院 115 年度易字第 278 號刑事判決當例子說明嗎？,MIXED
「犯前條第一項之罪，而有第三百二十一條第一項各」這是刑法哪一條的規定？,LEGAL
刑法第132條的內容是什麼？可以解釋一下嗎？,LEGAL
刑法第201-1條是告訴乃論嗎？,LEGAL
什麼情況下會成立刑法第303條的罪？,LEGAL
刑法第241條的行為主體有什麼限制？,LEGAL
聲請定其應執行刑的法律要件是什麼？用真實案例解釋給我聽,MIXED
臺灣苗栗地方法院 115 年度苗簡字第 467 號刑事判決裡被告的答辯是什麼？,JUDGMENT
之一  妨害風化罪的法定刑是多少？實務上法院實際都判多重？,MIXED
刑法第172-1條的法定刑是多少？,LEGAL
不服延長羈押在刑法上怎麼規定？從判決來看法院的認定標準是什麼？,MIXED
刑法第141條的要件是什麼？法院在具體個案中怎麼操作？,MIXED
幫我解釋刑法第128條的每一項規定,LEGAL
殺人罪的法律規定為何？可以用福建金門地方法院 115 年度交易字第 12 號刑事判決當例子說明嗎？,MIXED
刑法第172條的構成要件是什麼？臺灣高雄地方法院 115 年度原簡字第 105 號刑事判決是怎麼適用這條的？,MIXED
刑法第319-3條有沒有未遂犯的處罰？,LEGAL
刑法第27條適用時要注意什麼？,LEGAL
臺灣臺南地方法院 115 年度簡字第 2942 號刑事判決這件案子可以上訴嗎？結果如何？,JUDGMENT
法院在臺灣桃園地方法院 115 年度桃簡字第 602 號刑事判決採取了什麼見解？,JUDGMENT
以臺灣高等法院 115 年度聲字第 1907 號刑事裁定為例，說明妨害自由罪的構成要件怎麼認定,MIXED
刑法第141條的法定刑是多少？,LEGAL
褻瀆祀典及侵害墳墓屍體罪的法律規定為何？可以用臺灣高等法院 115 年度審上訴字第 3820 號刑事裁定當例子說明嗎？,MIXED
刑法裡「幫助他人實行犯罪行為者，為幫助犯。雖他人不知」是什麼意思？,LEGAL
解釋一下臺灣士林地方法院 115 年度訴字第 552 號刑事判決在講什麼,JUDGMENT
偽造貨幣罪的法律規定為何？可以用臺灣高等法院 臺中分院 115 年度聲字第 1038 號刑事裁定當例子說明嗎？,MIXED
臺灣士林地方法院 115 年度聲字第 516 號刑事裁定的主文內容是什麼？,JUDGMENT
詐欺背信及重利罪的法定刑是多少？實務上法院實際都判多重？,MIXED
刑法第41條的構成要件是什麼？臺灣臺南地方法院 115 年度易字第 1331 號刑事判決是怎麼適用這條的？,MIXED
解釋鴉片罪的要件，並用實際判決說明法院怎麼認定,MIXED
妨害國交罪和其他財產犯罪怎麼區分？,LEGAL
刑法第97條的追訴權時效是多久？,LEGAL
關於過失傷害，實務上法院通常怎麼判？,JUDGMENT
刑法第85條的行為主體有什麼限制？,LEGAL
以臺灣苗栗地方法院 115 年度聲字第 533 號刑事裁定為例，說明瀆職罪的構成要件怎麼認定,MIXED
臺灣新竹地方法院 115 年度竹簡字第 594 號刑事判決適用了哪些法條？這些條文的要件是什麼？,MIXED
刑法第319-1條是告訴乃論嗎？實務上這類案件的判決情況如何？,MIXED
觸犯刑法第282條會留下前科嗎？,LEGAL
刑法第189-2條是告訴乃論嗎？實務上這類案件的判決情況如何？,MIXED
臺灣臺東地方法院 115 年度聲字第 184 號刑事裁定的主文內容是什麼？,JUDGMENT
解釋一下臺灣士林地方法院 115 年度智附民字第 6 號刑事判決在講什麼,JUDGMENT
臺灣桃園地方法院關於竊盜的案件都怎麼判？,JUDGMENT
「以強暴、脅迫使人行無義務之事或妨害人行使權利」這是刑法哪一條的規定？,LEGAL
臺灣臺南地方法院 115 年度簡字第 3354 號刑事判決這件案子的事實經過為何？,JUDGMENT
聲請撤銷緩刑的法律要件是什麼？用真實案例解釋給我聽,MIXED
觸犯刑法第254條會留下前科嗎？,LEGAL
刑法第140條的要件是什麼？法院在具體個案中怎麼操作？,MIXED
妨害婚姻及家庭罪怎麼構成？實務上有哪些判決可以佐證？,MIXED
幫我摘要臺灣苗栗地方法院 115 年度苗簡字第 467 號刑事判決,JUDGMENT
搶奪強盜及海盜罪的法律規定為何？可以用臺灣高等法院 115 年度聲字第 1907 號刑事裁定當例子說明嗎？,MIXED
解釋一下臺灣士林地方法院 115 年度單禁沒字第 235 號刑事裁定在講什麼,JUDGMENT
臺灣桃園地方法院 115 年度國審聲字第 14 號刑事裁定這件案子的事實經過為何？,JUDGMENT
刑法第331條適用時要注意什麼？,LEGAL
刑法第304條的構成要件是什麼？臺灣臺南地方法院 115 年度交易字第 821 號刑事判決是怎麼適用這條的？,MIXED
臺灣新北地方法院 115 年度聲字第 2637 號刑事裁定適用了哪些法條？這些條文的要件是什麼？,MIXED
侵權行為損害賠償案件中法院怎麼認定事實？,JUDGMENT
臺灣新竹地方法院最近有哪些竊盜等的判決？,JUDGMENT
搶奪強盜及海盜罪的法定刑是多少？實務上法院實際都判多重？,MIXED
幫我摘要臺灣高等法院 115 年度聲再字第 340 號刑事裁定,JUDGMENT
臺灣臺南地方法院處理洗錢防制法等案件的立場是什麼？,JUDGMENT
什麼情況下會成立刑法第354條的罪？,LEGAL
臺灣桃園地方法院 115 年度聲保字第 312 號刑事裁定跟類似案件的判決有什麼不同？,JUDGMENT
臺灣高等法院 115 年度國審抗字第 24 號刑事裁定這件案子可以上訴嗎？結果如何？,JUDGMENT
臺灣桃園地方法院 115 年度交訴字第 41 號刑事判決跟類似案件的判決有什麼不同？,JUDGMENT
刑法第264條的構成要件有哪些？,LEGAL
什麼情況下會成立刑法第165條的罪？,LEGAL
臺灣高等法院處理聲請更定應執行刑案件的立場是什麼？,JUDGMENT
臺灣高等法院 臺中分院 115 年度抗字第 512 號刑事裁定中法院的理由是什麼？,JUDGMENT
觸犯刑法第238條會留下前科嗎？,LEGAL
刑法第37條所稱的行為是指什麼？,LEGAL
法院在臺灣臺北地方法院 115 年度審原訴字第 209 號民事裁定採取了什麼見解？,JUDGMENT
以臺灣高等法院 臺中分院 115 年度聲字第 1268 號刑事裁定為例，說明之一 妨害性隱私及不實性影像罪的構成要件怎麼認定,MIXED
妨害自由罪的法律規定為何？可以用臺灣臺南地方法院 115 年度訴字第 1265 號刑事判決當例子說明嗎？,MIXED
幫我摘要臺灣高等法院 115 年度上訴字第 3030 號刑事判決,JUDGMENT
找幾件傷害的判決給我參考,JUDGMENT
刑法第325條和第151條有什麼差別？,LEGAL
臺灣高等法院 115 年度聲字第 1891 號刑事裁定的判決結果是什麼？,JUDGMENT
加重強盜在刑法上怎麼規定？從判決來看法院的認定標準是什麼？,MIXED
「經檢察官或法官命具保、責付、限制住居或限制出」這是刑法哪一條的規定？,LEGAL
刑法第244條的內容是什麼？可以解釋一下嗎？,LEGAL
違反刑法第135條會受到什麼處罰？,LEGAL
毀棄損壞案件的判決先例有哪些？,JUDGMENT
刑法第95條的要件是什麼？法院在具體個案中怎麼操作？,MIXED
臺灣新北地方法院 115 年度聲字第 1941 號刑事裁定適用了哪些法條？這些條文的要件是什麼？,MIXED
聲請假釋中付保護管束適用的法條是什麼？有判決先例可以參考嗎？,MIXED
比較刑法第73條的文義和法院實務的解釋差異,MIXED
「受緩刑之宣告而有下列情形之一，足認原宣告之緩」這是刑法哪一條的規定？,LEGAL
初犯刑法第186-1條會被關嗎？可以易科罰金嗎？,LEGAL
刑法第319-2條的構成要件是什麼？臺灣新竹地方法院 114 年度訴字第 1162 號刑事判決是怎麼適用這條的？,MIXED
臺灣新竹地方法院 115 年度竹簡字第 298 號刑事判決跟類似案件的判決有什麼不同？,JUDGMENT
臺灣基隆地方法院 115 年度易字第 88 號刑事判決的量刑考量是什麼？,JUDGMENT
有沒有聲請發還扣押物被判無罪或駁回的案例？,JUDGMENT
我想了解竊盜的相關法條和實務判決，都幫我整理,MIXED
刑法第232條有沒有未遂犯的處罰？,LEGAL
臺灣嘉義地方法院 115 年度嘉簡字第 989 號刑事判決適用了哪些法條？這些條文的要件是什麼？,MIXED
臺灣南投地方法院 115 年度聲保字第 42 號刑事裁定的爭點是什麼？,JUDGMENT
有沒有聲請撤銷緩刑被判無罪或駁回的案例？,JUDGMENT
朋友涉嫌聲請具保停止羈押，相關法條規定和法院可能的判決結果是什麼？,MIXED
刑法第266條規定什麼？實務上像洗錢防制法等這種案件法院都怎麼判？,MIXED
刑法第115條規定什麼？實務上像聲請撤銷緩刑這種案件法院都怎麼判？,MIXED
福建金門地方法院 115 年度易字第 13 號刑事裁定裡被告的答辯是什麼？,JUDGMENT
臺北高等行政法院最近有哪些虛報進口貨物的判決？,JUDGMENT
解釋恐嚇及擄人勒贖罪的要件，並用實際判決說明法院怎麼認定,MIXED
刑法第74條的構成要件是什麼？臺灣新竹地方法院 115 年度竹簡字第 399 號民事裁定是怎麼適用這條的？,MIXED
以臺灣南投地方法院 115 年度投交簡字第 245 號刑事判決為例，說明保安處分的構成要件怎麼認定,MIXED
臺灣高雄地方法院 114 年度審附民字第 1225 號刑事裁定這件案子的事實經過為何？,JUDGMENT
公共危險罪的成立要件是什麼？,LEGAL
有沒有聲請定其應執行刑被判無罪或駁回的案例？,JUDGMENT
刑法第330條和第99條有什麼差別？,LEGAL
朋友涉嫌傷害，相關法條規定和法院可能的判決結果是什麼？,MIXED
以臺灣橋頭地方法院 111 年度金訴字第 167 號刑事裁定為例，說明褻瀆祀典及侵害墳墓屍體罪的構成要件怎麼認定,MIXED
臺灣臺南地方法院 115 年度簡字第 2739 號刑事判決的量刑考量是什麼？,JUDGMENT
以臺灣雲林地方法院 115 年度交附民字第 101 號刑事裁定為例，說明刑事責任的構成要件怎麼認定,MIXED
臺灣臺南地方法院 115 年度交簡字第 1934 號刑事判決裡被告的答辯是什麼？,JUDGMENT
以臺灣桃園地方法院 115 年度聲字第 1821 號刑事裁定為例，說明瀆職罪的構成要件怎麼認定,MIXED
臺灣橋頭地方法院最近有哪些毒品危害防制條例的判決？,JUDGMENT
刑法第233條的構成要件是什麼？臺灣新竹地方法院 115 年度竹簡字第 975 號刑事判決是怎麼適用這條的？,MIXED
解釋一下臺灣士林地方法院 115 年度聲字第 931 號刑事裁定在講什麼,JUDGMENT
臺灣士林地方法院 115 年度易字第 398 號刑事判決的判決結果是什麼？,JUDGMENT
刑法第313條的要件是什麼？法院在具體個案中怎麼操作？,MIXED
解釋一下臺灣士林地方法院 115 年度審簡字第 871 號刑事判決在講什麼,JUDGMENT
贓物罪的法定刑是多少？實務上法院實際都判多重？,MIXED
刑法關於妨害農工商罪的規定可以整理給我嗎？,LEGAL
比較刑法第150條的文義和法院實務的解釋差異,MIXED
比較刑法第8條的文義和法院實務的解釋差異,MIXED
鴉片罪怎麼構成？實務上有哪些判決可以佐證？,MIXED
比較刑法第185-1條的文義和法院實務的解釋差異,MIXED
刑法第76條的構成要件有哪些？,LEGAL
幫我摘要臺灣高等法院 高雄分院 115 年度上訴字第 241 號刑事判決,JUDGMENT
找幾件違反性侵害犯罪防治法的判決給我參考,JUDGMENT
法院在臺灣嘉義地方法院 115 年度交易字第 332 號刑事判決採取了什麼見解？,JUDGMENT
刑法第64條的要件是什麼？法院在具體個案中怎麼操作？,MIXED
臺灣高等法院 115 年度審上訴字第 3210 號刑事裁定的爭點是什麼？,JUDGMENT
觸犯刑法第327條會留下前科嗎？,LEGAL
詐欺等會觸犯哪些刑法條文？法院實務見解如何？,MIXED
關於偽證等，實務上法院通常怎麼判？,JUDGMENT
臺灣桃園地方法院 115 年度聲字第 2486 號刑事裁定跟類似案件的判決有什麼不同？,JUDGMENT
違反刑法第106條會受到什麼處罰？,LEGAL
妨害公務罪的條文規定和實務判決見解有沒有落差？,MIXED
臺灣桃園地方法院最近有哪些公共危險的判決？,JUDGMENT
加重竊盜等案件中法院怎麼認定事實？,JUDGMENT
撤銷信徒大會會議決議等適用的法條是什麼？有判決先例可以參考嗎？,MIXED
刑法第319-1條的立法目的是什麼？,LEGAL
刑法第261條所稱的行為是指什麼？,LEGAL
詐欺背信及重利罪的法律規定為何？可以用臺灣南投地方法院 115 年度附民字第 283 號刑事判決當例子說明嗎？,MIXED
臺灣新竹地方法院 115 年度聲字第 866 號刑事裁定裡被告的答辯是什麼？,JUDGMENT
侵占遺失物的法律要件是什麼？用真實案例解釋給我聽,MIXED
刑法第246條適用時要注意什麼？,LEGAL
臺灣新竹地方法院最近有哪些業務侵占罪的判決？,JUDGMENT
刑法第198條的構成要件是什麼？臺灣臺中地方法院 115 年度聲字第 1992 號刑事裁定是怎麼適用這條的？,MIXED
臺灣橋頭地方法院 115 年度附民字第 1041 號刑事判決的爭點是什麼？,JUDGMENT
刑法第29條的構成要件是什麼？臺灣新竹地方法院 115 年度竹簡字第 298 號刑事判決是怎麼適用這條的？,MIXED
妨害婚姻及家庭罪規定在刑法哪些條文？,LEGAL
比較刑法第348條的文義和法院實務的解釋差異,MIXED
刑法第106條的要件是什麼？法院在具體個案中怎麼操作？,MIXED
刑法第250條是告訴乃論嗎？實務上這類案件的判決情況如何？,MIXED
毒品危害防制條例等案件的判決先例有哪些？,JUDGMENT
刑法第120條和第176條有什麼差別？,LEGAL
刑法第100條所稱的行為是指什麼？,LEGAL
之一  妨害風化罪規定在刑法哪些條文？,LEGAL
解釋之一 妨害性隱私及不實性影像罪的要件，並用實際判決說明法院怎麼認定,MIXED
刑法第281條的要件是什麼？法院在具體個案中怎麼操作？,MIXED
臺灣新北地方法院 114 年度訴緝字第 112 號刑事判決的主文內容是什麼？,JUDGMENT
家庭暴力之傷害案件中法院怎麼認定事實？,JUDGMENT
刑法第356條適用時要注意什麼？,LEGAL
刑法第319-2條規定什麼？實務上像侵占等這種案件法院都怎麼判？,MIXED
刑法第284條的追訴權時效是多久？,LEGAL
臺灣新北地方法院 115 年度審金訴字第 1555 號刑事判決跟類似案件的判決有什麼不同？,JUDGMENT
刑法第330條的構成要件是什麼？臺灣南投地方法院 115 年度投簡字第 399 號刑事判決是怎麼適用這條的？,MIXED
刑法第86條的內容是什麼？可以解釋一下嗎？,LEGAL
初犯刑法第99條會被關嗎？可以易科罰金嗎？,LEGAL
刑法第360條的法定刑是多少？,LEGAL
刑法第156條的要件是什麼？法院在具體個案中怎麼操作？,MIXED
幫我摘要臺灣臺南地方法院 115 年度聲字第 1344 號刑事裁定,JUDGMENT
解釋妨害自由罪的要件，並用實際判決說明法院怎麼認定,MIXED
刑法第144條的法定刑是多少？,LEGAL
刑法第216條和第161-1條有什麼差別？,LEGAL
什麼情況下會成立刑法第201-1條的罪？,LEGAL
之一  妨害風化罪的法律規定為何？可以用臺灣士林地方法院 115 年度聲字第 788 號刑事裁定當例子說明嗎？,MIXED
臺灣高等法院 高雄分院 115 年度上訴字第 697 號刑事判決的判決結果是什麼？,JUDGMENT
臺灣新竹地方法院 115 年度易字第 964 號刑事判決的量刑考量是什麼？,JUDGMENT
什麼情況下會成立刑法第234條的罪？,LEGAL
刑法第294條規定了什麼？,LEGAL
刑法第129條的追訴權時效是多久？,LEGAL
違反刑法第33條會受到什麼處罰？,LEGAL
臺灣桃園地方法院 115 年度審簡字第 575 號刑事判決的判決結果是什麼？,JUDGMENT
臺灣桃園地方法院 115 年度聲字第 2033 號刑事裁定適用了哪些法條？這些條文的要件是什麼？,MIXED
解釋一下臺灣桃園地方法院 115 年度聲字第 1848 號刑事裁定在講什麼,JUDGMENT
以臺灣臺南地方法院 115 年度簡字第 3265 號刑事判決為例，說明假釋的構成要件怎麼認定,MIXED
偽造貨幣罪的條文規定和實務判決見解有沒有落差？,MIXED
刑法第107條規定了什麼？,LEGAL
刑法第217條規定什麼？實務上像損害賠償這種案件法院都怎麼判？,MIXED
違反兒童及少年性剝削防制條例等案件中法院怎麼認定事實？,JUDGMENT
數罪併罰的條文規定和實務判決見解有沒有落差？,MIXED
我想了解偽造文書等的相關法條和實務判決，都幫我整理,MIXED
刑法第318-1條的立法目的是什麼？,LEGAL
違反刑法第334-1條會受到什麼處罰？,LEGAL
臺灣屏東地方法院 115 年度聲字第 498 號刑事裁定的量刑考量是什麼？,JUDGMENT
聲請解除扣押案件的判決先例有哪些？,JUDGMENT
以臺灣桃園地方法院 115 年度桃簡字第 1290 號刑事判決為例，說明妨害自由罪的構成要件怎麼認定,MIXED
傷害等在刑法上怎麼規定？從判決來看法院的認定標準是什麼？,MIXED
臺灣士林地方法院 115 年度審訴字第 921 號刑事判決這件案子的事實經過為何？,JUDGMENT
刑法第156條規定什麼？實務上像侵權行為損害賠償這種案件法院都怎麼判？,MIXED
刑法第318條的構成要件是什麼？臺灣臺南地方法院 115 年度易字第 1673 號刑事判決是怎麼適用這條的？,MIXED
以臺灣臺北地方法院 115 年度審訴字第 263 號民事裁定為例，說明偽造有價證券罪的構成要件怎麼認定,MIXED
刑法第135條有沒有未遂犯的處罰？,LEGAL
法院在臺灣士林地方法院 115 年度聲字第 833 號刑事裁定採取了什麼見解？,JUDGMENT
以臺灣高等法院 高雄分院 115 年度抗字第 329 號刑事裁定為例，說明法例的構成要件怎麼認定,MIXED
臺灣新竹地方法院 115 年度聲字第 479 號刑事裁定這件案子可以上訴嗎？結果如何？,JUDGMENT
刑法關於瀆職罪的規定可以整理給我嗎？,LEGAL
臺灣臺南地方法院 115 年度聲字第 862 號刑事裁定的爭點是什麼？,JUDGMENT
解釋一下臺灣士林地方法院 115 年度聲字第 830 號刑事裁定在講什麼,JUDGMENT
臺灣新北地方法院 115 年度撤緩字第 194 號刑事裁定這件案子的事實經過為何？,JUDGMENT
刑法第165條和第226-1條有什麼差別？,LEGAL
臺灣臺南地方法院 115 年度訴字第 743 號刑事判決適用了哪些法條？這些條文的要件是什麼？,MIXED
刑法第146條有沒有未遂犯的處罰？,LEGAL
業務侵占適用的法條是什麼？有判決先例可以參考嗎？,MIXED
臺灣新北地方法院 115 年度聲字第 1970 號刑事裁定中法院的理由是什麼？,JUDGMENT
刑之酌科及加減的法律規定為何？可以用臺灣臺南地方法院 115 年度交簡字第 2494 號刑事判決當例子說明嗎？,MIXED
臺灣新竹地方法院 115 年度聲字第 426 號刑事裁定這件案子可以上訴嗎？結果如何？,JUDGMENT
褻瀆祀典及侵害墳墓屍體罪的法律規定為何？可以用臺灣桃園地方法院 115 年度聲字第 2282 號刑事裁定當例子說明嗎？,MIXED
臺灣彰化地方法院 115 年度聲字第 1152 號刑事裁定的主文內容是什麼？,JUDGMENT
「駕駛動力交通工具發生交通事故，致人傷害而逃逸」這是刑法哪一條的規定？,LEGAL
家暴恐嚇等適用的法條是什麼？有判決先例可以參考嗎？,MIXED
臺灣臺南地方法院 115 年度簡字第 3376 號刑事判決跟類似案件的判決有什麼不同？,JUDGMENT
朋友涉嫌違反貪污治罪條例等，相關法條規定和法院可能的判決結果是什麼？,MIXED
傷害適用的法條是什麼？有判決先例可以參考嗎？,MIXED
找幾件組織犯罪防制條例等的判決給我參考,JUDGMENT
以臺灣新北地方法院 115 年度審簡附民字第 19 號刑事判決為例，說明偽造度量衡罪的構成要件怎麼認定,MIXED
侵占罪和其他財產犯罪怎麼區分？,LEGAL
臺灣新竹地方法院 115 年度訴字第 1209 號刑事裁定這件案子可以上訴嗎？結果如何？,JUDGMENT
刑法第227條的立法目的是什麼？,LEGAL
幫我摘要臺灣南投地方法院 115 年度聲字第 256 號刑事裁定,JUDGMENT
法例的法定刑是多少？實務上法院實際都判多重？,MIXED
刑法第319-5條的追訴權時效是多久？,LEGAL
妨害名譽及信用罪的條文規定和實務判決見解有沒有落差？,MIXED
刑法第15條的構成要件是什麼？臺灣桃園地方法院 115 年度審交簡字第 158 號刑事判決是怎麼適用這條的？,MIXED
刑法第302條和第162條有什麼差別？,LEGAL
臺灣桃園地方法院 115 年度聲字第 1915 號刑事裁定的主文內容是什麼？,JUDGMENT
妨害投票罪的處罰有多重？,LEGAL
刑事責任的法律規定為何？可以用臺灣高等法院 115 年度上訴字第 2633 號刑事裁定當例子說明嗎？,MIXED
有沒有聲請具保停止羈押被判無罪或駁回的案例？,JUDGMENT
解釋一下臺灣臺南地方法院 115 年度聲字第 1473 號刑事裁定在講什麼,JUDGMENT
刑法第245條是告訴乃論嗎？實務上這類案件的判決情況如何？,MIXED
臺灣桃園地方法院 115 年度壢簡字第 400 號刑事判決中法院的理由是什麼？,JUDGMENT
幫我解釋刑法第214條的每一項規定,LEGAL
刑法第210條的行為主體有什麼限制？,LEGAL
死亡宣告的法律要件是什麼？用真實案例解釋給我聽,MIXED
臺灣臺南地方法院 115 年度交簡字第 2528 號刑事判決中法院的理由是什麼？,JUDGMENT
刑法關於內亂罪的規定可以整理給我嗎？,LEGAL
臺灣臺東地方法院 115 年度聲保字第 33 號刑事裁定這件案子可以上訴嗎？結果如何？,JUDGMENT
刑法第262條規定了什麼？,LEGAL
幫我摘要臺灣新北地方法院 115 年度訴字第 752 號民事判決,JUDGMENT
保安處分怎麼構成？實務上有哪些判決可以佐證？,MIXED
臺灣高等法院 臺中分院 115 年度金上訴字第 1050 號刑事判決的爭點是什麼？,JUDGMENT
臺灣新竹地方法院關於傷害的案件都怎麼判？,JUDGMENT
法院在臺灣臺南地方法院 115 年度交簡字第 1972 號刑事判決採取了什麼見解？,JUDGMENT
聲明異議在刑法上怎麼規定？從判決來看法院的認定標準是什麼？,MIXED
臺灣臺南地方法院 115 年度易字第 247 號刑事判決的主文內容是什麼？,JUDGMENT
刑法第41條的要件是什麼？法院在具體個案中怎麼操作？,MIXED
刑規定在刑法哪些條文？,LEGAL
臺灣南投地方法院 115 年度金訴字第 85 號刑事判決的判決結果是什麼？,JUDGMENT
幫我摘要臺灣臺南地方法院 115 年度附民字第 1356 號刑事判決,JUDGMENT
臺灣臺中地方法院 115 年度審金簡字第 670 號刑事判決的爭點是什麼？,JUDGMENT
解釋妨害投票罪的要件，並用實際判決說明法院怎麼認定,MIXED
刑法第223條的立法目的是什麼？,LEGAL
幫我摘要臺灣新竹地方法院 115 年度訴字第 955 號刑事裁定,JUDGMENT
過失傷害會觸犯哪些刑法條文？法院實務見解如何？,MIXED
初犯刑法第318條會被關嗎？可以易科罰金嗎？,LEGAL
臺灣桃園地方法院 115 年度桃交簡字第 725 號刑事判決這件案子的事實經過為何？,JUDGMENT
初犯刑法第172-2條會被關嗎？可以易科罰金嗎？,LEGAL
刑法第280條是告訴乃論嗎？實務上這類案件的判決情況如何？,MIXED
刑法第318-2條所稱的行為是指什麼？,LEGAL
刑法第308條所稱的行為是指什麼？,LEGAL
臺灣南投地方法院 115 年度聲字第 123 號刑事裁定的量刑考量是什麼？,JUDGMENT
刑法第172-1條的內容是什麼？可以解釋一下嗎？,LEGAL
公共危險會觸犯哪些刑法條文？法院實務見解如何？,MIXED
詐欺等適用的法條是什麼？有判決先例可以參考嗎？,MIXED
臺灣高等法院 115 年度審上訴字第 2769 號刑事判決裡被告的答辯是什麼？,JUDGMENT
刑法第334條所稱的行為是指什麼？,LEGAL
臺灣橋頭地方法院 115 年度交訴字第 60 號刑事裁定跟類似案件的判決有什麼不同？,JUDGMENT
刑法第130條和第269條有什麼差別？,LEGAL
臺灣高等法院 臺中分院 115 年度原上易字第 16 號刑事裁定中法院的理由是什麼？,JUDGMENT
公共危險在刑法上怎麼規定？從判決來看法院的認定標準是什麼？,MIXED
臺灣高等法院 115 年度抗字第 1304 號刑事裁定的判決結果是什麼？,JUDGMENT
觸犯刑法第195條會留下前科嗎？,LEGAL
脫逃罪的條文規定和實務判決見解有沒有落差？,MIXED
法院在臺灣高等法院 高雄分院 115 年度抗字第 354 號刑事裁定採取了什麼見解？,JUDGMENT
朋友涉嫌聲明異議，相關法條規定和法院可能的判決結果是什麼？,MIXED
臺灣臺中地方法院 115 年度聲字第 1637 號刑事裁定這件案子的事實經過為何？,JUDGMENT
聲請定其應執行刑會觸犯哪些刑法條文？法院實務見解如何？,MIXED
臺灣橋頭地方法院處理妨害自由案件的立場是什麼？,JUDGMENT
臺灣南投地方法院 115 年度投交簡字第 253 號刑事判決跟類似案件的判決有什麼不同？,JUDGMENT
刑法第314條的要件是什麼？法院在具體個案中怎麼操作？,MIXED
臺灣高等法院 臺中分院 115 年度聲字第 1013 號刑事裁定裡被告的答辯是什麼？,JUDGMENT
臺灣臺北地方法院 115 年度訴字第 706 號刑事裁定的主文內容是什麼？,JUDGMENT
幫我摘要臺灣臺南地方法院 115 年度訴字第 2919 號刑事判決,JUDGMENT
臺灣臺北地方法院關於個人資料保護法等的案件都怎麼判？,JUDGMENT
賭博罪的法律規定為何？可以用臺灣高等法院 114 年度金上重訴字第 49 號刑事裁定當例子說明嗎？,MIXED
關於聲請撤銷緩刑，實務上法院通常怎麼判？,JUDGMENT
刑法第187-1條是告訴乃論嗎？,LEGAL
違反刑法第219條會受到什麼處罰？,LEGAL
臺灣臺中地方法院 115 年度聲字第 1111 號刑事裁定中法院的理由是什麼？,JUDGMENT
朋友涉嫌懲戒，相關法條規定和法院可能的判決結果是什麼？,MIXED
刑法第259條規定什麼？實務上像定應執行刑這種案件法院都怎麼判？,MIXED
臺灣臺北地方法院 115 年度審交易字第 381 號刑事判決的量刑考量是什麼？,JUDGMENT
什麼情況下會成立刑法第70條的罪？,LEGAL
刑法第104條的行為主體有什麼限制？,LEGAL
刑法第175條是告訴乃論嗎？實務上這類案件的判決情況如何？,MIXED
臺灣新北地方法院處理詐欺等案件的立場是什麼？,JUDGMENT
刑法第177條是告訴乃論嗎？實務上這類案件的判決情況如何？,MIXED
聲請定應執行之刑等會觸犯哪些刑法條文？法院實務見解如何？,MIXED
臺灣桃園地方法院 115 年度訴字第 1236 號刑事裁定的判決結果是什麼？,JUDGMENT
觀察勒戒處分在刑法上怎麼規定？從判決來看法院的認定標準是什麼？,MIXED
違反性騷擾防治法案件的判決先例有哪些？,JUDGMENT
觸犯刑法第296條會留下前科嗎？,LEGAL
關於聲請假釋期中交保護管束，實務上法院通常怎麼判？,JUDGMENT
刑法第335條的法定刑是多少？,LEGAL
臺灣臺中地方法院 115 年度國審聲字第 8 號刑事裁定這件案子可以上訴嗎？結果如何？,JUDGMENT
偽造度量衡罪的成立要件是什麼？,LEGAL
刑法第40-1條的內容是什麼？可以解釋一下嗎？,LEGAL
刑法第273條的立法目的是什麼？,LEGAL
瀆職罪的處罰有多重？,LEGAL
臺灣宜蘭地方法院 115 年度訴字第 351 號刑事判決跟類似案件的判決有什麼不同？,JUDGMENT
詐欺犯罪危害防制條例等的案件量刑大概多重？,JUDGMENT
假釋中付保護管束在刑法上怎麼規定？從判決來看法院的認定標準是什麼？,MIXED
以臺灣士林地方法院 115 年度重訴字第 1 號刑事判決為例，說明侵占罪的構成要件怎麼認定,MIXED
法院在臺灣高雄地方法院 114 年度審附民字第 1225 號刑事裁定採取了什麼見解？,JUDGMENT
定其應執行刑適用的法條是什麼？有判決先例可以參考嗎？,MIXED
臺灣高等法院 臺中分院 115 年度聲字第 979 號刑事裁定裡被告的答辯是什麼？,JUDGMENT
臺灣士林地方法院 115 年度聲字第 950 號刑事裁定裡被告的答辯是什麼？,JUDGMENT
初犯刑法第56條會被關嗎？可以易科罰金嗎？,LEGAL
朋友涉嫌違反槍砲彈藥刀械管制條例，相關法條規定和法院可能的判決結果是什麼？,MIXED
以臺灣臺南地方法院 115 年度易字第 1113 號刑事判決為例，說明刑事責任的構成要件怎麼認定,MIXED
我想了解毀棄損壞等的相關法條和實務判決，都幫我整理,MIXED
賭博會觸犯哪些刑法條文？法院實務見解如何？,MIXED
刑法第279條規定什麼？實務上像家暴竊盜這種案件法院都怎麼判？,MIXED
臺灣臺南地方法院 115 年度聲字第 1495 號刑事裁定跟類似案件的判決有什麼不同？,JUDGMENT
朋友涉嫌定應執行之刑，相關法條規定和法院可能的判決結果是什麼？,MIXED
妨害婚姻及家庭罪的條文規定和實務判決見解有沒有落差？,MIXED
刑法第96條適用時要注意什麼？,LEGAL
臺灣桃園地方法院 115 年度聲字第 1989 號刑事裁定這件案子的事實經過為何？,JUDGMENT
刑法第8條有沒有未遂犯的處罰？,LEGAL
刑法第222條的構成要件是什麼？臺灣高等法院 115 年度聲字第 2066 號刑事裁定是怎麼適用這條的？,MIXED
傷害罪怎麼構成？實務上有哪些判決可以佐證？,MIXED
比較刑法第212條的文義和法院實務的解釋差異,MIXED
刑法第26條的構成要件有哪些？,LEGAL
臺灣士林地方法院 115 年度聲保字第 90 號刑事裁定中法院的理由是什麼？,JUDGMENT
偽造文書印文罪的處罰有多重？,LEGAL
刑法第342條的要件是什麼？法院在具體個案中怎麼操作？,MIXED
刑法第224條是告訴乃論嗎？實務上這類案件的判決情況如何？,MIXED
刑法第193條適用時要注意什麼？,LEGAL
以臺灣桃園地方法院 115 年度壢簡字第 556 號刑事裁定為例，說明刑之酌科及加減的構成要件怎麼認定,MIXED
比較刑法第251條的文義和法院實務的解釋差異,MIXED
初犯刑法第170條會被關嗎？可以易科罰金嗎？,LEGAL
違反刑法第86條會受到什麼處罰？,LEGAL
幫我摘要臺灣桃園地方法院 115 年度聲字第 2597 號刑事裁定,JUDGMENT
臺灣臺北地方法院 115 年度交簡字第 1111 號刑事判決跟類似案件的判決有什麼不同？,JUDGMENT
法院在臺灣南投地方法院 115 年度埔簡字第 111 號刑事判決採取了什麼見解？,JUDGMENT
法院在臺灣南投地方法院 115 年度金訴字第 85 號刑事判決採取了什麼見解？,JUDGMENT
臺灣高等法院 臺南分院 115 年度上易字第 373 號刑事判決的主文內容是什麼？,JUDGMENT
刑法第304條規定什麼？實務上像過失傷害這種案件法院都怎麼判？,MIXED
刑法第244條的構成要件是什麼？臺灣臺中地方法院 115 年度審金訴字第 53 號刑事裁定是怎麼適用這條的？,MIXED
刑法第221條的追訴權時效是多久？,LEGAL
刑法第321條規定了什麼？,LEGAL
以臺灣臺北地方法院 115 年度審簡字第 1744 號刑事判決為例，說明刑事責任的構成要件怎麼認定,MIXED
刑法第51條適用時要注意什麼？,LEGAL
假釋的條文規定和實務判決見解有沒有落差？,MIXED
臺灣高等法院 臺中分院 115 年度聲字第 940 號刑事裁定的判決結果是什麼？,JUDGMENT
聲請定應執行之刑在刑法上怎麼規定？從判決來看法院的認定標準是什麼？,MIXED
瀆職罪的法定刑是多少？實務上法院實際都判多重？,MIXED
鴉片罪的法律規定為何？可以用臺灣桃園地方法院 115 年度桃交簡字第 1002 號刑事判決當例子說明嗎？,MIXED
臺灣新北地方法院 115 年度聲字第 2346 號刑事裁定的量刑考量是什麼？,JUDGMENT
刑法第103條適用時要注意什麼？,LEGAL
解釋一下臺灣新竹地方法院 115 年度聲字第 866 號刑事裁定在講什麼,JUDGMENT
刑法第321條是告訴乃論嗎？實務上這類案件的判決情況如何？,MIXED
刑法第340條的內容是什麼？可以解釋一下嗎？,LEGAL
臺灣雲林地方法院 115 年度交附民字第 101 號刑事裁定的爭點是什麼？,JUDGMENT
我想了解損害賠償的相關法條和實務判決，都幫我整理,MIXED
臺灣臺中地方法院 115 年度聲字第 1637 號刑事裁定的量刑考量是什麼？,JUDGMENT
刑法第187條的法定刑是多少？,LEGAL
刑法第105條有沒有未遂犯的處罰？,LEGAL
臺灣臺南地方法院 114 年度附民字第 2845 號刑事判決適用了哪些法條？這些條文的要件是什麼？,MIXED
臺灣臺北地方法院 115 年度訴字第 196 號刑事裁定的量刑考量是什麼？,JUDGMENT
刑法第46條的內容是什麼？可以解釋一下嗎？,LEGAL
初犯刑法第35條會被關嗎？可以易科罰金嗎？,LEGAL
什麼情況下會成立刑法第122條的罪？,LEGAL
刑法第294條有沒有未遂犯的處罰？,LEGAL
加重詐欺等會觸犯哪些刑法條文？法院實務見解如何？,MIXED
刑法第276條的要件是什麼？法院在具體個案中怎麼操作？,MIXED
以臺灣臺南地方法院 115 年度易字第 42 號刑事判決為例，說明藏匿人犯及湮滅證據罪的構成要件怎麼認定,MIXED
臺灣桃園地方法院 115 年度訴字第 221 號民事判決這件案子可以上訴嗎？結果如何？,JUDGMENT
刑法第295條的追訴權時效是多久？,LEGAL
刑法第233條的行為主體有什麼限制？,LEGAL
臺灣彰化地方法院 115 年度金訴字第 655 號刑事裁定的判決結果是什麼？,JUDGMENT
刑法第206條和第92條有什麼差別？,LEGAL
初犯刑法第251條會被關嗎？可以易科罰金嗎？,LEGAL
違反銀行法等適用的法條是什麼？有判決先例可以參考嗎？,MIXED
刑法第36條所稱的行為是指什麼？,LEGAL
臺灣南投地方法院 115 年度聲字第 120 號刑事裁定的爭點是什麼？,JUDGMENT
刑法第78條的追訴權時效是多久？,LEGAL
臺灣臺北地方法院關於聲明異議的案件都怎麼判？,JUDGMENT
法院在臺灣高等法院 115 年度上訴字第 2809 號刑事裁定採取了什麼見解？,JUDGMENT
臺灣臺北地方法院 115 年度交簡字第 1111 號刑事判決適用了哪些法條？這些條文的要件是什麼？,MIXED
臺灣屏東地方法院 115 年度交簡字第 855 號刑事判決適用了哪些法條？這些條文的要件是什麼？,MIXED
違反刑法第235條會受到什麼處罰？,LEGAL
臺灣桃園地方法院 115 年度聲字第 1864 號刑事裁定適用了哪些法條？這些條文的要件是什麼？,MIXED
刑法第323條的法定刑是多少？,LEGAL
刑法第105條的構成要件是什麼？臺灣高等法院 臺中分院 115 年度抗字第 512 號刑事裁定是怎麼適用這條的？,MIXED
刑法第185-4條規定什麼？實務上像假釋中付保護管束這種案件法院都怎麼判？,MIXED
刑法第176條的構成要件有哪些？,LEGAL
刑法第172條所稱的行為是指什麼？,LEGAL
假釋中交付保護管束案件的判決先例有哪些？,JUDGMENT
以臺灣桃園地方法院 115 年度聲保字第 306 號刑事裁定為例，說明鴉片罪的構成要件怎麼認定,MIXED
關於公共危險等，實務上法院通常怎麼判？,JUDGMENT
臺灣桃園地方法院 115 年度易字第 212 號刑事判決的量刑考量是什麼？,JUDGMENT
臺灣桃園地方法院 114 年度金訴字第 209 號刑事裁定跟類似案件的判決有什麼不同？,JUDGMENT
刑法第283條的立法目的是什麼？,LEGAL
刑法第339-4條有沒有未遂犯的處罰？,LEGAL
幫我摘要臺灣臺北地方法院 115 年度附民字第 93 號刑事判決,JUDGMENT
刑法第198條的立法目的是什麼？,LEGAL
刑法第290條所稱的行為是指什麼？,LEGAL
刑法第98條適用時要注意什麼？,LEGAL
刑法第293條規定了什麼？,LEGAL
刑法第350條是告訴乃論嗎？實務上這類案件的判決情況如何？,MIXED
妨害秘密罪和其他財產犯罪怎麼區分？,LEGAL
刑法第231-1條的要件是什麼？法院在具體個案中怎麼操作？,MIXED
刑法第179條的追訴權時效是多久？,LEGAL
「意圖為自己或第三人不法之所有，以不正方法將虛」這是刑法哪一條的規定？,LEGAL
有沒有撤銷緩刑被判無罪或駁回的案例？,JUDGMENT
臺灣嘉義地方法院 115 年度易字第 610 號刑事判決這件案子的事實經過為何？,JUDGMENT
臺灣桃園地方法院 115 年度壢簡字第 738 號刑事判決的量刑考量是什麼？,JUDGMENT
臺灣彰化地方法院 115 年度交易字第 415 號刑事判決的量刑考量是什麼？,JUDGMENT
法院在臺灣臺南地方法院 115 年度附民字第 1356 號刑事判決採取了什麼見解？,JUDGMENT
臺灣臺南地方法院 115 年度交簡字第 2494 號刑事判決的主文內容是什麼？,JUDGMENT
解釋一下臺灣高等法院 115 年度原金上重訴字第 2 號刑事裁定在講什麼,JUDGMENT
鴉片罪的法律規定為何？可以用臺灣高等法院 115 年度聲字第 1651 號刑事裁定當例子說明嗎？,MIXED
以臺灣桃園地方法院 115 年度壢簡字第 686 號刑事判決為例，說明殺人罪的構成要件怎麼認定,MIXED
違反刑法第273條會受到什麼處罰？,LEGAL
什麼情況下會成立刑法第229條的罪？,LEGAL
刑法第188條規定了什麼？,LEGAL
刑事責任規定在刑法哪些條文？,LEGAL
法院在臺灣新北地方法院 114 年度訴緝字第 112 號刑事判決採取了什麼見解？,JUDGMENT
臺灣高雄地方法院 115 年度審交易字第 495 號刑事裁定的判決結果是什麼？,JUDGMENT
刑法第68條的行為主體有什麼限制？,LEGAL
聲明異議的法律要件是什麼？用真實案例解釋給我聽,MIXED
幫我解釋刑法第359條的每一項規定,LEGAL
刑法第244條的法定刑是多少？,LEGAL
刑法第4條所稱的行為是指什麼？,LEGAL
我想了解加重詐欺等的相關法條和實務判決，都幫我整理,MIXED
「有配偶而重為婚姻或同時與二人以上結婚者，處五」這是刑法哪一條的規定？,LEGAL
臺灣臺南地方法院 115 年度交簡字第 2603 號刑事判決中法院的理由是什麼？,JUDGMENT
臺灣雲林地方法院 111 年度訴字第 149 號刑事裁定這件案子可以上訴嗎？結果如何？,JUDGMENT
臺灣高等法院 臺中分院 115 年度上訴字第 305 號刑事裁定這件案子的事實經過為何？,JUDGMENT
臺灣桃園地方法院 115 年度桃交簡字第 937 號刑事判決的主文內容是什麼？,JUDGMENT
臺灣臺中地方法院 115 年度侵重訴字第 1 號刑事裁定跟類似案件的判決有什麼不同？,JUDGMENT
刑法裡「對於公務員依法執行職務時，施強暴脅迫者，處三」是什麼意思？,LEGAL
保安處分的法律規定為何？可以用臺灣臺南地方法院 115 年度聲字第 1337 號刑事裁定當例子說明嗎？,MIXED
刑法第315-2條的要件是什麼？法院在具體個案中怎麼操作？,MIXED
定應執行刑案件的判決先例有哪些？,JUDGMENT
刑法第282條是告訴乃論嗎？實務上這類案件的判決情況如何？,MIXED
恐嚇適用的法條是什麼？有判決先例可以參考嗎？,MIXED
臺灣高雄地方法院 115 年度重訴字第 138 號民事判決這件案子可以上訴嗎？結果如何？,JUDGMENT
臺灣臺南地方法院 115 年度簡字第 2521 號刑事判決跟類似案件的判決有什麼不同？,JUDGMENT
刑法第159條的構成要件是什麼？臺灣桃園地方法院 115 年度聲字第 2622 號刑事裁定是怎麼適用這條的？,MIXED
刑法第189條所稱的行為是指什麼？,LEGAL
觸犯刑法第164條會留下前科嗎？,LEGAL
違反刑法第333條會受到什麼處罰？,LEGAL
刑法第86條的立法目的是什麼？,LEGAL
什麼情況下會成立刑法第14條的罪？,LEGAL
關於請求損害賠償，實務上法院通常怎麼判？,JUDGMENT
臺灣屏東地方法院處理妨害自由案件的立場是什麼？,JUDGMENT
關於撤銷緩刑，實務上法院通常怎麼判？,JUDGMENT
以臺灣臺南地方法院 115 年度簡字第 2631 號刑事判決為例，說明之二 易刑的構成要件怎麼認定,MIXED
臺灣臺南地方法院 115 年度訴字第 2316 號刑事判決裡被告的答辯是什麼？,JUDGMENT
妨害性自主罪的法律規定為何？可以用臺灣新竹地方法院 115 年度聲字第 866 號刑事裁定當例子說明嗎？,MIXED
比較刑法第277條的文義和法院實務的解釋差異,MIXED
比較刑法第153條的文義和法院實務的解釋差異,MIXED
比較刑法第279條的文義和法院實務的解釋差異,MIXED
妨害性自主罪規定在刑法哪些條文？,LEGAL
刑之酌科及加減和其他財產犯罪怎麼區分？,LEGAL
妨害婚姻及家庭罪的處罰有多重？,LEGAL
以臺灣士林地方法院 115 年度聲字第 977 號刑事裁定為例，說明妨害秘密罪的構成要件怎麼認定,MIXED
假釋付保護管束案件的判決先例有哪些？,JUDGMENT
假釋中交付保護管束的法律要件是什麼？用真實案例解釋給我聽,MIXED
以臺灣臺南地方法院 115 年度交簡字第 2194 號刑事判決為例，說明殺人罪的構成要件怎麼認定,MIXED
刑法第43條和第26條有什麼差別？,LEGAL
法院在臺灣桃園地方法院 115 年度訴字第 735 號刑事判決採取了什麼見解？,JUDGMENT
刑法第36條的立法目的是什麼？,LEGAL
解釋一下臺灣臺北地方法院 115 年度審原訴字第 63 號刑事判決在講什麼,JUDGMENT
臺灣苗栗地方法院 115 年度苗簡字第 641 號刑事判決這件案子可以上訴嗎？結果如何？,JUDGMENT
找幾件聲請發還保證金的判決給我參考,JUDGMENT
違反公司法等案件中法院怎麼認定事實？,JUDGMENT
初犯刑法第224條會被關嗎？可以易科罰金嗎？,LEGAL
幫我解釋刑法第175條的每一項規定,LEGAL
臺灣臺南地方法院 115 年度交易字第 651 號刑事判決的主文內容是什麼？,JUDGMENT
刑法第116條是告訴乃論嗎？,LEGAL
刑法第285條的構成要件是什麼？臺灣新竹地方法院 115 年度交訴字第 55 號刑事判決是怎麼適用這條的？,MIXED
臺灣高等法院 115 年度審交上訴字第 72 號刑事裁定這件案子的事實經過為何？,JUDGMENT
法院在臺灣高等法院 114 年度金上重訴字第 28 號刑事裁定採取了什麼見解？,JUDGMENT
刑法第280條的立法目的是什麼？,LEGAL
違反廢棄物清理法的法律要件是什麼？用真實案例解釋給我聽,MIXED
刑法第26條的追訴權時效是多久？,LEGAL
刑法第343條的構成要件是什麼？臺灣新北地方法院 115 年度附民字第 1127 號刑事判決是怎麼適用這條的？,MIXED
初犯刑法第209條會被關嗎？可以易科罰金嗎？,LEGAL
臺灣新竹地方法院 115 年度聲字第 950 號刑事裁定的量刑考量是什麼？,JUDGMENT
定應執行刑的案件量刑大概多重？,JUDGMENT
刑法關於法例的規定可以整理給我嗎？,LEGAL
幫我摘要臺灣臺中地方法院 115 年度中交簡字第 1020 號刑事判決,JUDGMENT
搶奪強盜及海盜罪規定在刑法哪些條文？,LEGAL
刑法第107條是告訴乃論嗎？,LEGAL
臺灣高等法院 臺中分院 115 年度上易字第 323 號刑事判決適用了哪些法條？這些條文的要件是什麼？,MIXED
臺灣臺北地方法院 115 年度聲字第 2057 號刑事裁定裡被告的答辯是什麼？,JUDGMENT
刑法第161-1條的構成要件是什麼？臺灣桃園地方法院 115 年度壢簡字第 1133 號刑事判決是怎麼適用這條的？,MIXED
觸犯刑法第252條會留下前科嗎？,LEGAL
刑法第240條規定什麼？實務上像違反槍砲彈藥刀械管制條例這種案件法院都怎麼判？,MIXED
妨害公務罪的成立要件是什麼？,LEGAL
以臺灣士林地方法院 115 年度訴緝字第 46 號刑事判決為例，說明竊盜罪的構成要件怎麼認定,MIXED
臺灣橋頭地方法院 115 年度毒聲字第 211 號刑事裁定中法院的理由是什麼？,JUDGMENT
刑法第201-1條的立法目的是什麼？,LEGAL
臺灣桃園地方法院 115 年度補字第 875 號民事裁定中法院的理由是什麼？,JUDGMENT
刑法第324條的內容是什麼？可以解釋一下嗎？,LEGAL
初犯刑法第185-2條會被關嗎？可以易科罰金嗎？,LEGAL
刑法第347條的構成要件是什麼？臺灣南投地方法院 115 年度埔原簡字第 15 號刑事判決是怎麼適用這條的？,MIXED
臺灣高等法院 臺中分院 115 年度金上訴字第 1084 號刑事判決的判決結果是什麼？,JUDGMENT
刑法第222條有沒有未遂犯的處罰？,LEGAL
朋友涉嫌假釋中付保護管束，相關法條規定和法院可能的判決結果是什麼？,MIXED
什麼情況下會成立刑法第101條的罪？,LEGAL
臺灣高等法院 115 年度上更一字第 5 號刑事裁定的判決結果是什麼？,JUDGMENT
之一 妨害性隱私及不實性影像罪的成立要件是什麼？,LEGAL
臺灣臺南地方法院最近有哪些詐欺等的判決？,JUDGMENT
臺灣屏東地方法院 115 年度聲字第 304 號刑事裁定這件案子的事實經過為何？,JUDGMENT
臺灣臺中地方法院 115 年度金訴字第 648 號刑事裁定這件案子的事實經過為何？,JUDGMENT
比較刑法第91條的文義和法院實務的解釋差異,MIXED
刑法第305條是告訴乃論嗎？實務上這類案件的判決情況如何？,MIXED
臺灣新北地方法院最近有哪些槍砲彈藥刀械管制的判決？,JUDGMENT
刑法第290條的要件是什麼？法院在具體個案中怎麼操作？,MIXED
時效的處罰有多重？,LEGAL
違反刑法第158條會受到什麼處罰？,LEGAL
關於聲請解除限制出境，實務上法院通常怎麼判？,JUDGMENT
臺灣桃園地方法院處理損害賠償案件的立場是什麼？,JUDGMENT
臺灣臺南地方法院 115 年度簡字第 2607 號刑事判決適用了哪些法條？這些條文的要件是什麼？,MIXED
刑法第135條是告訴乃論嗎？,LEGAL
幫我摘要臺灣桃園地方法院 115 年度桃簡字第 1323 號刑事判決,JUDGMENT
刑法第40條的立法目的是什麼？,LEGAL
刑法第1條規定什麼？實務上像竊盜這種案件法院都怎麼判？,MIXED
刑法裡「依法令或契約有守因業務知悉或持有工商秘密之義」是什麼意思？,LEGAL
刑法裡「以詐術締結無效或得撤銷之婚姻，因而致婚姻無效」是什麼意思？,LEGAL
以臺灣臺南地方法院 115 年度交簡字第 2223 號刑事判決為例，說明妨害自由罪的構成要件怎麼認定,MIXED
殺人罪怎麼構成？實務上有哪些判決可以佐證？,MIXED
偽證及誣告罪的法律規定為何？可以用臺灣新北地方法院 115 年度審簡字第 988 號刑事判決當例子說明嗎？,MIXED
幫我解釋刑法第71條的每一項規定,LEGAL
有沒有毒品危害防制條例被判無罪或駁回的案例？,JUDGMENT
以臺灣新北地方法院 115 年度審交易字第 993 號刑事判決為例，說明刑之酌科及加減的構成要件怎麼認定,MIXED
臺灣臺南地方法院 115 年度交簡字第 2494 號刑事判決的判決結果是什麼？,JUDGMENT
刑法第209條是告訴乃論嗎？實務上這類案件的判決情況如何？,MIXED
內亂罪的法律規定為何？可以用臺灣新竹地方法院 114 年度易字第 1572 號刑事判決當例子說明嗎？,MIXED
臺灣桃園地方法院 115 年度壢簡字第 1188 號刑事判決這件案子可以上訴嗎？結果如何？,JUDGMENT
聲請定應執行之刑案件的判決先例有哪些？,JUDGMENT
刑法第182條是告訴乃論嗎？實務上這類案件的判決情況如何？,MIXED
刑法第123條的構成要件有哪些？,LEGAL
初犯刑法第185-1條會被關嗎？可以易科罰金嗎？,LEGAL
解釋之一  妨害風化罪的要件，並用實際判決說明法院怎麼認定,MIXED
臺灣士林地方法院 115 年度審簡字第 892 號刑事判決的量刑考量是什麼？,JUDGMENT
朋友涉嫌公共危險，相關法條規定和法院可能的判決結果是什麼？,MIXED
臺灣高等法院 高雄分院 115 年度抗字第 329 號刑事裁定的爭點是什麼？,JUDGMENT
以臺灣士林地方法院 115 年度撤緩字第 95 號刑事裁定為例，說明之一 沒收的構成要件怎麼認定,MIXED
刑法第33條的法定刑是多少？,LEGAL
竊盜案件中法院怎麼認定事實？,JUDGMENT
刑法第29條是告訴乃論嗎？實務上這類案件的判決情況如何？,MIXED
臺灣新竹地方法院關於洗錢防制法等的案件都怎麼判？,JUDGMENT
臺灣新北地方法院關於竊盜的案件都怎麼判？,JUDGMENT
刑法第63條規定什麼？實務上像妨害名譽這種案件法院都怎麼判？,MIXED
臺灣士林地方法院 115 年度聲字第 901 號刑事裁定裡被告的答辯是什麼？,JUDGMENT
以臺灣高等法院 115 年度審上易字第 167 號刑事裁定為例，說明搶奪強盜及海盜罪的構成要件怎麼認定,MIXED
幫我摘要臺灣嘉義地方法院 115 年度嘉簡字第 835 號刑事判決,JUDGMENT
刑法第318-1條的構成要件是什麼？臺灣臺南地方法院 115 年度簡字第 3037 號刑事判決是怎麼適用這條的？,MIXED
找幾件定應執行刑的判決給我參考,JUDGMENT
洗錢防制法等會觸犯哪些刑法條文？法院實務見解如何？,MIXED
刑法第211條的內容是什麼？可以解釋一下嗎？,LEGAL
刑法第291條的立法目的是什麼？,LEGAL
臺灣臺南地方法院處理竊盜案件的立場是什麼？,JUDGMENT
妨害性自主罪的條文規定和實務判決見解有沒有落差？,MIXED
觸犯刑法第346條會留下前科嗎？,LEGAL
刑法第277條是告訴乃論嗎？實務上這類案件的判決情況如何？,MIXED
臺灣新北地方法院 115 年度聲字第 1368 號刑事裁定適用了哪些法條？這些條文的要件是什麼？,MIXED
刑法第264條的立法目的是什麼？,LEGAL
刑法第158條有沒有未遂犯的處罰？,LEGAL
贓物罪的處罰有多重？,LEGAL
確認婚姻關係不存在的法律要件是什麼？用真實案例解釋給我聽,MIXED
刑法第129條的行為主體有什麼限制？,LEGAL
刑法第9條的追訴權時效是多久？,LEGAL
刑法第67條的要件是什麼？法院在具體個案中怎麼操作？,MIXED
刑法第155條的要件是什麼？法院在具體個案中怎麼操作？,MIXED
初犯刑法第127條會被關嗎？可以易科罰金嗎？,LEGAL
刑法第126條的構成要件是什麼？臺灣士林地方法院 115 年度訴字第 108 號刑事判決是怎麼適用這條的？,MIXED
幫我解釋刑法第209條的每一項規定,LEGAL
之一 沒收的法定刑是多少？實務上法院實際都判多重？,MIXED
偽造文書印文罪的條文規定和實務判決見解有沒有落差？,MIXED
以臺灣高等法院 臺中分院 115 年度金上訴字第 5 號刑事判決為例，說明之一 妨害性隱私及不實性影像罪的構成要件怎麼認定,MIXED
刑的法律規定為何？可以用臺灣臺北地方法院 115 年度訴字第 718 號刑事裁定當例子說明嗎？,MIXED
聲請法官迴避適用的法條是什麼？有判決先例可以參考嗎？,MIXED
臺灣高雄地方法院 115 年度審易緝字第 33 號刑事裁定跟類似案件的判決有什麼不同？,JUDGMENT
刑法第339-1條的法定刑是多少？,LEGAL
刑法第172-2條的法定刑是多少？,LEGAL
刑法第296-1條所稱的行為是指什麼？,LEGAL
刑法第266條的構成要件是什麼？臺灣高等法院 臺中分院 115 年度金上訴字第 953 號刑事判決是怎麼適用這條的？,MIXED
臺灣高等法院 臺中分院 115 年度抗字第 436 號刑事裁定裡被告的答辯是什麼？,JUDGMENT
外患罪和其他財產犯罪怎麼區分？,LEGAL
臺灣臺北地方法院 115 年度撤緩字第 123 號刑事裁定跟類似案件的判決有什麼不同？,JUDGMENT
臺灣高雄地方法院 115 年度原簡字第 105 號刑事判決適用了哪些法條？這些條文的要件是什麼？,MIXED
什麼情況下會成立刑法第321條的罪？,LEGAL
「意圖漁利，挑唆或包攬他人訴訟者，處一年以下有」這是刑法哪一條的規定？,LEGAL
臺灣高等法院 115 年度原上訴字第 159 號刑事裁定這件案子的事實經過為何？,JUDGMENT
刑法第123條的法定刑是多少？,LEGAL
違反刑法第37-1條會受到什麼處罰？,LEGAL
臺灣高雄地方法院關於侵占的案件都怎麼判？,JUDGMENT
臺灣臺北地方法院 115 年度簡字第 1997 號刑事裁定的量刑考量是什麼？,JUDGMENT
公共危險罪的處罰有多重？,LEGAL
偽造度量衡罪的處罰有多重？,LEGAL
刑法第29條和第105條有什麼差別？,LEGAL
找幾件聲請具保停止羈押的判決給我參考,JUDGMENT
刑法第75條適用時要注意什麼？,LEGAL
臺灣南投地方法院關於公共危險的案件都怎麼判？,JUDGMENT
臺灣高等法院 臺中分院 115 年度聲再字第 148 號刑事裁定這件案子的事實經過為何？,JUDGMENT
觸犯刑法第172-1條會留下前科嗎？,LEGAL
刑法裡「受緩刑之宣告而有下列情形之一，足認原宣告之緩」是什麼意思？,LEGAL
刑法第315-1條的立法目的是什麼？,LEGAL
臺灣新竹地方法院 115 年度訴字第 807 號刑事判決這件案子可以上訴嗎？結果如何？,JUDGMENT
臺灣雲林地方法院最近有哪些過失傷害的判決？,JUDGMENT
公共危險罪的法律規定為何？可以用臺灣橋頭地方法院 114 年度審訴字第 211 號刑事判決當例子說明嗎？,MIXED
臺灣桃園地方法院 115 年度聲字第 2260 號刑事裁定跟類似案件的判決有什麼不同？,JUDGMENT
臺灣臺南地方法院 114 年度訴字第 2065 號刑事裁定這件案子可以上訴嗎？結果如何？,JUDGMENT
之一 妨害司法公正罪的處罰有多重？,LEGAL
臺灣士林地方法院處理定應執行刑案件的立場是什麼？,JUDGMENT
刑法裡「數罪併罰，已經處斷，如各罪中有受赦免者，餘罪」是什麼意思？,LEGAL
公共危險罪的條文規定和實務判決見解有沒有落差？,MIXED
刑法第41條的追訴權時效是多久？,LEGAL
刑法第169條適用時要注意什麼？,LEGAL
以臺灣臺南地方法院 115 年度交簡字第 2623 號刑事判決為例，說明偽造貨幣罪的構成要件怎麼認定,MIXED
臺灣高等法院 臺中分院 115 年度上訴字第 279 號刑事判決的判決結果是什麼？,JUDGMENT
交通裁決會觸犯哪些刑法條文？法院實務見解如何？,MIXED
刑法第229-1條是告訴乃論嗎？實務上這類案件的判決情況如何？,MIXED
臺灣高等法院 臺中分院 115 年度金上訴字第 935 號刑事判決跟類似案件的判決有什麼不同？,JUDGMENT
妨害公務罪的處罰有多重？,LEGAL
刑法第17條適用時要注意什麼？,LEGAL
刑法第42-1條的行為主體有什麼限制？,LEGAL
有沒有聲請發還保證金被判無罪或駁回的案例？,JUDGMENT
刑法第101條規定什麼？實務上像洗錢防制法這種案件法院都怎麼判？,MIXED
刑法第51條和第296-1條有什麼差別？,LEGAL
刑法關於妨害性自主罪的規定可以整理給我嗎？,LEGAL
違反銀行法等的案件量刑大概多重？,JUDGMENT
臺灣苗栗地方法院 115 年度苗簡字第 389 號刑事判決適用了哪些法條？這些條文的要件是什麼？,MIXED
臺灣桃園地方法院 115 年度聲字第 2213 號刑事裁定的量刑考量是什麼？,JUDGMENT
妨害電腦使用罪規定在刑法哪些條文？,LEGAL
臺灣桃園地方法院 114 年度壢簡字第 1894 號刑事判決跟類似案件的判決有什麼不同？,JUDGMENT
臺灣臺中地方法院 115 年度聲字第 1845 號刑事裁定的主文內容是什麼？,JUDGMENT
法院在臺灣桃園地方法院 115 年度易字第 212 號刑事判決採取了什麼見解？,JUDGMENT
關於商業會計法等，實務上法院通常怎麼判？,JUDGMENT
找幾件聲請再審的判決給我參考,JUDGMENT
臺灣苗栗地方法院 115 年度金訴字第 295 號刑事判決裡被告的答辯是什麼？,JUDGMENT
臺灣新竹地方法院 115 年度竹簡字第 579 號刑事判決的爭點是什麼？,JUDGMENT
聲請解除禁見適用的法條是什麼？有判決先例可以參考嗎？,MIXED
以臺灣臺南地方法院 115 年度簡字第 3583 號刑事判決為例，說明時效的構成要件怎麼認定,MIXED
偽造貨幣罪的法律規定為何？可以用臺灣桃園地方法院 115 年度聲字第 2359 號刑事裁定當例子說明嗎？,MIXED
刑法第17條的構成要件有哪些？,LEGAL
臺灣士林地方法院 115 年度審訴字第 921 號刑事判決這件案子可以上訴嗎？結果如何？,JUDGMENT
幫我摘要臺灣苗栗地方法院 115 年度苗金簡字第 201 號刑事判決,JUDGMENT
刑法第340條的構成要件是什麼？臺灣高等法院 臺中分院 115 年度上訴字第 882 號刑事裁定是怎麼適用這條的？,MIXED
刑法第281條有沒有未遂犯的處罰？,LEGAL
解釋妨害性自主罪的要件，並用實際判決說明法院怎麼認定,MIXED
刑法第344條規定什麼？實務上像定其應執行刑這種案件法院都怎麼判？,MIXED
刑法第28條是告訴乃論嗎？實務上這類案件的判決情況如何？,MIXED
臺灣苗栗地方法院最近有哪些洗錢防制法的判決？,JUDGMENT
傷害罪和其他財產犯罪怎麼區分？,LEGAL
刑法第3條是告訴乃論嗎？實務上這類案件的判決情況如何？,MIXED
臺灣南投地方法院 115 年度聲字第 227 號刑事判決適用了哪些法條？這些條文的要件是什麼？,MIXED
違反刑法第87條會受到什麼處罰？,LEGAL
刑法第322條的構成要件有哪些？,LEGAL
臺灣新竹地方法院 115 年度交易字第 369 號刑事判決這件案子可以上訴嗎？結果如何？,JUDGMENT
臺灣高等法院 高雄分院 115 年度聲保字第 373 號刑事裁定適用了哪些法條？這些條文的要件是什麼？,MIXED
刑法第197條規定什麼？實務上像聲請再審這種案件法院都怎麼判？,MIXED
刑法第204條和第236條有什麼差別？,LEGAL
臺灣新北地方法院 115 年度聲字第 2444 號刑事裁定這件案子的事實經過為何？,JUDGMENT
洗錢防制法等的案件量刑大概多重？,JUDGMENT
臺灣桃園地方法院 115 年度壢交簡字第 747 號刑事判決的主文內容是什麼？,JUDGMENT
比較刑法第49條的文義和法院實務的解釋差異,MIXED
詐欺等案件的判決先例有哪些？,JUDGMENT
臺灣士林地方法院 115 年度聲字第 903 號刑事裁定這件案子的事實經過為何？,JUDGMENT
初犯刑法第187-2條會被關嗎？可以易科罰金嗎？,LEGAL
內亂罪規定在刑法哪些條文？,LEGAL
「第三十八條之物及第三十八條之一之犯罪所得之所」這是刑法哪一條的規定？,LEGAL
幫我摘要臺灣新竹地方法院 115 年度聲字第 870 號刑事裁定,JUDGMENT
刑法第69條規定什麼？實務上像聲請定其應執行刑這種案件法院都怎麼判？,MIXED
什麼情況下會成立刑法第243條的罪？,LEGAL
刑法第80條是告訴乃論嗎？實務上這類案件的判決情況如何？,MIXED
臺灣高等法院 115 年度上訴字第 3931 號刑事裁定的量刑考量是什麼？,JUDGMENT
加重詐欺等在刑法上怎麼規定？從判決來看法院的認定標準是什麼？,MIXED
臺灣桃園地方法院 115 年度審易字第 793 號刑事判決這件案子可以上訴嗎？結果如何？,JUDGMENT
刑法第111條規定什麼？實務上像公共危險這種案件法院都怎麼判？,MIXED
刑法第8條的構成要件是什麼？臺灣新竹地方法院 115 年度訴字第 237 號民事判決是怎麼適用這條的？,MIXED
刑法第132條規定什麼？實務上像假釋中付保護管束這種案件法院都怎麼判？,MIXED
刑法第95條規定什麼？實務上像違反著作權法等這種案件法院都怎麼判？,MIXED
臺灣桃園地方法院 115 年度壢簡字第 1042 號刑事判決中法院的理由是什麼？,JUDGMENT
臺灣屏東地方法院 115 年度聲字第 488 號刑事裁定適用了哪些法條？這些條文的要件是什麼？,MIXED
刑法第172條適用時要注意什麼？,LEGAL
刑法第220條是告訴乃論嗎？實務上這類案件的判決情況如何？,MIXED
刑法第285條的構成要件有哪些？,LEGAL
臺灣臺北地方法院 115 年度審交易字第 356 號刑事判決的爭點是什麼？,JUDGMENT
臺灣橋頭地方法院 114 年度國審強處字第 16 號刑事裁定裡被告的答辯是什麼？,JUDGMENT
聲請撤銷緩刑適用的法條是什麼？有判決先例可以參考嗎？,MIXED
臺灣臺南地方法院 115 年度交易字第 445 號刑事判決這件案子可以上訴嗎？結果如何？,JUDGMENT
刑法第363條規定了什麼？,LEGAL
以臺灣高等法院 臺中分院 115 年度聲字第 1248 號刑事裁定為例，說明詐欺背信及重利罪的構成要件怎麼認定,MIXED
臺灣高等法院 115 年度聲字第 1868 號刑事裁定的量刑考量是什麼？,JUDGMENT
刑法第347條是告訴乃論嗎？,LEGAL
比較刑法第91-1條的文義和法院實務的解釋差異,MIXED
家庭暴力防治法之傷害適用的法條是什麼？有判決先例可以參考嗎？,MIXED
聲請定其應執行刑案件中法院怎麼認定事實？,JUDGMENT
刑法第110條是告訴乃論嗎？實務上這類案件的判決情況如何？,MIXED
毒品危害防制條例的法律要件是什麼？用真實案例解釋給我聽,MIXED
臺灣高等法院 115 年度上訴字第 880 號刑事裁定這件案子可以上訴嗎？結果如何？,JUDGMENT
正犯與共犯規定在刑法哪些條文？,LEGAL
臺灣臺南地方法院最近有哪些賭博的判決？,JUDGMENT
刑法關於公共危險罪的規定可以整理給我嗎？,LEGAL
法院在臺灣士林地方法院 115 年度聲字第 667 號刑事裁定採取了什麼見解？,JUDGMENT
內亂罪怎麼構成？實務上有哪些判決可以佐證？,MIXED
臺灣臺北地方法院關於詐欺等的案件都怎麼判？,JUDGMENT
臺灣臺南地方法院 115 年度聲字第 1473 號刑事裁定的量刑考量是什麼？,JUDGMENT
觸犯刑法第263條會留下前科嗎？,LEGAL
臺灣桃園地方法院處理偽造文書案件的立場是什麼？,JUDGMENT
刑法第105條的追訴權時效是多久？,LEGAL
臺灣臺南地方法院 115 年度單禁沒字第 122 號刑事裁定的爭點是什麼？,JUDGMENT
搶奪強盜及海盜罪怎麼構成？實務上有哪些判決可以佐證？,MIXED
刑法第40-1條的構成要件是什麼？臺灣高等法院 115 年度上訴字第 3931 號刑事裁定是怎麼適用這條的？,MIXED
傷害罪的法律規定為何？可以用臺灣新竹地方法院 115 年度竹交簡字第 130 號刑事判決當例子說明嗎？,MIXED
刑法第304條的行為主體有什麼限制？,LEGAL
我想了解詐欺等的相關法條和實務判決，都幫我整理,MIXED
以臺灣高等法院 高雄分院 115 年度抗字第 46 號刑事裁定為例，說明脫逃罪的構成要件怎麼認定,MIXED
刑法裡「漏逸或間隔蒸氣、電氣、煤氣或其他氣體，致生公」是什麼意思？,LEGAL
「行為不能發生犯罪之結果，又無危險者，不罰」這是刑法哪一條的規定？,LEGAL
違反刑法第229條會受到什麼處罰？,LEGAL
刑法第62條是告訴乃論嗎？實務上這類案件的判決情況如何？,MIXED
找幾件聲請定應執行刑並諭知易服勞役標準的判決給我參考,JUDGMENT
妨害國交罪的條文規定和實務判決見解有沒有落差？,MIXED
有沒有聲請沒收被判無罪或駁回的案例？,JUDGMENT
找幾件過失傷害的判決給我參考,JUDGMENT
刑法第72條是告訴乃論嗎？,LEGAL
有沒有詐欺被判無罪或駁回的案例？,JUDGMENT
觸犯刑法第246條會留下前科嗎？,LEGAL
刑法第31條的構成要件是什麼？臺灣桃園地方法院 115 年度桃交簡字第 884 號刑事判決是怎麼適用這條的？,MIXED
公共危險等的法律要件是什麼？用真實案例解釋給我聽,MIXED
刑法裡「聚眾鬥毆致人於死或重傷者，在場助勢之人，處五」是什麼意思？,LEGAL
初犯刑法第76條會被關嗎？可以易科罰金嗎？,LEGAL
違反刑法第138條會受到什麼處罰？,LEGAL
刑法第141-1條規定什麼？實務上像假釋中交付保護管束這種案件法院都怎麼判？,MIXED
內亂罪的法定刑是多少？實務上法院實際都判多重？,MIXED
刑法第38-2條和第63條有什麼差別？,LEGAL
刑法關於之一 妨害性隱私及不實性影像罪的規定可以整理給我嗎？,LEGAL
臺灣士林地方法院 115 年度撤緩字第 95 號刑事裁定的量刑考量是什麼？,JUDGMENT
臺灣高等法院 115 年度抗字第 1708 號刑事裁定跟類似案件的判決有什麼不同？,JUDGMENT
違反洗錢防制法等在刑法上怎麼規定？從判決來看法院的認定標準是什麼？,MIXED
什麼情況下會成立刑法第103條的罪？,LEGAL
臺灣新竹地方法院 115 年度竹小字第 271 號民事判決這件案子的事實經過為何？,JUDGMENT
恐嚇及擄人勒贖罪的處罰有多重？,LEGAL
刑法第307條有沒有未遂犯的處罰？,LEGAL
臺灣嘉義地方法院 115 年度聲字第 429 號刑事裁定的主文內容是什麼？,JUDGMENT
脫逃罪和其他財產犯罪怎麼區分？,LEGAL
刑法第179條的要件是什麼？法院在具體個案中怎麼操作？,MIXED
之一  妨害風化罪的條文規定和實務判決見解有沒有落差？,MIXED
刑法第273條所稱的行為是指什麼？,LEGAL
刑法裡「公務員於立法院聽證或受質詢時，就其所知之重要」是什麼意思？,LEGAL
解釋一下臺灣南投地方法院 115 年度附民字第 283 號刑事判決在講什麼,JUDGMENT
臺灣高等法院 115 年度抗字第 1369 號刑事裁定的主文內容是什麼？,JUDGMENT
臺灣高等法院 高雄分院 115 年度聲字第 239 號刑事裁定中法院的理由是什麼？,JUDGMENT
比較刑法第262條的文義和法院實務的解釋差異,MIXED
刑法第322條的法定刑是多少？,LEGAL
刑法第60條的構成要件是什麼？臺灣屏東地方法院 115 年度聲字第 475 號刑事裁定是怎麼適用這條的？,MIXED
刑法第38-3條的內容是什麼？可以解釋一下嗎？,LEGAL
臺灣高等法院 115 年度上訴字第 2164 號刑事判決跟類似案件的判決有什麼不同？,JUDGMENT
臺灣臺南地方法院 115 年度聲字第 1335 號刑事裁定的量刑考量是什麼？,JUDGMENT
刑法第208條規定什麼？實務上像定應執行刑這種案件法院都怎麼判？,MIXED
朋友涉嫌違反毒品危害防制條例，相關法條規定和法院可能的判決結果是什麼？,MIXED
刑法第122條的內容是什麼？可以解釋一下嗎？,LEGAL
公共危險適用的法條是什麼？有判決先例可以參考嗎？,MIXED
以臺灣新竹地方法院 113 年度附民字第 1035 號刑事判決為例，說明刑之酌科及加減的構成要件怎麼認定,MIXED
臺灣高等法院 高雄分院 115 年度聲字第 584 號刑事裁定的判決結果是什麼？,JUDGMENT
數罪併罰的法律規定為何？可以用臺灣橋頭地方法院 115 年度附民字第 1041 號刑事判決當例子說明嗎？,MIXED
刑法第60條的要件是什麼？法院在具體個案中怎麼操作？,MIXED
違反刑法第115條會受到什麼處罰？,LEGAL
臺灣高雄地方法院最近有哪些恐嚇的判決？,JUDGMENT
臺灣士林地方法院 115 年度聲字第 932 號刑事裁定適用了哪些法條？這些條文的要件是什麼？,MIXED
緩刑的條文規定和實務判決見解有沒有落差？,MIXED
刑法第159條規定了什麼？,LEGAL
臺灣臺北地方法院 115 年度審重訴字第 216 號民事裁定的爭點是什麼？,JUDGMENT
刑法第122條的立法目的是什麼？,LEGAL
刑法第84條的追訴權時效是多久？,LEGAL
比較刑法第232條的文義和法院實務的解釋差異,MIXED
幫我解釋刑法第304條的每一項規定,LEGAL
違反刑法第212條會受到什麼處罰？,LEGAL
刑法第206條的要件是什麼？法院在具體個案中怎麼操作？,MIXED
找幾件偽造文書的判決給我參考,JUDGMENT
刑法第55條所稱的行為是指什麼？,LEGAL
刑法第339-1條的要件是什麼？法院在具體個案中怎麼操作？,MIXED
比較刑法第231條的文義和法院實務的解釋差異,MIXED
刑法裡「毀棄、損壞前二條以外之他人之物或致令不堪用」是什麼意思？,LEGAL
刑的條文規定和實務判決見解有沒有落差？,MIXED
以臺灣高等法院 114 年度上易字第 1090 號刑事判決為例，說明假釋的構成要件怎麼認定,MIXED
朋友涉嫌妨害自由，相關法條規定和法院可能的判決結果是什麼？,MIXED
以臺灣臺南地方法院 115 年度簡字第 3675 號刑事判決為例，說明賭博罪的構成要件怎麼認定,MIXED
刑法第269條是告訴乃論嗎？,LEGAL
刑法第56條是告訴乃論嗎？實務上這類案件的判決情況如何？,MIXED
刑法第181條是告訴乃論嗎？實務上這類案件的判決情況如何？,MIXED
刑法第132條規定什麼？實務上像定應執行刑這種案件法院都怎麼判？,MIXED
比較刑法第9條的文義和法院實務的解釋差異,MIXED
違反毒品危害防制條例適用的法條是什麼？有判決先例可以參考嗎？,MIXED
臺灣雲林地方法院 115 年度交附民字第 101 號刑事裁定裡被告的答辯是什麼？,JUDGMENT
以臺灣南投地方法院 115 年度埔原簡字第 15 號刑事判決為例，說明未遂犯的構成要件怎麼認定,MIXED
刑法第164條的要件是什麼？法院在具體個案中怎麼操作？,MIXED
刑法第159條是告訴乃論嗎？,LEGAL
刑法第339-2條的內容是什麼？可以解釋一下嗎？,LEGAL
幫我解釋刑法第201-1條的每一項規定,LEGAL
刑法第206條規定什麼？實務上像聲請定其應執行刑這種案件法院都怎麼判？,MIXED
臺灣高雄地方法院最近有哪些洗錢防制法等的判決？,JUDGMENT
臺灣高等法院 臺中分院 115 年度金上訴字第 1510 號刑事判決的主文內容是什麼？,JUDGMENT
什麼情況下會成立刑法第193條的罪？,LEGAL
以臺灣高等法院 臺中分院 115 年度金上訴字第 1032 號刑事判決為例，說明妨害婚姻及家庭罪的構成要件怎麼認定,MIXED
刑法第79-1條的要件是什麼？法院在具體個案中怎麼操作？,MIXED
臺灣桃園地方法院最近有哪些侵權行為損害賠償(交通)的判決？,JUDGMENT
刑法第173條的追訴權時效是多久？,LEGAL
找幾件發還保證金的判決給我參考,JUDGMENT
臺灣臺南地方法院處理賭博案件的立場是什麼？,JUDGMENT
刑法第337條的構成要件是什麼？臺灣桃園地方法院 115 年度桃交簡字第 1090 號刑事判決是怎麼適用這條的？,MIXED
刑法第194條的要件是什麼？法院在具體個案中怎麼操作？,MIXED
妨害自由罪規定在刑法哪些條文？,LEGAL
幫我摘要臺灣臺北地方法院 115 年度審訴字第 155 號民事裁定,JUDGMENT
刑法第144條的行為主體有什麼限制？,LEGAL
定應執行之刑案件的判決先例有哪些？,JUDGMENT
臺灣臺南地方法院 115 年度訴字第 344 號刑事裁定的判決結果是什麼？,JUDGMENT
臺灣南投地方法院最近有哪些定應執行刑的判決？,JUDGMENT
刑法第348-1條規定什麼？實務上像定應執行刑這種案件法院都怎麼判？,MIXED
刑法第204條的構成要件是什麼？臺灣高等法院 115 年度聲保字第 889 號刑事裁定是怎麼適用這條的？,MIXED
刑法裡「因刑之加重、減輕，而有不滿一日之時間或不滿一」是什麼意思？,LEGAL
「意圖供犯本章各罪之用，而持有鴉片、嗎啡、高根」這是刑法哪一條的規定？,LEGAL
朋友涉嫌假釋中交付保護管束，相關法條規定和法院可能的判決結果是什麼？,MIXED
臺灣臺北地方法院 115 年度審訴字第 1650 號刑事判決的量刑考量是什麼？,JUDGMENT
幫我摘要臺灣臺北地方法院 115 年度審原訴字第 204 號民事裁定,JUDGMENT
臺灣高等法院 臺中分院 114 年度上訴字第 1307 號刑事裁定適用了哪些法條？這些條文的要件是什麼？,MIXED
解釋一下臺灣臺南地方法院 115 年度簡字第 2631 號刑事判決在講什麼,JUDGMENT
以臺灣桃園地方法院 114 年度易緝字第 70 號刑事判決為例，說明累犯的構成要件怎麼認定,MIXED
臺灣士林地方法院 115 年度單禁沒字第 251 號刑事裁定這件案子可以上訴嗎？結果如何？,JUDGMENT
朋友涉嫌毒品危害防制條例，相關法條規定和法院可能的判決結果是什麼？,MIXED
侵占案件中法院怎麼認定事實？,JUDGMENT
臺灣臺東地方法院處理聲請假釋期中交付保護管束案件的立場是什麼？,JUDGMENT
刑法第120條規定了什麼？,LEGAL
偽造文書印文罪規定在刑法哪些條文？,LEGAL
臺灣桃園地方法院關於詐欺等的案件都怎麼判？,JUDGMENT
刑法第231條的構成要件是什麼？臺灣高雄地方法院 114 年度訴字第 999 號刑事裁定是怎麼適用這條的？,MIXED
刑法第64條是告訴乃論嗎？,LEGAL
刑法第251條是告訴乃論嗎？,LEGAL
刑法第95條規定什麼？實務上像竊盜這種案件法院都怎麼判？,MIXED
刑法第171條和第228條有什麼差別？,LEGAL
刑法第339-4條的法定刑是多少？,LEGAL
公共危險案件中法院怎麼認定事實？,JUDGMENT
臺灣桃園地方法院關於定應執行之刑的案件都怎麼判？,JUDGMENT
刑法第153條有沒有未遂犯的處罰？,LEGAL
解釋刑之酌科及加減的要件，並用實際判決說明法院怎麼認定,MIXED
刑法第212條的要件是什麼？法院在具體個案中怎麼操作？,MIXED
違反刑法第152條會受到什麼處罰？,LEGAL
刑法裡「前條犯罪所得及追徵之範圍與價額，認定顯有困難」是什麼意思？,LEGAL
解釋之二 易刑的要件，並用實際判決說明法院怎麼認定,MIXED
臺灣臺南地方法院 115 年度交簡字第 2494 號刑事判決的爭點是什麼？,JUDGMENT
臺灣嘉義地方法院 115 年度嘉簡字第 874 號刑事判決這件案子的事實經過為何？,JUDGMENT
臺灣士林地方法院 115 年度智簡字第 3 號刑事判決中法院的理由是什麼？,JUDGMENT
臺灣高等法院 115 年度國審抗字第 24 號刑事裁定的量刑考量是什麼？,JUDGMENT
解釋一下臺灣新北地方法院 115 年度金簡字第 198 號刑事裁定在講什麼,JUDGMENT
侵占案件的判決先例有哪些？,JUDGMENT
刑法裡「依法律加重或減輕者，仍得依前條之規定酌量減輕」是什麼意思？,LEGAL
刑法裡「妨害或擾亂投票者，處二年以下有期徒刑、拘役或」是什麼意思？,LEGAL
聲請撤銷緩刑在刑法上怎麼規定？從判決來看法院的認定標準是什麼？,MIXED
什麼情況下會成立刑法第166條的罪？,LEGAL
臺灣臺南地方法院 115 年度訴字第 2536 號刑事判決這件案子的事實經過為何？,JUDGMENT
解釋贓物罪的要件，並用實際判決說明法院怎麼認定,MIXED
法院在臺灣高雄地方法院 115 年度簡字第 1437 號刑事裁定採取了什麼見解？,JUDGMENT
外患罪規定在刑法哪些條文？,LEGAL
刑法第67條的追訴權時效是多久？,LEGAL
關於定其應執行刑，實務上法院通常怎麼判？,JUDGMENT
刑事責任的法定刑是多少？實務上法院實際都判多重？,MIXED
刑法第65條有沒有未遂犯的處罰？,LEGAL
假釋的法律規定為何？可以用臺灣臺南地方法院 115 年度簡字第 3473 號刑事判決當例子說明嗎？,MIXED
朋友涉嫌證券交易法等，相關法條規定和法院可能的判決結果是什麼？,MIXED
什麼情況下會成立刑法第78-2條的罪？,LEGAL
刑法關於遺棄罪的規定可以整理給我嗎？,LEGAL
臺灣臺南地方法院 115 年度簡字第 3379 號刑事判決跟類似案件的判決有什麼不同？,JUDGMENT
法院在臺灣屏東地方法院 115 年度交簡字第 855 號刑事判決採取了什麼見解？,JUDGMENT
刑法裡「公務員或曾任公務員之人，無故洩漏因職務知悉或」是什麼意思？,LEGAL
臺灣高等法院 115 年度聲字第 1834 號刑事裁定適用了哪些法條？這些條文的要件是什麼？,MIXED
家庭暴力罪之妨害性自主會觸犯哪些刑法條文？法院實務見解如何？,MIXED
解釋偽造有價證券罪的要件，並用實際判決說明法院怎麼認定,MIXED
刑法第122條的行為主體有什麼限制？,LEGAL
臺灣高等法院處理聲請再審案件的立場是什麼？,JUDGMENT
臺灣桃園地方法院 115 年度桃簡字第 1261 號刑事判決跟類似案件的判決有什麼不同？,JUDGMENT
違反刑法第339條會受到什麼處罰？,LEGAL
聲請付與卷證影本適用的法條是什麼？有判決先例可以參考嗎？,MIXED
初犯刑法第184條會被關嗎？可以易科罰金嗎？,LEGAL
刑之酌科及加減的處罰有多重？,LEGAL
組織犯罪防制條例等的案件量刑大概多重？,JUDGMENT
解釋刑事責任的要件，並用實際判決說明法院怎麼認定,MIXED
解釋一下臺灣桃園地方法院 114 年度審易字第 3008 號刑事判決在講什麼,JUDGMENT
臺灣臺南地方法院 115 年度交簡字第 2411 號刑事判決的量刑考量是什麼？,JUDGMENT
偽造文書印文罪怎麼構成？實務上有哪些判決可以佐證？,MIXED
臺灣臺南地方法院 115 年度交易字第 821 號刑事判決適用了哪些法條？這些條文的要件是什麼？,MIXED
瀆職罪怎麼構成？實務上有哪些判決可以佐證？,MIXED
臺灣高等法院 115 年度聲保字第 864 號刑事裁定跟類似案件的判決有什麼不同？,JUDGMENT
解釋一下臺灣苗栗地方法院 115 年度苗簡字第 811 號刑事判決在講什麼,JUDGMENT
朋友涉嫌銀行法等，相關法條規定和法院可能的判決結果是什麼？,MIXED
外患罪的條文規定和實務判決見解有沒有落差？,MIXED
偽造度量衡罪的法律規定為何？可以用臺灣桃園地方法院 115 年度訴字第 1236 號刑事裁定當例子說明嗎？,MIXED
臺灣高等法院 臺南分院 115 年度聲字第 681 號刑事裁定的主文內容是什麼？,JUDGMENT
我想了解毒品危害防制條例的相關法條和實務判決，都幫我整理,MIXED
臺灣臺南地方法院 115 年度交簡字第 2643 號刑事判決裡被告的答辯是什麼？,JUDGMENT
刑法第142條規定了什麼？,LEGAL
比較刑法第329條的文義和法院實務的解釋差異,MIXED
刑法第214條規定了什麼？,LEGAL
聲請具保停止羈押案件的判決先例有哪些？,JUDGMENT
觸犯刑法第170條會留下前科嗎？,LEGAL
詐欺犯罪危害防制條例等案件的判決先例有哪些？,JUDGMENT
刑法第272條的構成要件有哪些？,LEGAL
刑法第264條的行為主體有什麼限制？,LEGAL
刑法關於正犯與共犯的規定可以整理給我嗎？,LEGAL
臺灣橋頭地方法院 115 年度毒聲字第 211 號刑事裁定這件案子可以上訴嗎？結果如何？,JUDGMENT
福建金門地方法院處理妨害電腦使用案件的立場是什麼？,JUDGMENT
刑法第38條的立法目的是什麼？,LEGAL
刑法關於數罪併罰的規定可以整理給我嗎？,LEGAL
臺灣屏東地方法院 115 年度交簡字第 839 號刑事判決的爭點是什麼？,JUDGMENT
法院在臺灣苗栗地方法院 115 年度聲自字第 7 號刑事裁定採取了什麼見解？,JUDGMENT
刑法裡「第三百二十三條及第三百二十四條之規定，於第三」是什麼意思？,LEGAL
妨害投票罪的法定刑是多少？實務上法院實際都判多重？,MIXED
刑事責任的法律規定為何？可以用臺灣高等法院 臺中分院 115 年度聲字第 915 號刑事裁定當例子說明嗎？,MIXED
臺灣苗栗地方法院最近有哪些洗錢防制法等的判決？,JUDGMENT
正犯與共犯的條文規定和實務判決見解有沒有落差？,MIXED
關於公共危險，實務上法院通常怎麼判？,JUDGMENT
比較刑法第21條的文義和法院實務的解釋差異,MIXED
臺灣新竹地方法院 115 年度竹小字第 355 號民事判決的爭點是什麼？,JUDGMENT
刑法第292條的行為主體有什麼限制？,LEGAL
刑法第344條的要件是什麼？法院在具體個案中怎麼操作？,MIXED
聲請法官迴避在刑法上怎麼規定？從判決來看法院的認定標準是什麼？,MIXED
解釋假釋的要件，並用實際判決說明法院怎麼認定,MIXED
臺灣桃園地方法院 115 年度審簡字第 1313 號刑事裁定的爭點是什麼？,JUDGMENT
臺灣高等法院 臺中分院 115 年度抗字第 544 號刑事裁定裡被告的答辯是什麼？,JUDGMENT
撤銷緩刑案件中法院怎麼認定事實？,JUDGMENT
數罪併罰規定在刑法哪些條文？,LEGAL
刑法第356條規定什麼？實務上像加重詐欺等這種案件法院都怎麼判？,MIXED
解釋內亂罪的要件，並用實際判決說明法院怎麼認定,MIXED
以臺灣桃園地方法院 115 年度壢交簡字第 747 號刑事判決為例，說明妨害電腦使用罪的構成要件怎麼認定,MIXED
傷害罪的法定刑是多少？實務上法院實際都判多重？,MIXED
臺灣臺南地方法院 115 年度交易字第 336 號刑事判決適用了哪些法條？這些條文的要件是什麼？,MIXED
妨害名譽及信用罪的法律規定為何？可以用臺灣高等法院 臺中分院 115 年度聲字第 1080 號刑事裁定當例子說明嗎？,MIXED
刑法第18條有沒有未遂犯的處罰？,LEGAL
臺灣新北地方法院 115 年度聲字第 2311 號刑事裁定中法院的理由是什麼？,JUDGMENT
臺灣高等法院 115 年度審上訴字第 2939 號刑事裁定跟類似案件的判決有什麼不同？,JUDGMENT
觸犯刑法第38-1條會留下前科嗎？,LEGAL
臺灣花蓮地方法院 114 年度花簡字第 238 號刑事裁定適用了哪些法條？這些條文的要件是什麼？,MIXED
幫我摘要臺灣臺南地方法院 115 年度聲字第 1531 號刑事裁定,JUDGMENT
關於侵權行為損害賠償，實務上法院通常怎麼判？,JUDGMENT
刑法第170條所稱的行為是指什麼？,LEGAL
刑法第40條規定什麼？實務上像公共危險這種案件法院都怎麼判？,MIXED
妨害自由罪的處罰有多重？,LEGAL
刑法第72條適用時要注意什麼？,LEGAL
損害賠償案件的判決先例有哪些？,JUDGMENT
朋友涉嫌侵權行為損害賠償，相關法條規定和法院可能的判決結果是什麼？,MIXED
偽造有價證券罪的法律規定為何？可以用臺灣嘉義地方法院 115 年度聲字第 682 號刑事裁定當例子說明嗎？,MIXED
臺灣雲林地方法院處理組織犯罪防制條例等案件的立場是什麼？,JUDGMENT
幫我摘要臺灣新北地方法院 115 年度聲字第 1296 號刑事裁定,JUDGMENT
刑法關於妨害秩序罪的規定可以整理給我嗎？,LEGAL
幫我解釋刑法第187條的每一項規定,LEGAL
刑法第94條規定什麼？實務上像定應執行刑這種案件法院都怎麼判？,MIXED
臺灣臺南地方法院 115 年度簡字第 3707 號刑事判決這件案子的事實經過為何？,JUDGMENT
臺灣高等法院 臺南分院 115 年度上訴字第 1320 號刑事裁定裡被告的答辯是什麼？,JUDGMENT
觸犯刑法第294條會留下前科嗎？,LEGAL
侵占的案件量刑大概多重？,JUDGMENT
聲請觀察勒戒適用的法條是什麼？有判決先例可以參考嗎？,MIXED
刑法第49條的構成要件是什麼？臺灣高等法院 114 年度金上重訴字第 28 號刑事裁定是怎麼適用這條的？,MIXED
刑法第189-1條的追訴權時效是多久？,LEGAL
保安處分規定在刑法哪些條文？,LEGAL
幫我解釋刑法第358條的每一項規定,LEGAL
朋友涉嫌竊盜等，相關法條規定和法院可能的判決結果是什麼？,MIXED
臺灣臺中地方法院關於聲請假釋期中付保護管束的案件都怎麼判？,JUDGMENT
解釋褻瀆祀典及侵害墳墓屍體罪的要件，並用實際判決說明法院怎麼認定,MIXED
幫我摘要臺灣臺中地方法院 115 年度審訴緝字第 3 號刑事裁定,JUDGMENT
臺灣嘉義地方法院 115 年度嘉簡字第 894 號刑事判決適用了哪些法條？這些條文的要件是什麼？,MIXED
刑法第241條是告訴乃論嗎？實務上這類案件的判決情況如何？,MIXED
刑法第335條所稱的行為是指什麼？,LEGAL
刑法第249條所稱的行為是指什麼？,LEGAL
臺灣臺北地方法院處理組織犯罪防制條例等案件的立場是什麼？,JUDGMENT
竊盜罪的法定刑是多少？實務上法院實際都判多重？,MIXED
竊盜罪的法律規定為何？可以用臺灣屏東地方法院 115 年度訴字第 887 號刑事裁定當例子說明嗎？,MIXED
墮胎罪規定在刑法哪些條文？,LEGAL
臺灣高雄地方法院 115 年度審交訴字第 125 號刑事裁定裡被告的答辯是什麼？,JUDGMENT
我想了解洗錢防制法的相關法條和實務判決，都幫我整理,MIXED
刑法第142條的要件是什麼？法院在具體個案中怎麼操作？,MIXED
刑法第185-2條規定什麼？實務上像傷害這種案件法院都怎麼判？,MIXED
刑法第252條的法定刑是多少？,LEGAL
有沒有分割遺產被判無罪或駁回的案例？,JUDGMENT
刑法裡「意圖損害他人，以詐術使本人或第三人為財產上之」是什麼意思？,LEGAL
聲請撤銷緩刑的案件量刑大概多重？,JUDGMENT
解釋遺棄罪的要件，並用實際判決說明法院怎麼認定,MIXED
加重詐欺等的案件量刑大概多重？,JUDGMENT
臺灣高等法院 臺中分院 115 年度金上訴字第 1423 號刑事判決的爭點是什麼？,JUDGMENT
以臺灣高等法院 花蓮分院 114 年度交上易字第 14 號刑事裁定為例，說明脫逃罪的構成要件怎麼認定,MIXED
以臺灣臺南地方法院 115 年度訴字第 2536 號刑事判決為例，說明公共危險罪的構成要件怎麼認定,MIXED
損害賠償會觸犯哪些刑法條文？法院實務見解如何？,MIXED
刑法第217條規定什麼？實務上像詐欺等這種案件法院都怎麼判？,MIXED
刑法第53條的追訴權時效是多久？,LEGAL
假釋中付保護管束適用的法條是什麼？有判決先例可以參考嗎？,MIXED
臺灣臺北地方法院 115 年度訴字第 706 號刑事裁定這件案子的事實經過為何？,JUDGMENT
臺灣高等法院關於聲明異議的案件都怎麼判？,JUDGMENT
刑法第190-1條是告訴乃論嗎？,LEGAL
刑法第71條規定什麼？實務上像宣告沒收這種案件法院都怎麼判？,MIXED
刑法第63條是告訴乃論嗎？實務上這類案件的判決情況如何？,MIXED
臺灣士林地方法院 115 年度審易字第 1105 號刑事判決的爭點是什麼？,JUDGMENT
刑法第274條是告訴乃論嗎？,LEGAL
臺灣雲林地方法院 115 年度聲字第 566 號刑事裁定的量刑考量是什麼？,JUDGMENT
法院在臺灣臺南地方法院 115 年度交簡字第 2354 號刑事判決採取了什麼見解？,JUDGMENT
臺灣士林地方法院 115 年度審易字第 499 號刑事判決的量刑考量是什麼？,JUDGMENT
刑的法律規定為何？可以用臺灣高等法院 高雄分院 115 年度聲保字第 372 號刑事裁定當例子說明嗎？,MIXED
解釋累犯的要件，並用實際判決說明法院怎麼認定,MIXED
幫我摘要臺灣高等法院 臺中分院 115 年度聲保字第 525 號刑事裁定,JUDGMENT
臺灣基隆地方法院 115 年度交易字第 42 號刑事判決裡被告的答辯是什麼？,JUDGMENT
臺灣臺南地方法院關於侵占遺失物的案件都怎麼判？,JUDGMENT
之一 藐視國會罪怎麼構成？實務上有哪些判決可以佐證？,MIXED
墮胎罪的法律規定為何？可以用臺灣新北地方法院 115 年度撤緩字第 134 號刑事裁定當例子說明嗎？,MIXED
刑法第78條的要件是什麼？法院在具體個案中怎麼操作？,MIXED
刑法第119條的立法目的是什麼？,LEGAL
偽造文書印文罪的法律規定為何？可以用臺灣臺南地方法院 115 年度聲字第 862 號刑事裁定當例子說明嗎？,MIXED
刑法第67條的內容是什麼？可以解釋一下嗎？,LEGAL
我想了解定其應執行刑的相關法條和實務判決，都幫我整理,MIXED
臺灣桃園地方法院 115 年度聲字第 2486 號刑事裁定適用了哪些法條？這些條文的要件是什麼？,MIXED
刑法第287條和第189-1條有什麼差別？,LEGAL
臺灣橋頭地方法院 115 年度易字第 733 號刑事裁定的爭點是什麼？,JUDGMENT
刑法第139條規定了什麼？,LEGAL
幫我摘要臺灣新竹地方法院 115 年度竹簡字第 298 號刑事判決,JUDGMENT
初犯刑法第132條會被關嗎？可以易科罰金嗎？,LEGAL
臺灣雲林地方法院 114 年度易字第 1267 號刑事裁定的判決結果是什麼？,JUDGMENT
關於聲請定其應執行刑，實務上法院通常怎麼判？,JUDGMENT
幫我摘要臺灣臺南地方法院 114 年度訴字第 965 號刑事裁定,JUDGMENT
刑法第339條的立法目的是什麼？,LEGAL
刑的處罰有多重？,LEGAL
賭博罪的法定刑是多少？實務上法院實際都判多重？,MIXED
刑法第185-2條有沒有未遂犯的處罰？,LEGAL
刑法第224-1條的構成要件有哪些？,LEGAL
臺灣橋頭地方法院 112 年度原訴字第 12 號刑事裁定這件案子的事實經過為何？,JUDGMENT
刑法第263條的法定刑是多少？,LEGAL
妨害自由適用的法條是什麼？有判決先例可以參考嗎？,MIXED
刑法第231條是告訴乃論嗎？實務上這類案件的判決情況如何？,MIXED
刑法第23條的構成要件是什麼？臺灣桃園地方法院 114 年度易緝字第 70 號刑事判決是怎麼適用這條的？,MIXED
臺灣宜蘭地方法院 115 年度侵訴字第 7 號刑事裁定中法院的理由是什麼？,JUDGMENT
聲請具保停止羈押案件中法院怎麼認定事實？,JUDGMENT
臺灣桃園地方法院處理違反洗錢防制法等案件的立場是什麼？,JUDGMENT
找幾件詐欺犯罪危害防制條例等的判決給我參考,JUDGMENT
刑法第145條是告訴乃論嗎？,LEGAL
刑法第198條的追訴權時效是多久？,LEGAL
臺灣臺南地方法院處理侵權行為損害賠償案件的立場是什麼？,JUDGMENT
刑法第20條的要件是什麼？法院在具體個案中怎麼操作？,MIXED
刑法第337條的構成要件有哪些？,LEGAL
臺灣基隆地方法院 115 年度易字第 88 號刑事判決的主文內容是什麼？,JUDGMENT
我想了解傷害的相關法條和實務判決，都幫我整理,MIXED
刑法第100條是告訴乃論嗎？實務上這類案件的判決情況如何？,MIXED
臺灣桃園地方法院 115 年度壢簡字第 1102 號刑事判決的主文內容是什麼？,JUDGMENT
臺灣新北地方法院 115 年度聲字第 1053 號刑事裁定的主文內容是什麼？,JUDGMENT
臺灣桃園地方法院處理詐欺等案件的立場是什麼？,JUDGMENT
臺灣桃園地方法院 115 年度聲字第 1390 號刑事裁定裡被告的答辯是什麼？,JUDGMENT
「通謀外國或其派遣之人，意圖使該國或他國對於中」這是刑法哪一條的規定？,LEGAL
刑法第234條的構成要件有哪些？,LEGAL
之二 易刑的法律規定為何？可以用臺灣臺南地方法院 115 年度訴字第 1709 號刑事判決當例子說明嗎？,MIXED
臺灣雲林地方法院關於聲請定其應執行刑的案件都怎麼判？,JUDGMENT
有沒有竊盜等被判無罪或駁回的案例？,JUDGMENT
幫我摘要臺灣臺南地方法院 115 年度訴字第 1822 號刑事判決,JUDGMENT
臺灣桃園地方法院 115 年度桃交簡字第 725 號刑事判決中法院的理由是什麼？,JUDGMENT
之一 沒收規定在刑法哪些條文？,LEGAL
臺灣士林地方法院 115 年度重附民字第 37 號刑事判決的量刑考量是什麼？,JUDGMENT
臺灣臺北地方法院 115 年度聲字第 1510 號刑事裁定裡被告的答辯是什麼？,JUDGMENT
違反刑法第40-2條會受到什麼處罰？,LEGAL
刑法裡「罰金易服勞役，除有下列情形之一者外，得以提供」是什麼意思？,LEGAL
刑法第27條的立法目的是什麼？,LEGAL
臺灣高等法院 臺中分院 115 年度聲字第 990 號刑事裁定中法院的理由是什麼？,JUDGMENT
臺灣臺南地方法院 115 年度聲字第 1244 號刑事裁定的判決結果是什麼？,JUDGMENT
臺灣桃園地方法院 115 年度壢簡字第 298 號刑事判決適用了哪些法條？這些條文的要件是什麼？,MIXED
刑法第133條的行為主體有什麼限制？,LEGAL
幫我解釋刑法第51條的每一項規定,LEGAL
刑法第355條的要件是什麼？法院在具體個案中怎麼操作？,MIXED
刑法第215條的要件是什麼？法院在具體個案中怎麼操作？,MIXED
臺灣高雄地方法院處理聲請定其應執行刑案件的立場是什麼？,JUDGMENT
刑法第131條是告訴乃論嗎？實務上這類案件的判決情況如何？,MIXED
關於聲請定應執行之刑等，實務上法院通常怎麼判？,JUDGMENT
刑法第318-1條的法定刑是多少？,LEGAL
臺灣臺南地方法院 115 年度簡字第 2790 號刑事判決這件案子可以上訴嗎？結果如何？,JUDGMENT
幫我解釋刑法第183條的每一項規定,LEGAL
偽造文書印文罪和其他財產犯罪怎麼區分？,LEGAL
毀棄損壞罪怎麼構成？實務上有哪些判決可以佐證？,MIXED
刑法第229-1條是告訴乃論嗎？,LEGAL
刑法第222條規定了什麼？,LEGAL
恐嚇及擄人勒贖罪的條文規定和實務判決見解有沒有落差？,MIXED
搶奪強盜及海盜罪的成立要件是什麼？,LEGAL
以臺灣高等法院 臺中分院 115 年度聲字第 1022 號刑事裁定為例，說明傷害罪的構成要件怎麼認定,MIXED
刑法裡「製作專供犯本章之罪之電腦程式，而供自己或他人」是什麼意思？,LEGAL
搶奪強盜及海盜罪的法律規定為何？可以用臺灣士林地方法院 115 年度聲字第 1031 號刑事裁定當例子說明嗎？,MIXED
宣告沒收適用的法條是什麼？有判決先例可以參考嗎？,MIXED
之二 易刑規定在刑法哪些條文？,LEGAL
刑法第79條的內容是什麼？可以解釋一下嗎？,LEGAL
聲請法官迴避案件的判決先例有哪些？,JUDGMENT
幫我摘要臺灣高等法院 115 年度聲保字第 1023 號刑事裁定,JUDGMENT
刑法第260條規定了什麼？,LEGAL
刑法第78條規定什麼？實務上像撤銷緩刑這種案件法院都怎麼判？,MIXED
初犯刑法第341條會被關嗎？可以易科罰金嗎？,LEGAL
違反槍砲彈藥刀械管制條例會觸犯哪些刑法條文？法院實務見解如何？,MIXED
刑法第209條規定什麼？實務上像定應執行刑這種案件法院都怎麼判？,MIXED
刑法第151條是告訴乃論嗎？實務上這類案件的判決情況如何？,MIXED
刑法第225條的要件是什麼？法院在具體個案中怎麼操作？,MIXED
假釋規定在刑法哪些條文？,LEGAL
臺灣桃園地方法院最近有哪些竊盜的判決？,JUDGMENT
刑法第276條規定什麼？實務上像個人資料保護法這種案件法院都怎麼判？,MIXED
刑法第231條是告訴乃論嗎？,LEGAL
臺灣橋頭地方法院 115 年度交訴字第 76 號刑事裁定的判決結果是什麼？,JUDGMENT
臺灣桃園地方法院 115 年度聲字第 2622 號刑事裁定這件案子可以上訴嗎？結果如何？,JUDGMENT
找幾件詐欺等的判決給我參考,JUDGMENT
臺灣高等法院 臺中分院 115 年度聲字第 1215 號刑事裁定中法院的理由是什麼？,JUDGMENT
刑法第213條規定了什麼？,LEGAL
刑法第319條的要件是什麼？法院在具體個案中怎麼操作？,MIXED
刑法第172-3條的內容是什麼？可以解釋一下嗎？,LEGAL
刑法第187-2條有沒有未遂犯的處罰？,LEGAL
刑法第302條規定什麼？實務上像詐欺這種案件法院都怎麼判？,MIXED
刑法第315-3條有沒有未遂犯的處罰？,LEGAL
臺灣新北地方法院 115 年度訴字第 732 號民事判決的爭點是什麼？,JUDGMENT
臺灣新竹地方法院處理傷害案件的立場是什麼？,JUDGMENT
「施強暴於直系血親尊親屬，未成傷者，處一年以下」這是刑法哪一條的規定？,LEGAL
刑法第92條適用時要注意什麼？,LEGAL
聲請再審在刑法上怎麼規定？從判決來看法院的認定標準是什麼？,MIXED
初犯刑法第11條會被關嗎？可以易科罰金嗎？,LEGAL
刑法第132條和第116條有什麼差別？,LEGAL
刑法第311條的構成要件是什麼？臺灣高等法院 115 年度上訴字第 2915 號刑事裁定是怎麼適用這條的？,MIXED
法院在臺灣臺南地方法院 115 年度簡字第 2942 號刑事判決採取了什麼見解？,JUDGMENT
臺灣士林地方法院 115 年度聲字第 843 號刑事裁定中法院的理由是什麼？,JUDGMENT
公共危險的案件量刑大概多重？,JUDGMENT
什麼情況下會成立刑法第337條的罪？,LEGAL
「以善意發表言論，而有左列情形之一者，不罰」這是刑法哪一條的規定？,LEGAL
假釋的法律規定為何？可以用臺灣桃園地方法院 115 年度訴字第 872 號民事判決當例子說明嗎？,MIXED
觸犯刑法第260條會留下前科嗎？,LEGAL
刑法第242條的立法目的是什麼？,LEGAL
臺灣士林地方法院 114 年度易字第 397 號刑事裁定的主文內容是什麼？,JUDGMENT
解釋妨害婚姻及家庭罪的要件，並用實際判決說明法院怎麼認定,MIXED
臺灣桃園地方法院 115 年度壢簡字第 553 號刑事判決這件案子可以上訴嗎？結果如何？,JUDGMENT
違反刑法第227條會受到什麼處罰？,LEGAL
刑法第208條是告訴乃論嗎？實務上這類案件的判決情況如何？,MIXED
刑法第226條是告訴乃論嗎？實務上這類案件的判決情況如何？,MIXED
毀棄損壞罪規定在刑法哪些條文？,LEGAL
觸犯刑法第123條會留下前科嗎？,LEGAL
外患罪的成立要件是什麼？,LEGAL
