text,label
有個問題想問：刑法有緩刑這種罪嗎？規定在哪？,LEGAL
臺灣士林地方法院 115 年度審交易字第 378 號刑事判決為什麼會這樣判？,JUDGMENT
我未成年的弟弟騎車撞到人，這樣的案件法條怎麼規定？實務上判賠多少？,MIXED
有人在社群貼文造謠我們公司，法律規定和法院實務見解都幫我查？,MIXED
關於誣告，法條規定與判決先例幫我整理成重點,MIXED
臺灣高等法院 臺中分院 115 年度聲字第 1268 號刑事裁定被告最後有罪嗎？,JUDGMENT
幫我找妨害自由等相關的判決,JUDGMENT
我在網路上被人公開罵垃圾，對方會有什麼刑責？,LEGAL
未遂犯在法律上怎麼定義？,LEGAL
第201條是在講什麼的？,LEGAL
親戚過世後叔叔把存摺全領走，提告需要什麼證據？,LEGAL
有公共危險被判緩刑的判決嗎？,JUDGMENT
想研究傷害罪：條文依據和代表性判決都要,MIXED
我酒後牽機車走路回家被警察攔，算妨害秩序罪嗎？有沒有判決可以佐證？,MIXED
想請問各位，關於違反電子遊戲場業管理條例等，法條規定與判決先例幫我整理成重點,MIXED
想請問各位，判決書裡「上訴駁回」是什麼意思？,JUDGMENT
不好意思想請教，臺灣臺南地方法院 115 年度交簡字第 2101 號刑事判決判決重點整理,JUDGMENT
臺灣臺南地方法院 115 年度聲字第 1504 號刑事裁定判了什麼？,JUDGMENT
有個問題想問：何謂妨害自由罪？,LEGAL
想問一下，關於聲請沒收，法條規定與判決先例幫我整理成重點,MIXED
想請問各位，醫生開刀開錯位置，法律上我有什麼權利？,LEGAL
不好意思想請教，聲請具保停止羈押適用什麼法條？從裁判看法院的標準是什麼？,MIXED
聲請定其應執行刑一般法院判下來大概多重？,JUDGMENT
翻譯一下臺灣桃園地方法院 115 年度壢交簡字第 142 號刑事判決的主文，看不懂,JUDGMENT
刑之酌科及加減的要件是什麼？臺灣桃園地方法院 115 年度桃交簡字第 1060 號刑事判決是這樣認定的嗎？,MIXED
第229-1條是在講什麼的？,LEGAL
臺灣桃園地方法院有哪些侵占等的案子？,JUDGMENT
想問一下，我的機車停在路邊被人騎走，我想知道相關法律規定，還有實際案例的結果？謝謝,MIXED
臺灣桃園地方法院 115 年度聲字第 2486 號刑事裁定為什麼會這樣判？,JUDGMENT
刑跟之一  妨害風化罪是一樣的嗎？,LEGAL
聲請再審上訴成功的案例多嗎？,JUDGMENT
臺灣臺南地方法院 115 年度聲字第 1583 號刑事裁定用了哪些條文？那些條文在規範什麼？,MIXED
何謂侵占罪？,LEGAL
不好意思想請教，臺灣南投地方法院 115 年度投簡字第 175 號刑事判決為什麼會這樣判？,JUDGMENT
第202條規定的內容，加上實際裁判的運用，一起說明,MIXED
臺灣臺中地方法院 115 年度聲字第 2124 號刑事裁定被告最後有罪嗎？,JUDGMENT
第111條規定的內容，加上實際裁判的運用，一起說明,MIXED
有人在社群貼文造謠我們公司，我可以提告嗎？,LEGAL
臺灣桃園地方法院 115 年度壢交簡字第 876 號刑事判決為什麼會這樣判？,JUDGMENT
幫我找聲請定其應執行刑相關的判決,JUDGMENT
網拍賣家收錢不出貨，法律規定和法院實務見解都幫我查？,MIXED
請問刑法有傷害罪這種罪嗎？規定在哪？,LEGAL
何謂毀棄損壞罪？,LEGAL
同事偷看我的手機訊息，我想知道相關法律規定，還有實際案例的結果？,MIXED
定應執行刑的裁判實務上多嗎？,JUDGMENT
臺灣桃園地方法院 115 年度壢原簡字第 35 號刑事判決用了哪些條文？那些條文在規範什麼？,MIXED
想請問各位，想找臺灣桃園地方法院 115 年度聲字第 1864 號刑事裁定的全文,JUDGMENT
麻煩解答：親戚過世後叔叔把存摺全領走，這犯了什麼法條？法院以前都怎麼判？,MIXED
何謂法例？,LEGAL
急，妨害秩序罪的要件是什麼？臺灣高等法院 臺中分院 115 年度金上訴字第 1560 號刑事裁定是這樣認定的嗎？拜託了,MIXED
關於假釋中付保護管束，法條規定與判決先例幫我整理成重點？,MIXED
幫我找過失致死相關的判決,JUDGMENT
公共危險罪跟保安處分是一樣的嗎？求解,LEGAL
撤銷緩刑適用什麼法條？從裁判看法院的標準是什麼？,MIXED
第33條和第259條要怎麼分？,LEGAL
臺灣高等法院 臺南分院 115 年度上訴字第 796 號刑事裁定判決重點整理,JUDGMENT
親戚過世後叔叔把存摺全領走，我可以提告嗎？,LEGAL
臺灣桃園地方法院 115 年度桃簡字第 1239 號刑事判決用了哪些條文？那些條文在規範什麼？感謝解答,MIXED
想找臺灣屏東地方法院 114 年度訴字第 947 號刑事裁定的全文,JUDGMENT
有人檢舉我違建要拆我房子，算公共危險罪嗎？有沒有判決可以佐證？,MIXED
我被跟蹤騷擾了好幾個月，法律上我有什麼權利？,LEGAL
幫我找違反槍砲彈藥刀械管制條例相關的判決,JUDGMENT
不好意思想請教，臺灣桃園地方法院 115 年度交簡上字第 6 號刑事判決為什麼會這樣判？,JUDGMENT
聲請解除限制出境一般法院判下來大概多重？,JUDGMENT
想研究外患罪：條文依據和代表性判決都要？求解,MIXED
請問第79條條文內容是什麼？,LEGAL
不好意思想請教，毒品危害防制條例適用什麼法條？從裁判看法院的標準是什麼？,MIXED
請問我撿到手機拿去賣了，我想知道相關法律規定，還有實際案例的結果？求解,MIXED
刑的法定刑與實際量刑差多少？舉裁判說明,MIXED
想請問各位，同事偷看我的手機訊息，這犯了什麼法條？法院以前都怎麼判？,MIXED
有人冒用我的名義辦門號，這樣是詐欺背信及重利罪嗎？,LEGAL
何謂鴉片罪？,LEGAL
有個問題想問：臺灣新竹地方法院 115 年度聲字第 479 號刑事裁定用了哪些條文？那些條文在規範什麼？,MIXED
解讀一下臺灣新竹地方法院 115 年度聲字第 20 號刑事裁定,JUDGMENT
不好意思想請教，網拍賣家收錢不出貨，這樣的案件法條怎麼規定？實務上判賠多少？,MIXED
臺灣基隆地方法院 115 年度易字第 142 號刑事判決判決重點整理,JUDGMENT
緩刑法條怎麼寫？實務裁判怎麼解釋這條？,MIXED
臺灣高等法院 臺中分院 115 年度聲字第 990 號刑事裁定用了哪些條文？那些條文在規範什麼？,MIXED
有個問題想問：臺灣桃園地方法院 114 年度簡上字第 546 號刑事裁定的法律見解可以說明嗎？,JUDGMENT
臺灣高等法院 115 年度上訴字第 2921 號刑事裁定用了哪些條文？那些條文在規範什麼？,MIXED
幫我看看臺灣新竹地方法院 114 年度訴字第 1495 號刑事判決在講什麼,JUDGMENT
不好意思想請教，室友欠房租跑掉房東要我全付，法律上我有什麼權利？,LEGAL
未成年犯妨害國交罪會怎麼處理？,LEGAL
想問一下，有公共危險被判緩刑的判決嗎？,JUDGMENT
老闆叫我簽本票才能離職，我可以提告嗎？,LEGAL
不好意思想請教，幫我看看臺灣桃園地方法院 115 年度桃簡字第 1009 號刑事判決在講什麼,JUDGMENT
解讀一下臺灣高雄地方法院 115 年度審易字第 1043 號刑事裁定？感謝解答,JUDGMENT
臺灣士林地方法院 115 年度聲字第 788 號刑事裁定被告最後有罪嗎？,JUDGMENT
臺灣高等法院 臺中分院 115 年度金上訴字第 1694 號刑事判決用了哪些條文？那些條文在規範什麼？,MIXED
朋友借我的名義開公司，算之一 妨害司法公正罪嗎？有沒有判決可以佐證？,MIXED
急，我被誣賴偷東西，這樣的案件法條怎麼規定？實務上判賠多少？,MIXED
急，我撿到手機拿去賣了，追訴期是多久？,LEGAL
被依第345條移送會怎麼樣？,LEGAL
保安處分在法律上怎麼定義？,LEGAL
想問一下，有人在社群貼文造謠我們公司，這樣的案件法條怎麼規定？實務上判賠多少？,MIXED
妨害婚姻及家庭罪法條怎麼寫？實務裁判怎麼解釋這條？,MIXED
刑事責任的罰金大概多少？,LEGAL
急，我的照片被拿去做迷因圖，我可以提告嗎？,LEGAL
褻瀆祀典及侵害墳墓屍體罪法條怎麼寫？實務裁判怎麼解釋這條？,MIXED
請問詐欺背信及重利罪的法定刑與實際量刑差多少？舉裁判說明？,MIXED
臺灣苗栗地方法院 115 年度訴字第 275 號刑事判決的法律見解可以說明嗎？,JUDGMENT
被依第71條移送會怎麼樣？,LEGAL
網拍賣家收錢不出貨，這觸犯哪一條法律？,LEGAL
台灣刑法對妨害自由罪的處罰重嗎？,LEGAL
第307條和第285條要怎麼分？,LEGAL
公司要我自願離職不給資遣費，我可以提告嗎？,LEGAL
我小孩在學校被同學打，算妨害投票罪嗎？有沒有判決可以佐證？,MIXED
關於傷害，法條規定與判決先例幫我整理成重點,MIXED
想問一下，翻譯一下臺灣臺中地方法院 115 年度審原簡字第 32 號刑事判決的主文，看不懂,JUDGMENT
不好意思想請教，外患罪告訴期間過了還能告嗎？,LEGAL
老闆叫我簽本票才能離職，我想知道相關法律規定，還有實際案例的結果,MIXED
急，朋友借我的名義開公司，我想知道相關法律規定，還有實際案例的結果,MIXED
想請問各位，何謂鴉片罪？,LEGAL
想問一下，我在網路上被人公開罵垃圾，法律規定和法院實務見解都幫我查,MIXED
不好意思想請教，未成年犯之一 沒收會怎麼處理？,LEGAL
親戚過世後叔叔把存摺全領走，法律上我有什麼權利？感謝解答,LEGAL
刑法有刑這種罪嗎？規定在哪？,LEGAL
想請問各位，被依第227-1條移送會怎麼樣？,LEGAL
第38-1條規定的內容，加上實際裁判的運用，一起說明？求解,MIXED
翻譯一下臺灣士林地方法院 115 年度審原交簡字第 21 號刑事判決的主文，看不懂,JUDGMENT
臺灣南投地方法院 115 年度原金訴字第 32 號刑事判決這篇裁判的結論是？,JUDGMENT
房東沒經過我同意進我房間，法律規定和法院實務見解都幫我查,MIXED
臺灣士林地方法院 115 年度聲字第 595 號刑事裁定判了什麼？謝謝,JUDGMENT
妨害自由罪是什麼意思？求解,LEGAL
不好意思想請教，想找臺灣臺北地方法院 115 年度審訴字第 1347 號刑事判決的全文,JUDGMENT
臺灣基隆地方法院 115 年度聲字第 419 號刑事裁定判了什麼？,JUDGMENT
想請問各位，臺灣臺南地方法院有哪些竊盜等的案子？,JUDGMENT
妨害電腦使用罪的要件是什麼？臺灣新竹地方法院 114 年度訴字第 1162 號刑事判決是這樣認定的嗎？,MIXED
解讀一下臺灣苗栗地方法院 115 年度苗簡字第 1 號民事判決,JUDGMENT
想請問各位，偽造文書印文罪被起訴後流程大概是怎樣？,LEGAL
想請問各位，我撿到手機拿去賣了，報警有用嗎？警察會怎麼處理？,LEGAL
之一 妨害性隱私及不實性影像罪告訴期間過了還能告嗎？,LEGAL
我開車不小心擦撞到行人，這犯了什麼法條？法院以前都怎麼判？,MIXED
球場打球被故意肘擊受傷，我可以提告嗎？,LEGAL
犯偽造度量衡罪可以易科罰金嗎？拜託了,LEGAL
第50條和第208條要怎麼分？,LEGAL
保安處分跟公共危險罪是一樣的嗎？拜託了,LEGAL
鄰居半夜施工吵到我報警也沒用，可以告他嗎？依據哪條？有類似判決參考嗎？,MIXED
數罪併罰的罰金大概多少？,LEGAL
不好意思想請教，關於公共危險，法條規定與判決先例幫我整理成重點,MIXED
我開車不小心擦撞到行人，這樣的案件法條怎麼規定？實務上判賠多少？求解,MIXED
第334條規定的內容，加上實際裁判的運用，一起說明,MIXED
何謂數罪併罰？,LEGAL
想請問各位，有沒有詐欺等判很輕的案例？,JUDGMENT
急，妨害性自主罪法條怎麼寫？實務裁判怎麼解釋這條？,MIXED
偽造有價證券罪初犯會被關嗎？,LEGAL
有個問題想問：臺灣高等法院 臺中分院 114 年度上訴字第 1307 號刑事裁定被告最後有罪嗎？,JUDGMENT
不好意思想請教，幫我找聲明異議相關的判決,JUDGMENT
第23條條文內容是什麼？,LEGAL
想問一下，老闆叫我簽本票才能離職，法律規定和法院實務見解都幫我查,MIXED
臺灣屏東地方法院 115 年度聲字第 469 號刑事裁定為什麼會這樣判？,JUDGMENT
朋友借我的名義開公司，法律規定和法院實務見解都幫我查,MIXED
臺灣南投地方法院 115 年度聲保字第 45 號刑事裁定用了哪些條文？那些條文在規範什麼？,MIXED
臺灣屏東地方法院 115 年度聲字第 744 號刑事裁定判決重點整理,JUDGMENT
不好意思想請教，我檢舉公司逃漏稅被解僱，追訴期是多久？,LEGAL
臺灣高等法院 臺中分院 115 年度聲字第 1185 號刑事裁定的法律見解可以說明嗎？,JUDGMENT
臺灣南投地方法院 115 年度投簡字第 407 號刑事判決用了哪些條文？那些條文在規範什麼？,MIXED
妨害秘密罪的要件是什麼？臺灣臺南地方法院 115 年度單聲沒字第 149 號刑事判決是這樣認定的嗎？,MIXED
想研究妨害婚姻及家庭罪：條文依據和代表性判決都要,MIXED
我被前公司控告洩漏營業秘密，提告需要什麼證據？感謝解答,LEGAL
臺灣臺中地方法院 114 年度金訴字第 4623 號刑事判決被告最後有罪嗎？,JUDGMENT
鴉片罪告訴期間過了還能告嗎？,LEGAL
幫我找定應執行刑相關的判決？感謝解答,JUDGMENT
鴉片罪被起訴後流程大概是怎樣？,LEGAL
不好意思想請教，我被詐騙集團騙了三十萬，追訴期是多久？,LEGAL
急，同事偷看我的手機訊息，提告需要什麼證據？,LEGAL
瀆職罪是什麼意思？,LEGAL
想問一下，我提供帳戶給別人使用結果被列警示戶，我想知道相關法律規定，還有實際案例的結果,MIXED
我買到事故車但車商沒告知，我想知道相關法律規定，還有實際案例的結果,MIXED
請問臺灣橋頭地方法院 115 年度聲字第 664 號刑事裁定判了什麼？,JUDGMENT
想找臺灣臺北地方法院 115 年度聲字第 2050 號刑事裁定的全文,JUDGMENT
幫我看看臺灣高等法院 臺中分院 115 年度聲字第 1194 號刑事裁定在講什麼,JUDGMENT
想請問各位，有沒有傷害判很輕的案例？拜託了,JUDGMENT
不好意思想請教，有陌生人一直傳訊息騷擾我，這樣的案件法條怎麼規定？實務上判賠多少？,MIXED
未成年犯妨害公務罪會怎麼處理？,LEGAL
台灣刑法對刑的處罰重嗎？,LEGAL
刑法有保安處分這種罪嗎？規定在哪？,LEGAL
麻煩解答：翻譯一下臺灣士林地方法院 115 年度訴字第 179 號刑事判決的主文，看不懂,JUDGMENT
外送餐點被鄰居偷走，算妨害自由罪嗎？有沒有判決可以佐證？,MIXED
幫我看看臺灣臺南地方法院 115 年度交簡字第 2131 號刑事判決在講什麼,JUDGMENT
急，臺灣桃園地方法院 115 年度壢簡字第 686 號刑事判決這篇裁判的結論是？謝謝,JUDGMENT
犯外患罪可以易科罰金嗎？,LEGAL
妨害秘密罪的法定刑與實際量刑差多少？舉裁判說明,MIXED
想問一下，詐欺背信及重利罪的要件是什麼？臺灣苗栗地方法院 115 年度聲字第 432 號刑事裁定是這樣認定的嗎？,MIXED
急，之一  妨害風化罪告訴期間過了還能告嗎？謝謝,LEGAL
台灣刑法對偽證及誣告罪的處罰重嗎？,LEGAL
我開車不小心擦撞到行人，追訴期是多久？,LEGAL
幫我看看臺灣宜蘭地方法院 115 年度侵訴字第 7 號刑事裁定在講什麼,JUDGMENT
不好意思想請教，臺灣高等法院 高雄分院 115 年度上訴字第 498 號刑事判決這篇裁判的結論是？,JUDGMENT
想問一下，偽造文書印文罪被起訴後流程大概是怎樣？,LEGAL
想請問各位，公共危險罪是什麼意思？,LEGAL
請問我檢舉公司逃漏稅被解僱，算之一 沒收嗎？有沒有判決可以佐證？,MIXED
請問有沒有聲請定其應執行刑判很輕的案例？,JUDGMENT
網拍賣家收錢不出貨，可以告他嗎？依據哪條？有類似判決參考嗎？,MIXED
想看幾篇加重詐欺等的裁判書,JUDGMENT
室友一直偷拿我的東西，對方會有什麼刑責？,LEGAL
翻譯一下臺灣臺南地方法院 115 年度簡字第 3709 號刑事判決的主文，看不懂,JUDGMENT
有人用我的照片開假帳號，這犯了什麼法條？法院以前都怎麼判？,MIXED
想問一下，有聲請定其應執行刑被判緩刑的判決嗎？,JUDGMENT
麻煩解答：網拍賣家收錢不出貨，報警有用嗎？警察會怎麼處理？,LEGAL
臺灣南投地方法院 114 年度訴字第 226 號刑事判決判決重點整理,JUDGMENT
想研究外患罪：條文依據和代表性判決都要,MIXED
想問一下，有人冒用我的名義辦門號，對方會有什麼刑責？,LEGAL
網拍賣家收錢不出貨，追訴期是多久？,LEGAL
我在夜市跟人起衝突推了對方一把，可以要求賠償嗎？依據是什麼？,LEGAL
我簽了車貸合約才發現利率超高，這樣是妨害性自主罪嗎？,LEGAL
最近停止執行的案件都怎麼判？,JUDGMENT
不服羈押等的裁判實務上多嗎？,JUDGMENT
過失傷害一般法院判下來大概多重？,JUDGMENT
室友一直偷拿我的東西，算殺人罪嗎？有沒有判決可以佐證？,MIXED
我簽了車貸合約才發現利率超高，我可以提告嗎？,LEGAL
公共危險罪被起訴後流程大概是怎樣？,LEGAL
臺灣高等法院 臺中分院 115 年度金上訴字第 1694 號刑事判決被告最後有罪嗎？,JUDGMENT
我撿到手機拿去賣了，法律上我有什麼權利？,LEGAL
有個問題想問：未成年犯搶奪強盜及海盜罪會怎麼處理？,LEGAL
妨害婚姻及家庭罪告訴期間過了還能告嗎？,LEGAL
請問內亂罪在法律上怎麼定義？,LEGAL
急，毀棄損壞罪法條怎麼寫？實務裁判怎麼解釋這條？,MIXED
我的機車停在路邊被人騎走，提告需要什麼證據？,LEGAL
殺人罪和解之後還會被起訴嗎？,LEGAL
麻煩解答：數罪併罰的要件是什麼？臺灣臺南地方法院 115 年度易字第 598 號刑事判決是這樣認定的嗎？,MIXED
想看幾篇毒品危害防制條例的裁判書,JUDGMENT
我簽了車貸合約才發現利率超高，算偽造度量衡罪嗎？有沒有判決可以佐證？,MIXED
麻煩解答：第115-1條規定的內容，加上實際裁判的運用，一起說明,MIXED
第258條和第216條要怎麼分？,LEGAL
妨害自由等適用什麼法條？從裁判看法院的標準是什麼？,MIXED
想研究脫逃罪：條文依據和代表性判決都要,MIXED
想找臺灣嘉義地方法院 115 年度撤緩字第 71 號刑事裁定的全文？,JUDGMENT
臺灣臺中地方法院 115 年度單禁沒字第 371 號刑事裁定為什麼會這樣判？,JUDGMENT
未成年犯妨害名譽及信用罪會怎麼處理？,LEGAL
我簽了車貸合約才發現利率超高，提告需要什麼證據？,LEGAL
想問一下，第319-2條是在講什麼的？,LEGAL
外患罪跟遺棄罪是一樣的嗎？,LEGAL
想請問各位，臺灣臺南地方法院 115 年度簡字第 3354 號刑事判決被告最後有罪嗎？,JUDGMENT
妨害電腦使用罪跟妨害自由罪是一樣的嗎？,LEGAL
幫我看看臺灣桃園地方法院 115 年度聲字第 2386 號刑事裁定在講什麼,JUDGMENT
不好意思想請教，我被跟蹤騷擾了好幾個月，提告需要什麼證據？,LEGAL
麻煩解答：幫我比較這兩篇判決的差異,JUDGMENT
想找臺灣新竹地方法院 115 年度聲字第 866 號刑事裁定的全文,JUDGMENT
有沒有聲請具保停止羈押判很輕的案例？,JUDGMENT
贓物罪的要件是什麼？臺灣新北地方法院 115 年度審簡字第 912 號刑事判決是這樣認定的嗎？,MIXED
法例被起訴後流程大概是怎樣？,LEGAL
麻煩解答：臺灣臺北地方法院 115 年度審交易字第 381 號刑事判決用了哪些條文？那些條文在規範什麼？,MIXED
我開車不小心擦撞到行人，需要負法律責任嗎？,LEGAL
有個問題想問：侵權行為損害賠償的裁判實務上多嗎？,JUDGMENT
臺灣高等法院 115 年度聲再字第 270 號刑事裁定判了什麼？,JUDGMENT
有妨害秘密被判緩刑的判決嗎？,JUDGMENT
翻譯一下臺灣新竹地方法院 115 年度訴字第 403 號刑事判決的主文，看不懂,JUDGMENT
想問一下，侮辱適用什麼法條？從裁判看法院的標準是什麼？,MIXED
臺灣高等法院 臺中分院 115 年度金上訴字第 1093 號刑事判決為什麼會這樣判？,JUDGMENT
幫我看看臺灣新北地方法院 115 年度聲字第 2444 號刑事裁定在講什麼,JUDGMENT
第294-1條是在講什麼的？,LEGAL
想問一下，第319-3條和第268條要怎麼分？,LEGAL
我被誣賴偷東西，需要負法律責任嗎？,LEGAL
我未成年的弟弟騎車撞到人，算未遂犯嗎？有沒有判決可以佐證？,MIXED
急，第196條條文內容是什麼？,LEGAL
朋友借我的名義開公司，算妨害性自主罪嗎？有沒有判決可以佐證？,MIXED
想看幾篇偽造文書等的裁判書,JUDGMENT
網拍賣家收錢不出貨，我想知道相關法律規定，還有實際案例的結果,MIXED
我未成年的弟弟騎車撞到人，算外患罪嗎？有沒有判決可以佐證？拜託了,MIXED
想研究藏匿人犯及湮滅證據罪：條文依據和代表性判決都要,MIXED
有沒有違反毒品危害防制條例判很輕的案例？,JUDGMENT
台灣刑法對妨害公務罪的處罰重嗎？,LEGAL
翻譯一下臺灣桃園地方法院 115 年度壢簡字第 1278 號刑事判決的主文，看不懂,JUDGMENT
第62條條文內容是什麼？,LEGAL
請問公司要我自願離職不給資遣費，這樣的案件法條怎麼規定？實務上判賠多少？,MIXED
臺灣嘉義地方法院 115 年度嘉簡字第 724 號刑事判決判了什麼？,JUDGMENT
台灣刑法對搶奪強盜及海盜罪的處罰重嗎？,LEGAL
急，之二 易刑的要件是什麼？臺灣臺南地方法院 115 年度訴字第 2409 號刑事判決是這樣認定的嗎？,MIXED
想請問各位，我被詐騙集團騙了三十萬，算妨害公務罪嗎？有沒有判決可以佐證？,MIXED
保安處分在法律上怎麼定義？拜託了,LEGAL
不服延長羈押的裁判實務上多嗎？,JUDGMENT
臺灣苗栗地方法院 115 年度苗智簡字第 6 號刑事判決判決重點整理,JUDGMENT
台灣刑法對偽造度量衡罪的處罰重嗎？,LEGAL
同事偷看我的手機訊息，可以告他嗎？依據哪條？有類似判決參考嗎？,MIXED
我被誣賴偷東西，這樣的案件法條怎麼規定？實務上判賠多少？謝謝,MIXED
墮胎罪的罰金大概多少？,LEGAL
妨害自由等的裁判實務上多嗎？,JUDGMENT
解讀一下臺灣臺中地方法院 115 年度訴字第 163 號刑事裁定,JUDGMENT
妨害名譽及信用罪告訴期間過了還能告嗎？,LEGAL
詐欺犯罪危害防制條例等適用什麼法條？從裁判看法院的標準是什麼？,MIXED
請問外送餐點被鄰居偷走，法律上我有什麼權利？,LEGAL
最近詐欺的案件都怎麼判？,JUDGMENT
有沒有聲請定其應執行刑判很輕的案例？,JUDGMENT
請問想看幾篇定其應執行刑的裁判書,JUDGMENT
之一 沒收的法定刑與實際量刑差多少？舉裁判說明,MIXED
急，假釋付保護管束適用什麼法條？從裁判看法院的標準是什麼？,MIXED
想請問各位，公司要我自願離職不給資遣費，法律規定和法院實務見解都幫我查,MIXED
判決書裡「保護管束」是什麼意思？感謝解答,JUDGMENT
第224條條文內容是什麼？,LEGAL
想看幾篇聲請具保停止羈押的裁判書,JUDGMENT
侵占一般法院判下來大概多重？,JUDGMENT
關於加重詐欺等，法條規定與判決先例幫我整理成重點,MIXED
有沒有定其應執行刑判很輕的案例？,JUDGMENT
我簽了車貸合約才發現利率超高，報警有用嗎？警察會怎麼處理？,LEGAL
我把公司資料帶去新公司用，可以要求賠償嗎？依據是什麼？,LEGAL
幫我看看臺灣高等法院 臺中分院 115 年度上訴字第 542 號刑事裁定在講什麼,JUDGMENT
外送餐點被鄰居偷走，對方會有什麼刑責？,LEGAL
想找臺灣高等法院 臺中分院 115 年度金上訴字第 1323 號刑事裁定的全文,JUDGMENT
妨害投票罪的罰金大概多少？,LEGAL
房東沒經過我同意進我房間，報警有用嗎？警察會怎麼處理？,LEGAL
球場打球被故意肘擊受傷，需要負法律責任嗎？,LEGAL
有個問題想問：我在停車場被人刮車，追訴期是多久？,LEGAL
解讀一下臺灣苗栗地方法院 115 年度苗智簡字第 6 號刑事判決,JUDGMENT
想問一下，第324條規定的內容，加上實際裁判的運用，一起說明？求解,MIXED
刑的要件是什麼？臺灣士林地方法院 115 年度聲字第 1042 號刑事裁定是這樣認定的嗎？,MIXED
妨害婚姻及家庭罪初犯會被關嗎？,LEGAL
急，刑法有妨害秘密罪這種罪嗎？規定在哪？,LEGAL
想請問各位，有人檢舉我違建要拆我房子，這樣是妨害公務罪嗎？,LEGAL
之一 沒收初犯會被關嗎？求解,LEGAL
我提供帳戶給別人使用結果被列警示戶，算妨害婚姻及家庭罪嗎？有沒有判決可以佐證？,MIXED
有沒有聲明異議判很輕的案例？,JUDGMENT
麻煩解答：被依第257條移送會怎麼樣？,LEGAL
解讀一下臺灣臺東地方法院 115 年度原交易緝字第 1 號刑事裁定,JUDGMENT
前男友拿我的私密照威脅我，算之一 沒收嗎？有沒有判決可以佐證？,MIXED
恐嚇及擄人勒贖罪和解之後還會被起訴嗎？,LEGAL
想請問各位，關於竊盜，法條規定與判決先例幫我整理成重點,MIXED
之二 易刑跟墮胎罪是一樣的嗎？謝謝,LEGAL
想請問各位，刑法有妨害投票罪這種罪嗎？規定在哪？,LEGAL
公司要我自願離職不給資遣費，法律上我有什麼權利？,LEGAL
有個問題想問：有詐欺等被判緩刑的判決嗎？,JUDGMENT
前男友拿我的私密照威脅我，可以要求賠償嗎？依據是什麼？,LEGAL
想研究偽造度量衡罪：條文依據和代表性判決都要,MIXED
朋友借我的名義開公司，法律上我有什麼權利？,LEGAL
急，臺灣桃園地方法院 115 年度聲保字第 278 號刑事裁定被告最後有罪嗎？,JUDGMENT
不好意思想請教，最近詐欺等的案件都怎麼判？感謝解答,JUDGMENT
急，聲請撤銷緩刑上訴成功的案例多嗎？,JUDGMENT
幫我看看臺灣新竹地方法院 115 年度交易字第 369 號刑事判決在講什麼,JUDGMENT
關於不服具保停止羈押等，法條規定與判決先例幫我整理成重點,MIXED
我買到事故車但車商沒告知，算時效嗎？有沒有判決可以佐證？,MIXED
不好意思想請教，刑之酌科及加減是什麼意思？,LEGAL
犯偽造文書印文罪可以易科罰金嗎？,LEGAL
臺灣新竹地方法院 114 年度原易字第 65 號刑事判決判了什麼？,JUDGMENT
網拍賣家收錢不出貨，這樣是時效嗎？,LEGAL
請問關於詐欺犯罪危害防制條例等，法條規定與判決先例幫我整理成重點,MIXED
解讀一下臺灣高等法院 臺中分院 115 年度聲字第 851 號刑事裁定,JUDGMENT
不好意思想請教，殺人罪的法定刑與實際量刑差多少？舉裁判說明,MIXED
請問有人冒用我的名義辦門號，提告需要什麼證據？,LEGAL
球場打球被故意肘擊受傷，這樣是偽造貨幣罪嗎？,LEGAL
我在網路上被人公開罵垃圾，可以告他嗎？依據哪條？有類似判決參考嗎？,MIXED
急，有人在社群貼文造謠我們公司，這樣的案件法條怎麼規定？實務上判賠多少？,MIXED
鄰居半夜施工吵到我報警也沒用，法律規定和法院實務見解都幫我查,MIXED
球場打球被故意肘擊受傷，法律規定和法院實務見解都幫我查,MIXED
有個問題想問：最近沒入保證金的案件都怎麼判？,JUDGMENT
麻煩解答：外送餐點被鄰居偷走，算鴉片罪嗎？有沒有判決可以佐證？,MIXED
第311條條文內容是什麼？謝謝,LEGAL
臺灣桃園地方法院 115 年度審交易字第 408 號刑事判決用了哪些條文？那些條文在規範什麼？,MIXED
臺灣桃園地方法院審理竊盜的裁判找得到嗎？,JUDGMENT
內亂罪跟墮胎罪是一樣的嗎？,LEGAL
我在夜市跟人起衝突推了對方一把，法律上我有什麼權利？,LEGAL
臺灣臺南地方法院 115 年度聲字第 1495 號刑事裁定為什麼會這樣判？,JUDGMENT
請問想找臺灣高等法院 115 年度上訴字第 2809 號刑事裁定的全文,JUDGMENT
麻煩解答：幫我找詐欺等相關的判決,JUDGMENT
第296條規定的內容，加上實際裁判的運用，一起說明,MIXED
這份裁判書幫我做摘要？感謝解答,JUDGMENT
想問一下，臺灣臺北地方法院 114 年度訴字第 1694 號刑事裁定這篇裁判的結論是？,JUDGMENT
臺灣臺南地方法院 115 年度簡字第 3745 號刑事判決用了哪些條文？那些條文在規範什麼？,MIXED
不好意思想請教，刑法有保安處分這種罪嗎？規定在哪？,LEGAL
第71條和第286條要怎麼分？,LEGAL
急，臺灣高等法院審理詐欺等的裁判找得到嗎？,JUDGMENT
不好意思想請教，臺灣雲林地方法院 115 年度簡字第 51 號民事判決這篇裁判的結論是？拜託了,JUDGMENT
不好意思想請教，公司要我自願離職不給資遣費，可以告他嗎？依據哪條？有類似判決參考嗎？,MIXED
偽造文書印文罪初犯會被關嗎？,LEGAL
想問一下，關於偽造文書，法條規定與判決先例幫我整理成重點？感謝解答,MIXED
臺灣臺南地方法院 115 年度簡字第 3037 號刑事判決被告最後有罪嗎？,JUDGMENT
臺灣嘉義地方法院 115 年度嘉交簡字第 511 號刑事判決判了什麼？,JUDGMENT
想請問各位，最近毒品危害防制條例的案件都怎麼判？,JUDGMENT
瀆職罪的要件是什麼？臺灣新北地方法院 114 年度附民字第 656 號刑事判決是這樣認定的嗎？,MIXED
妨害投票罪在法律上怎麼定義？,LEGAL
第257條是在講什麼的？,LEGAL
我幫朋友作保結果他跑路，這犯了什麼法條？法院以前都怎麼判？,MIXED
臺灣桃園地方法院 115 年度易緝字第 38 號刑事判決用了哪些條文？那些條文在規範什麼？,MIXED
幫我看看臺灣高等法院 115 年度聲字第 1651 號刑事裁定在講什麼,JUDGMENT
第20條是在講什麼的？,LEGAL
親戚過世後叔叔把存摺全領走，算公共危險罪嗎？有沒有判決可以佐證？,MIXED
保安處分是什麼意思？,LEGAL
想請問各位，有人檢舉我違建要拆我房子，對方會有什麼刑責？,LEGAL
麻煩解答：何謂之一  妨害風化罪？,LEGAL
老闆叫我簽本票才能離職，可以告他嗎？依據哪條？有類似判決參考嗎？,MIXED
臺灣臺北地方法院 115 年度審交易字第 381 號刑事判決用了哪些條文？那些條文在規範什麼？,MIXED
麻煩解答：侵占的裁判實務上多嗎？,JUDGMENT
麻煩解答：臺灣士林地方法院審理沒入保證金的裁判找得到嗎？,JUDGMENT
偽造文書印文罪被起訴後流程大概是怎樣？,LEGAL
未成年犯妨害自由罪會怎麼處理？,LEGAL
臺灣高雄地方法院 115 年度附民字第 232 號刑事判決的法律見解可以說明嗎？,JUDGMENT
我買到事故車但車商沒告知，法律規定和法院實務見解都幫我查,MIXED
有個問題想問：最近聲請發還保證金的案件都怎麼判？,JUDGMENT
臺灣屏東地方法院 114 年度訴字第 1053 號刑事裁定判決重點整理？拜託了,JUDGMENT
臺灣高等法院 115 年度審上訴字第 2141 號刑事判決用了哪些條文？那些條文在規範什麼？,MIXED
解讀一下臺灣高等法院 高雄分院 115 年度聲保字第 376 號刑事裁定,JUDGMENT
有個問題想問：第160條條文內容是什麼？,LEGAL
第187-3條規定的內容，加上實際裁判的運用，一起說明,MIXED
臺灣新竹地方法院 115 年度聲字第 870 號刑事裁定這篇裁判的結論是？,JUDGMENT
第220條條文內容是什麼？,LEGAL
想研究時效：條文依據和代表性判決都要？求解,MIXED
想問一下，幫我找違反商業會計法等相關的判決,JUDGMENT
請問客戶簽約後拒絕付尾款，這樣算犯罪嗎？,LEGAL
我提供帳戶給別人使用結果被列警示戶，報警有用嗎？警察會怎麼處理？,LEGAL
有個問題想問：前男友拿我的私密照威脅我，可以告他嗎？依據哪條？有類似判決參考嗎？拜託了,MIXED
我借人十萬元對方失聯了，算之二 易刑嗎？有沒有判決可以佐證？,MIXED
第345條和第337條要怎麼分？求解,LEGAL
有個問題想問：臺灣臺南地方法院 115 年度易字第 1041 號刑事判決判了什麼？,JUDGMENT
侵占罪被起訴後流程大概是怎樣？,LEGAL
翻譯一下臺灣高雄地方法院 115 年度聲保字第 173 號刑事裁定的主文，看不懂,JUDGMENT
翻譯一下臺灣苗栗地方法院 114 年度易字第 615 號刑事裁定的主文，看不懂,JUDGMENT
翻譯一下臺灣士林地方法院 115 年度聲字第 788 號刑事裁定的主文，看不懂？謝謝,JUDGMENT
墮胎罪是什麼意思？,LEGAL
臺灣桃園地方法院審理公共危險的裁判找得到嗎？謝謝,JUDGMENT
第238條規定的內容，加上實際裁判的運用，一起說明？,MIXED
臺灣新北地方法院 115 年度金訴字第 711 號刑事裁定的法律見解可以說明嗎？拜託了,JUDGMENT
鄰居的狗衝出來咬傷我，法律規定和法院實務見解都幫我查,MIXED
有個問題想問：何謂假釋？,LEGAL
想請問各位，我小孩在學校被同學打，提告需要什麼證據？,LEGAL
被依第141條移送會怎麼樣？,LEGAL
何謂保安處分？,LEGAL
臺灣高等法院 臺中分院 115 年度上易字第 156 號刑事判決判了什麼？,JUDGMENT
急，想看幾篇違反性騷擾防治法的裁判書,JUDGMENT
不好意思想請教，臺灣桃園地方法院審理毒品危害防制條例等的裁判找得到嗎？,JUDGMENT
臺灣士林地方法院 115 年度聲字第 952 號刑事裁定判了什麼？,JUDGMENT
外患罪的罰金大概多少？,LEGAL
第89條和第4條要怎麼分？,LEGAL
我撿到手機拿去賣了，算刑之酌科及加減嗎？有沒有判決可以佐證？感謝解答,MIXED
請問我小孩在學校被同學打，法律規定和法院實務見解都幫我查？,MIXED
臺灣新竹地方法院 115 年度訴字第 605 號刑事判決被告最後有罪嗎？,JUDGMENT
恐嚇適用什麼法條？從裁判看法院的標準是什麼？,MIXED
妨害自由上訴成功的案例多嗎？拜託了,JUDGMENT
請問室友一直偷拿我的東西，這犯了什麼法條？法院以前都怎麼判？,MIXED
未成年犯妨害秩序罪會怎麼處理？,LEGAL
臺灣士林地方法院有哪些延長監護的案子？,JUDGMENT
我被詐騙集團騙了三十萬，算妨害名譽及信用罪嗎？有沒有判決可以佐證？,MIXED
翻譯一下臺灣桃園地方法院 114 年度金訴字第 209 號刑事裁定的主文，看不懂,JUDGMENT
我未成年的弟弟騎車撞到人，需要負法律責任嗎？,LEGAL
想問一下，客戶簽約後拒絕付尾款，可以要求賠償嗎？依據是什麼？,LEGAL
妨害農工商罪的罰金大概多少？,LEGAL
臺灣嘉義地方法院審理詐欺犯罪危害防制條例等的裁判找得到嗎？,JUDGMENT
麻煩解答：遺棄罪告訴期間過了還能告嗎？,LEGAL
有沒有詐欺判很輕的案例？,JUDGMENT
殺人罪法條怎麼寫？實務裁判怎麼解釋這條？求解,MIXED
過失傷害適用什麼法條？從裁判看法院的標準是什麼？謝謝,MIXED
數罪併罰法條怎麼寫？實務裁判怎麼解釋這條？,MIXED
有個問題想問：我未成年的弟弟騎車撞到人，可以告他嗎？依據哪條？有類似判決參考嗎？,MIXED
有個問題想問：臺灣士林地方法院 115 年度聲字第 833 號刑事裁定為什麼會這樣判？感謝解答,JUDGMENT
想問一下，網拍賣家收錢不出貨，對方會有什麼刑責？求解,LEGAL
想請問各位，臺灣新竹地方法院有哪些竊盜的案子？,JUDGMENT
想問一下，我的機車停在路邊被人騎走，這樣是之一  妨害風化罪嗎？,LEGAL
請問外送餐點被鄰居偷走，法律規定和法院實務見解都幫我查？求解,MIXED
請問幫我找竊盜相關的判決？求解,JUDGMENT
請問客戶簽約後拒絕付尾款，報警有用嗎？警察會怎麼處理？,LEGAL
急，判決書裡「免訴」是什麼意思？,JUDGMENT
瀆職罪被起訴後流程大概是怎樣？,LEGAL
麻煩解答：這份裁判書幫我做摘要,JUDGMENT
想研究內亂罪：條文依據和代表性判決都要,MIXED
翻譯一下福建高等法院金門分院 115 年度聲字第 12 號刑事裁定的主文，看不懂,JUDGMENT
最近妨害風化的案件都怎麼判？,JUDGMENT
關於聲請定應執行之刑並諭知易服勞役之折算標準，法條規定與判決先例幫我整理成重點,MIXED
我的機車停在路邊被人騎走，可以要求賠償嗎？依據是什麼？,LEGAL
臺灣桃園地方法院審理妨害自由的裁判找得到嗎？求解,JUDGMENT
請問有定應執行刑被判緩刑的判決嗎？,JUDGMENT
有個問題想問：我在夜市跟人起衝突推了對方一把，報警有用嗎？警察會怎麼處理？,LEGAL
急，我被前公司控告洩漏營業秘密，我想知道相關法律規定，還有實際案例的結果？求解,MIXED
想請問各位，前男友拿我的私密照威脅我，算鴉片罪嗎？有沒有判決可以佐證？,MIXED
第315-1條和第64條要怎麼分？,LEGAL
臺灣苗栗地方法院審理聲請定其應執行刑的裁判找得到嗎？,JUDGMENT
竊盜罪在法律上怎麼定義？,LEGAL
我檢舉公司逃漏稅被解僱，算數罪併罰嗎？有沒有判決可以佐證？,MIXED
急，觀察勒戒處分上訴成功的案例多嗎？,JUDGMENT
犯未遂犯可以易科罰金嗎？,LEGAL
妨害性自主罪是什麼意思？,LEGAL
我買到事故車但車商沒告知，提告需要什麼證據？,LEGAL
第50條規定的內容，加上實際裁判的運用，一起說明,MIXED
想問一下，時效是什麼意思？,LEGAL
我在停車場被人刮車，我可以提告嗎？,LEGAL
公共危險罪的要件是什麼？臺灣高等法院 高雄分院 115 年度聲再字第 73 號刑事裁定是這樣認定的嗎？,MIXED
不好意思想請教，有陌生人一直傳訊息騷擾我，這樣是偽造文書印文罪嗎？,LEGAL
麻煩解答：第93條是在講什麼的？,LEGAL
臺灣新竹地方法院有哪些加重詐欺等的案子？,JUDGMENT
有沒有毀棄損壞判很輕的案例？,JUDGMENT
不好意思想請教，被依第263條移送會怎麼樣？,LEGAL
不好意思想請教，偽造貨幣罪的要件是什麼？臺灣士林地方法院 115 年度附民字第 188 號刑事判決是這樣認定的嗎？,MIXED
犯妨害名譽及信用罪可以易科罰金嗎？,LEGAL
鄰居的狗衝出來咬傷我，這觸犯哪一條法律？,LEGAL
臺灣桃園地方法院有哪些毒品危害防制條例的案子？,JUDGMENT
有個問題想問：被依第287條移送會怎麼樣？感謝解答,LEGAL
第75條規定的內容，加上實際裁判的運用，一起說明,MIXED
翻譯一下臺灣臺南地方法院 115 年度訴字第 1487 號刑事判決的主文，看不懂,JUDGMENT
有個問題想問：想看幾篇傷害的裁判書,JUDGMENT
關於妨害電腦使用，法條規定與判決先例幫我整理成重點,MIXED
我開車不小心擦撞到行人，這樣的案件法條怎麼規定？實務上判賠多少？,MIXED
臺灣臺南地方法院 115 年度訴字第 2919 號刑事判決這篇裁判的結論是？,JUDGMENT
麻煩解答：聲請定應執行刑並諭知易科罰金折算標準上訴成功的案例多嗎？,JUDGMENT
有個問題想問：有人冒用我的名義辦門號，算刑之酌科及加減嗎？有沒有判決可以佐證？,MIXED
麻煩解答：球場打球被故意肘擊受傷，這樣的案件法條怎麼規定？實務上判賠多少？,MIXED
臺灣高等法院 115 年度原上訴字第 101 號刑事裁定這篇裁判的結論是？,JUDGMENT
想請問各位，褻瀆祀典及侵害墳墓屍體罪的要件是什麼？臺灣新竹地方法院 115 年度交易字第 171 號刑事判決是這樣認定的嗎？,MIXED
聲請再審適用什麼法條？從裁判看法院的標準是什麼？,MIXED
不好意思想請教，球場打球被故意肘擊受傷，可以要求賠償嗎？依據是什麼？,LEGAL
我被詐騙集團騙了三十萬，算毀棄損壞罪嗎？有沒有判決可以佐證？,MIXED
想請問各位，解讀一下臺灣桃園地方法院 115 年度壢簡字第 1046 號刑事判決,JUDGMENT
刑之酌科及加減告訴期間過了還能告嗎？,LEGAL
臺灣臺北地方法院 115 年度審附民字第 1677 號刑事判決被告最後有罪嗎？,JUDGMENT
急，鄰居的狗衝出來咬傷我，這觸犯哪一條法律？,LEGAL
違反洗錢防制法等的裁判實務上多嗎？求解,JUDGMENT
急，之一 沒收的要件是什麼？臺灣新北地方法院 115 年度審金訴字第 441 號刑事判決是這樣認定的嗎？,MIXED
想找臺灣高等法院 臺中分院 115 年度金上訴字第 1072 號刑事判決的全文,JUDGMENT
麻煩解答：我被前公司控告洩漏營業秘密，對方會有什麼刑責？,LEGAL
急，我撿到手機拿去賣了，算妨害婚姻及家庭罪嗎？有沒有判決可以佐證？,MIXED
第315條是在講什麼的？,LEGAL
幫我看看臺灣桃園地方法院 114 年度簡上字第 546 號刑事裁定在講什麼,JUDGMENT
臺灣苗栗地方法院 115 年度訴字第 275 號刑事判決為什麼會這樣判？,JUDGMENT
賭博罪法條怎麼寫？實務裁判怎麼解釋這條？,MIXED
損害賠償一般法院判下來大概多重？,JUDGMENT
我在網路上被人公開罵垃圾，法律規定和法院實務見解都幫我查,MIXED
幫我找定應執行刑相關的判決,JUDGMENT
詐欺背信及重利罪被起訴後流程大概是怎樣？,LEGAL
關於組織犯罪防制條例等，法條規定與判決先例幫我整理成重點,MIXED
刑之酌科及加減的要件是什麼？臺灣高等法院 高雄分院 115 年度聲保字第 358 號刑事裁定是這樣認定的嗎？謝謝,MIXED
幫我找假釋付保護管束相關的判決,JUDGMENT
第315-3條和第11條要怎麼分？,LEGAL
不好意思想請教，親戚過世後叔叔把存摺全領走，這樣算犯罪嗎？,LEGAL
臺灣桃園地方法院審理定應執行之刑的裁判找得到嗎？,JUDGMENT
臺灣臺南地方法院 115 年度易字第 1132 號刑事判決的法律見解可以說明嗎？,JUDGMENT
偽造有價證券適用什麼法條？從裁判看法院的標準是什麼？,MIXED
臺灣桃園地方法院 115 年度聲字第 2597 號刑事裁定的法律見解可以說明嗎？,JUDGMENT
球場打球被故意肘擊受傷，這樣是瀆職罪嗎？,LEGAL
妨害自由罪的罰金大概多少？,LEGAL
偽證及誣告罪在法律上怎麼定義？,LEGAL
想問一下，我被詐騙集團騙了三十萬，追訴期是多久？,LEGAL
妨害性自主罪告訴期間過了還能告嗎？,LEGAL
請問公共危險適用什麼法條？從裁判看法院的標準是什麼？,MIXED
不好意思想請教，這份裁判書幫我做摘要？求解,JUDGMENT
偽造文書印文罪的罰金大概多少？,LEGAL
有個問題想問：詐欺取財等適用什麼法條？從裁判看法院的標準是什麼？,MIXED
有個問題想問：幫我看看臺灣屏東地方法院 115 年度交易字第 104 號刑事裁定在講什麼,JUDGMENT
請問我被前公司控告洩漏營業秘密，這觸犯哪一條法律？,LEGAL
之一 沒收被起訴後流程大概是怎樣？,LEGAL
未成年犯鴉片罪會怎麼處理？,LEGAL
公共危險等一般法院判下來大概多重？,JUDGMENT
朋友借我的名義開公司，追訴期是多久？,LEGAL
想找臺灣桃園地方法院 115 年度壢簡字第 738 號刑事判決的全文？謝謝,JUDGMENT
急，我提供帳戶給別人使用結果被列警示戶，這樣算犯罪嗎？,LEGAL
不好意思想請教，有人在社群貼文造謠我們公司，法律上我有什麼權利？,LEGAL
不好意思想請教，我撿到手機拿去賣了，法律規定和法院實務見解都幫我查,MIXED
想請問各位，想找臺灣高等法院 臺中分院 115 年度金上訴字第 1084 號刑事判決的全文,JUDGMENT
臺灣高等法院 115 年度侵上更一字第 3 號刑事裁定被告最後有罪嗎？,JUDGMENT
我借人十萬元對方失聯了，算之一  妨害風化罪嗎？有沒有判決可以佐證？,MIXED
有沒有定應執行刑判很輕的案例？,JUDGMENT
臺灣臺南地方法院 115 年度簡字第 2942 號刑事判決用了哪些條文？那些條文在規範什麼？,MIXED
我未成年的弟弟騎車撞到人，算妨害名譽及信用罪嗎？有沒有判決可以佐證？,MIXED
偽造有價證券罪跟正犯與共犯是一樣的嗎？,LEGAL
臺灣高等法院 臺南分院 115 年度上訴字第 1166 號刑事判決判了什麼？,JUDGMENT
想請問各位，鴉片罪和解之後還會被起訴嗎？,LEGAL
想請問各位，朋友借我的名義開公司，法律規定和法院實務見解都幫我查,MIXED
搶奪強盜及海盜罪的要件是什麼？臺灣高等法院 臺中分院 115 年度聲字第 1381 號刑事裁定是這樣認定的嗎？,MIXED
賭博罪的法定刑與實際量刑差多少？舉裁判說明？,MIXED
臺灣士林地方法院 115 年度審簡字第 879 號刑事判決判決重點整理,JUDGMENT
妨害公務罪告訴期間過了還能告嗎？,LEGAL
第213條和第114條要怎麼分？,LEGAL
不好意思想請教，之一 妨害性隱私及不實性影像罪的要件是什麼？臺灣新竹地方法院 115 年度交易字第 369 號刑事判決是這樣認定的嗎？,MIXED
想問一下，刑的要件是什麼？臺灣臺北地方法院 115 年度簡字第 1996 號刑事判決是這樣認定的嗎？,MIXED
偽造文書印文罪法條怎麼寫？實務裁判怎麼解釋這條？,MIXED
保安處分的法定刑與實際量刑差多少？舉裁判說明,MIXED
我開車不小心擦撞到行人，這樣是妨害自由罪嗎？,LEGAL
臺灣士林地方法院 115 年度審簡字第 891 號刑事判決用了哪些條文？那些條文在規範什麼？,MIXED
竊盜罪的要件是什麼？臺灣臺北地方法院 115 年度交易字第 189 號刑事裁定是這樣認定的嗎？,MIXED
想看幾篇違反電子遊戲場業管理條例等的裁判書,JUDGMENT
翻譯一下臺灣桃園地方法院 114 年度重訴字第 140 號刑事裁定的主文，看不懂,JUDGMENT
刑法有妨害性自主罪這種罪嗎？規定在哪？,LEGAL
麻煩解答：妨害自由罪的要件是什麼？臺灣臺南地方法院 115 年度附民字第 1278 號刑事判決是這樣認定的嗎？,MIXED
有毀損被判緩刑的判決嗎？拜託了,JUDGMENT
翻譯一下臺灣士林地方法院 115 年度訴字第 195 號刑事判決的主文，看不懂,JUDGMENT
恐嚇及擄人勒贖罪的法定刑與實際量刑差多少？舉裁判說明,MIXED
臺灣桃園地方法院 113 年度簡上附民移簡字第 123 號民事判決用了哪些條文？那些條文在規範什麼？感謝解答,MIXED
妨害自由罪的要件是什麼？臺灣桃園地方法院 115 年度矚重訴緝字第 1 號刑事判決是這樣認定的嗎？,MIXED
急，刑法有脫逃罪這種罪嗎？規定在哪？,LEGAL
想問一下，網拍賣家收錢不出貨，我可以提告嗎？,LEGAL
刑法有賭博罪這種罪嗎？規定在哪？,LEGAL
第118條規定的內容，加上實際裁判的運用，一起說明,MIXED
我被詐騙集團騙了三十萬，這觸犯哪一條法律？,LEGAL
前男友拿我的私密照威脅我，這樣算犯罪嗎？,LEGAL
球場打球被故意肘擊受傷，法律上我有什麼權利？,LEGAL
急，我在網路上被人公開罵垃圾，我可以提告嗎？,LEGAL
解讀一下臺灣士林地方法院 115 年度訴緝字第 34 號刑事判決,JUDGMENT
臺灣桃園地方法院 115 年度審簡字第 532 號刑事判決這篇裁判的結論是？謝謝,JUDGMENT
親戚過世後叔叔把存摺全領走，對方會有什麼刑責？,LEGAL
臺灣臺南地方法院 114 年度附民字第 2845 號刑事判決用了哪些條文？那些條文在規範什麼？拜託了,MIXED
急，臺灣高等法院 臺中分院 115 年度聲字第 851 號刑事裁定的法律見解可以說明嗎？,JUDGMENT
有陌生人一直傳訊息騷擾我，這樣算犯罪嗎？,LEGAL
請問妨害農工商罪是什麼意思？,LEGAL
臺灣新北地方法院 115 年度聲字第 1340 號刑事裁定用了哪些條文？那些條文在規範什麼？,MIXED
翻譯一下臺灣高等法院 臺中分院 115 年度聲字第 1022 號刑事裁定的主文，看不懂,JUDGMENT
請問想找臺灣桃園地方法院 115 年度附民字第 1106 號刑事判決的全文,JUDGMENT
想看幾篇恐嚇的裁判書,JUDGMENT
想看幾篇發還保證金的裁判書,JUDGMENT
麻煩解答：我被詐騙集團騙了三十萬，算之一 沒收嗎？有沒有判決可以佐證？,MIXED
被依第335條移送會怎麼樣？,LEGAL
臺灣士林地方法院 115 年度聲字第 222 號刑事裁定用了哪些條文？那些條文在規範什麼？,MIXED
第40-1條規定的內容，加上實際裁判的運用，一起說明,MIXED
偽造度量衡罪的要件是什麼？臺灣嘉義地方法院 115 年度交易字第 372 號刑事裁定是這樣認定的嗎？,MIXED
有個問題想問：我被跟蹤騷擾了好幾個月，這觸犯哪一條法律？拜託了,LEGAL
親戚過世後叔叔把存摺全領走，報警有用嗎？警察會怎麼處理？,LEGAL
麻煩解答：詐欺等的裁判實務上多嗎？,JUDGMENT
想看幾篇定其應執行刑的裁判書,JUDGMENT
麻煩解答：違反家庭暴力防治法上訴成功的案例多嗎？,JUDGMENT
有人在社群貼文造謠我們公司，這樣是妨害電腦使用罪嗎？拜託了,LEGAL
家庭暴力罪之傷害的裁判實務上多嗎？,JUDGMENT
內亂罪跟妨害秘密罪是一樣的嗎？,LEGAL
有陌生人一直傳訊息騷擾我，提告需要什麼證據？,LEGAL
不好意思想請教，時效被起訴後流程大概是怎樣？,LEGAL
球場打球被故意肘擊受傷，算侵占罪嗎？有沒有判決可以佐證？,MIXED
急，第318條規定的內容，加上實際裁判的運用，一起說明,MIXED
判決書裡「上訴駁回」是什麼意思？求解,JUDGMENT
不好意思想請教，偽造貨幣罪的法定刑與實際量刑差多少？舉裁判說明,MIXED
想請問各位，臺灣臺北地方法院有哪些公共危險的案子？,JUDGMENT
不好意思想請教，臺灣臺南地方法院 115 年度聲保字第 154 號刑事裁定這篇裁判的結論是？,JUDGMENT
想研究妨害公務罪：條文依據和代表性判決都要,MIXED
麻煩解答：想研究公共危險罪：條文依據和代表性判決都要,MIXED
妨害秩序罪初犯會被關嗎？,LEGAL
解讀一下臺灣臺南地方法院 115 年度簡字第 2739 號刑事判決,JUDGMENT
想找臺灣臺中地方法院 115 年度聲字第 1845 號刑事裁定的全文,JUDGMENT
想研究之一  妨害風化罪：條文依據和代表性判決都要？感謝解答,MIXED
不好意思想請教，有陌生人一直傳訊息騷擾我，這犯了什麼法條？法院以前都怎麼判？,MIXED
有個問題想問：假釋是什麼意思？,LEGAL
臺灣高等法院 高雄分院 115 年度聲字第 584 號刑事裁定這篇裁判的結論是？,JUDGMENT
想問一下，有人冒用我的名義辦門號，法律規定和法院實務見解都幫我查,MIXED
有個問題想問：臺灣新北地方法院審理詐欺等的裁判找得到嗎？,JUDGMENT
急，殺人罪法條怎麼寫？實務裁判怎麼解釋這條？,MIXED
有人檢舉我違建要拆我房子，可以告他嗎？依據哪條？有類似判決參考嗎？,MIXED
臺灣高等法院有哪些過失傷害的案子？,JUDGMENT
我的照片被拿去做迷因圖，法律規定和法院實務見解都幫我查？,MIXED
幫我看看臺灣高等法院 臺中分院 115 年度原上易字第 16 號刑事判決在講什麼,JUDGMENT
臺灣臺南地方法院 115 年度訴字第 2047 號刑事判決判了什麼？,JUDGMENT
請問客戶簽約後拒絕付尾款，對方會有什麼刑責？,LEGAL
判決書裡「發回更審」是什麼意思？拜託了,JUDGMENT
臺灣新北地方法院 115 年度聲字第 1272 號刑事裁定判了什麼？,JUDGMENT
解讀一下臺灣臺北地方法院 115 年度審重訴字第 216 號民事裁定,JUDGMENT
有個問題想問：臺灣臺中地方法院審理傷害等的裁判找得到嗎？,JUDGMENT
妨害秩序罪是什麼意思？,LEGAL
想問一下，我撿到手機拿去賣了，報警有用嗎？警察會怎麼處理？,LEGAL
家暴殺人未遂等適用什麼法條？從裁判看法院的標準是什麼？,MIXED
藏匿人犯及湮滅證據罪的要件是什麼？臺灣高等法院 115 年度上訴字第 1954 號刑事判決是這樣認定的嗎？,MIXED
詐欺等上訴成功的案例多嗎？,JUDGMENT
臺灣臺中地方法院 115 年度聲字第 2266 號刑事裁定被告最後有罪嗎？,JUDGMENT
第347條規定的內容，加上實際裁判的運用，一起說明,MIXED
臺灣桃園地方法院 115 年度聲字第 1848 號刑事裁定用了哪些條文？那些條文在規範什麼？,MIXED
第121條條文內容是什麼？,LEGAL
我被誣賴偷東西，算保安處分嗎？有沒有判決可以佐證？,MIXED
臺灣士林地方法院 115 年度聲字第 964 號刑事裁定判決重點整理,JUDGMENT
請問我小孩在學校被同學打，可以告他嗎？依據哪條？有類似判決參考嗎？求解,MIXED
有陌生人一直傳訊息騷擾我，提告需要什麼證據？拜託了,LEGAL
有陌生人一直傳訊息騷擾我，算殺人罪嗎？有沒有判決可以佐證？,MIXED
想請問各位，臺灣臺南地方法院 115 年度簡字第 2607 號刑事判決的法律見解可以說明嗎？,JUDGMENT
最近違反毒品危害防制條例的案件都怎麼判？,JUDGMENT
想請問各位，臺灣桃園地方法院 115 年度訴字第 56 號刑事判決被告最後有罪嗎？,JUDGMENT
我在網路上被人公開罵垃圾，法律規定和法院實務見解都幫我查？,MIXED
刑法有時效這種罪嗎？規定在哪？,LEGAL
聲請假釋中付保護管束的裁判實務上多嗎？,JUDGMENT
未遂犯初犯會被關嗎？,LEGAL
急，被依第244條移送會怎麼樣？,LEGAL
解讀一下臺灣高等法院 臺中分院 115 年度聲字第 990 號刑事裁定,JUDGMENT
臺灣桃園地方法院 115 年度重訴字第 58 號刑事裁定判了什麼？,JUDGMENT
麻煩解答：有恐嚇被判緩刑的判決嗎？,JUDGMENT
麻煩解答：違反洗錢防制法等適用什麼法條？從裁判看法院的標準是什麼？,MIXED
詐欺背信及重利罪告訴期間過了還能告嗎？,LEGAL
妨害風化一般法院判下來大概多重？,JUDGMENT
臺灣臺南地方法院 115 年度交易字第 827 號刑事判決用了哪些條文？那些條文在規範什麼？,MIXED
搶奪強盜及海盜罪在法律上怎麼定義？謝謝,LEGAL
麻煩解答：室友一直偷拿我的東西，這樣的案件法條怎麼規定？實務上判賠多少？,MIXED
臺灣臺北地方法院 115 年度交簡字第 1190 號刑事判決用了哪些條文？那些條文在規範什麼？,MIXED
臺灣高等法院 臺中分院 115 年度聲字第 1152 號刑事裁定用了哪些條文？那些條文在規範什麼？,MIXED
刑事責任跟妨害公務罪是一樣的嗎？,LEGAL
第176條和第24條要怎麼分？,LEGAL
不好意思想請教，妨害性自主罪初犯會被關嗎？拜託了,LEGAL
公司要我自願離職不給資遣費，法律上我有什麼權利？拜託了,LEGAL
何謂傷害罪？,LEGAL
朋友借我的名義開公司，算偽證及誣告罪嗎？有沒有判決可以佐證？,MIXED
幫我看看臺灣臺北地方法院 115 年度審原重訴字第 34 號民事裁定在講什麼,JUDGMENT
第163條和第227-1條要怎麼分？,LEGAL
請問違反洗錢防制法等適用什麼法條？從裁判看法院的標準是什麼？,MIXED
我提供帳戶給別人使用結果被列警示戶，可以告他嗎？依據哪條？有類似判決參考嗎？,MIXED
老闆叫我簽本票才能離職，算保安處分嗎？有沒有判決可以佐證？感謝解答,MIXED
麻煩解答：房東沒經過我同意進我房間，法律規定和法院實務見解都幫我查,MIXED
鄰居半夜施工吵到我報警也沒用，這樣是侵占罪嗎？,LEGAL
解讀一下臺灣臺南地方法院 115 年度智易字第 16 號刑事判決,JUDGMENT
之一  妨害風化罪的罰金大概多少？,LEGAL
臺灣臺北地方法院審理聲請具保停止羈押的裁判找得到嗎？,JUDGMENT
有個問題想問：臺灣臺南地方法院 115 年度交簡字第 1990 號刑事判決判決重點整理,JUDGMENT
妨害國交罪在法律上怎麼定義？,LEGAL
法例跟藏匿人犯及湮滅證據罪是一樣的嗎？,LEGAL
想找臺灣彰化地方法院 115 年度簡上字第 50 號民事判決的全文,JUDGMENT
臺灣屏東地方法院 115 年度交簡字第 866 號刑事判決被告最後有罪嗎？,JUDGMENT
臺灣臺北地方法院 115 年度簡字第 1998 號刑事判決判了什麼？,JUDGMENT
想問一下，網拍賣家收錢不出貨，可以告他嗎？依據哪條？有類似判決參考嗎？,MIXED
球場打球被故意肘擊受傷，這樣是公共危險罪嗎？,LEGAL
臺灣士林地方法院 115 年度聲字第 965 號刑事裁定的法律見解可以說明嗎？,JUDGMENT
臺灣桃園地方法院 115 年度聲字第 1862 號刑事裁定用了哪些條文？那些條文在規範什麼？,MIXED
臺灣高雄地方法院 115 年度審易緝字第 33 號刑事裁定判了什麼？,JUDGMENT
不好意思想請教，竊盜上訴成功的案例多嗎？感謝解答,JUDGMENT
想請問各位，球場打球被故意肘擊受傷，我可以提告嗎？,LEGAL
公共危險適用什麼法條？從裁判看法院的標準是什麼？,MIXED
想問一下，有人冒用我的名義辦門號，我想知道相關法律規定，還有實際案例的結果,MIXED
傷害罪的要件是什麼？臺灣苗栗地方法院 115 年度易字第 362 號刑事判決是這樣認定的嗎？,MIXED
有個問題想問：第109條和第338條要怎麼分？,LEGAL
我在停車場被人刮車，可以告他嗎？依據哪條？有類似判決參考嗎？,MIXED
幫我看看臺灣新北地方法院 115 年度附民字第 1128 號刑事判決在講什麼,JUDGMENT
我被跟蹤騷擾了好幾個月，可以告他嗎？依據哪條？有類似判決參考嗎？感謝解答,MIXED
我把公司資料帶去新公司用，可以告他嗎？依據哪條？有類似判決參考嗎？,MIXED
有個問題想問：犯鴉片罪可以易科罰金嗎？,LEGAL
第37-1條規定的內容，加上實際裁判的運用，一起說明,MIXED
想研究刑：條文依據和代表性判決都要,MIXED
不好意思想請教，臺灣高等法院 115 年度上重訴字第 21 號刑事判決用了哪些條文？那些條文在規範什麼？,MIXED
急，想找臺灣嘉義地方法院 115 年度朴交簡字第 253 號刑事判決的全文,JUDGMENT
有沒有侵占等判很輕的案例？求解,JUDGMENT
我未成年的弟弟騎車撞到人，追訴期是多久？,LEGAL
想請問各位，違反洗錢防制法等適用什麼法條？從裁判看法院的標準是什麼？,MIXED
幫我看看臺灣彰化地方法院 115 年度交易字第 415 號刑事判決在講什麼,JUDGMENT
詐欺背信及重利罪的罰金大概多少？,LEGAL
想問一下，鄰居的狗衝出來咬傷我，法律規定和法院實務見解都幫我查,MIXED
有個問題想問：臺灣臺中地方法院 113 年度金訴字第 3846 號刑事判決的法律見解可以說明嗎？,JUDGMENT
臺灣高等法院 臺南分院 115 年度聲保字第 696 號刑事裁定這篇裁判的結論是？,JUDGMENT
臺灣士林地方法院 115 年度聲字第 682 號刑事裁定被告最後有罪嗎？,JUDGMENT
不好意思想請教，第133條條文內容是什麼？,LEGAL
家暴妨害自由的裁判實務上多嗎？,JUDGMENT
有損害賠償被判緩刑的判決嗎？,JUDGMENT
刑法有之一 妨害司法公正罪這種罪嗎？規定在哪？拜託了,LEGAL
有個問題想問：幫我看看臺灣高等法院 115 年度抗字第 1369 號刑事裁定在講什麼,JUDGMENT
有個問題想問：臺灣臺南地方法院審理公共危險的裁判找得到嗎？,JUDGMENT
關於過失傷害，法條規定與判決先例幫我整理成重點,MIXED
想請問各位，臺灣彰化地方法院 115 年度聲字第 1283 號刑事裁定這篇裁判的結論是？,JUDGMENT
刑之酌科及加減的要件是什麼？臺灣高等法院 115 年度聲字第 1886 號刑事裁定是這樣認定的嗎？,MIXED
臺灣桃園地方法院 115 年度聲字第 2217 號刑事裁定判決重點整理,JUDGMENT
幫我看看臺灣臺南地方法院 115 年度交易字第 651 號刑事判決在講什麼,JUDGMENT
請問妨害農工商罪告訴期間過了還能告嗎？,LEGAL
被依第298條移送會怎麼樣？,LEGAL
請問竊盜罪告訴期間過了還能告嗎？,LEGAL
第229-1條和第2條要怎麼分？拜託了,LEGAL
急，妨害國交罪的罰金大概多少？,LEGAL
第81條和第208條要怎麼分？,LEGAL
有個問題想問：幫我找詐欺等相關的判決,JUDGMENT
幫我找公共危險相關的判決,JUDGMENT
我幫朋友作保結果他跑路，算保安處分嗎？有沒有判決可以佐證？,MIXED
臺灣臺東地方法院 115 年度聲字第 203 號刑事裁定這篇裁判的結論是？,JUDGMENT
第207條規定的內容，加上實際裁判的運用，一起說明,MIXED
不好意思想請教，臺灣高等法院 臺中分院 115 年度上訴字第 386 號刑事判決判決重點整理,JUDGMENT
急，公共危險罪在法律上怎麼定義？,LEGAL
幫我看看臺灣高等法院 臺中分院 115 年度聲字第 1289 號刑事裁定在講什麼？拜託了,JUDGMENT
第262條規定的內容，加上實際裁判的運用，一起說明,MIXED
請問定應執行刑上訴成功的案例多嗎？,JUDGMENT
判決書裡「緩刑」是什麼意思？,JUDGMENT
第85條規定的內容，加上實際裁判的運用，一起說明,MIXED
第271條條文內容是什麼？,LEGAL
臺灣高雄地方法院有哪些過失傷害的案子？,JUDGMENT
有個問題想問：翻譯一下臺灣臺北地方法院 115 年度易字第 198 號刑事判決的主文，看不懂,JUDGMENT
客戶簽約後拒絕付尾款，算外患罪嗎？有沒有判決可以佐證？,MIXED
第250條和第149條要怎麼分？,LEGAL
臺灣橋頭地方法院 115 年度毒聲字第 211 號刑事裁定判決重點整理？,JUDGMENT
臺灣高等法院 臺中分院 115 年度金上訴字第 974 號刑事判決為什麼會這樣判？,JUDGMENT
有個問題想問：瀆職罪的法定刑與實際量刑差多少？舉裁判說明,MIXED
想請問各位，偽造度量衡罪初犯會被關嗎？,LEGAL
有個問題想問：毒品危害防制條例上訴成功的案例多嗎？,JUDGMENT
想看幾篇損害賠償的裁判書,JUDGMENT
幫我看看臺灣臺南地方法院 115 年度訴字第 1265 號刑事判決在講什麼,JUDGMENT
不好意思想請教，我提供帳戶給別人使用結果被列警示戶，可以要求賠償嗎？依據是什麼？,LEGAL
第3條條文內容是什麼？謝謝,LEGAL
最近不服延長羈押的案件都怎麼判？,JUDGMENT
臺灣桃園地方法院審理侵占等的裁判找得到嗎？,JUDGMENT
想請問各位，有人冒用我的名義辦門號，報警有用嗎？警察會怎麼處理？,LEGAL
被依第88條移送會怎麼樣？,LEGAL
我被跟蹤騷擾了好幾個月，可以要求賠償嗎？依據是什麼？,LEGAL
臺灣南投地方法院審理詐欺的裁判找得到嗎？,JUDGMENT
不好意思想請教，我提供帳戶給別人使用結果被列警示戶，這樣的案件法條怎麼規定？實務上判賠多少？,MIXED
室友欠房租跑掉房東要我全付，這樣是傷害罪嗎？,LEGAL
贓物罪和解之後還會被起訴嗎？,LEGAL
數罪併罰的要件是什麼？臺灣桃園地方法院 115 年度聲字第 1912 號刑事裁定是這樣認定的嗎？,MIXED
我借人十萬元對方失聯了，這犯了什麼法條？法院以前都怎麼判？,MIXED
犯公共危險罪可以易科罰金嗎？,LEGAL
急，醫生開刀開錯位置，追訴期是多久？,LEGAL
想請問各位，數罪併罰初犯會被關嗎？,LEGAL
我的照片被拿去做迷因圖，這觸犯哪一條法律？,LEGAL
我小孩在學校被同學打，可以告他嗎？依據哪條？有類似判決參考嗎？,MIXED
翻譯一下臺灣高等法院 115 年度聲再字第 140 號刑事裁定的主文，看不懂？感謝解答,JUDGMENT
臺灣臺北地方法院 115 年度交簡字第 1046 號刑事判決用了哪些條文？那些條文在規範什麼？,MIXED
臺灣士林地方法院 115 年度審簡字第 879 號刑事判決的法律見解可以說明嗎？,JUDGMENT
第120條和第1條要怎麼分？,LEGAL
麻煩解答：客戶簽約後拒絕付尾款，我想知道相關法律規定，還有實際案例的結果？,MIXED
麻煩解答：違反毒品危害防制條例適用什麼法條？從裁判看法院的標準是什麼？,MIXED
急，偽造有價證券罪跟公共危險罪是一樣的嗎？,LEGAL
臺灣臺中地方法院 115 年度聲字第 1637 號刑事裁定為什麼會這樣判？,JUDGMENT
不好意思想請教，想找臺灣高等法院 115 年度上訴字第 2742 號刑事判決的全文,JUDGMENT
臺灣桃園地方法院有哪些傷害等的案子？,JUDGMENT
假釋中交付保護管束的裁判實務上多嗎？,JUDGMENT
不好意思想請教，我幫朋友作保結果他跑路，對方會有什麼刑責？,LEGAL
麻煩解答：妨害婚姻及家庭罪在法律上怎麼定義？,LEGAL
臺灣桃園地方法院 115 年度壢簡字第 1182 號刑事判決被告最後有罪嗎？,JUDGMENT
幫我找銀行法等相關的判決,JUDGMENT
急，臺灣高等法院 臺中分院 115 年度聲字第 1075 號刑事裁定被告最後有罪嗎？,JUDGMENT
想研究妨害自由罪：條文依據和代表性判決都要？謝謝,MIXED
聲請付與卷證影本上訴成功的案例多嗎？,JUDGMENT
想看幾篇偽造文書的裁判書,JUDGMENT
想看幾篇違反貪污治罪條例等的裁判書,JUDGMENT
毒品危害防制條例的裁判實務上多嗎？,JUDGMENT
想問一下，臺灣高等法院 臺中分院 115 年度抗字第 441 號刑事裁定判了什麼？,JUDGMENT
臺灣士林地方法院 115 年度訴字第 195 號刑事判決判了什麼？,JUDGMENT
想問一下，有人檢舉我違建要拆我房子，法律規定和法院實務見解都幫我查？,MIXED
有沒有聲請假釋期中交付保護管束判很輕的案例？,JUDGMENT
公共危險罪的要件是什麼？臺灣臺北地方法院 115 年度審訴字第 263 號民事裁定是這樣認定的嗎？,MIXED
急，有人檢舉我違建要拆我房子，這觸犯哪一條法律？,LEGAL
想請問各位，偽造文書印文罪在法律上怎麼定義？,LEGAL
我的照片被拿去做迷因圖，追訴期是多久？,LEGAL
妨害性自主罪的要件是什麼？臺灣臺南地方法院 115 年度聲字第 862 號刑事裁定是這樣認定的嗎？拜託了,MIXED
醫生開刀開錯位置，算賭博罪嗎？有沒有判決可以佐證？,MIXED
加重強盜一般法院判下來大概多重？,JUDGMENT
有個問題想問：臺灣高雄地方法院 115 年度訴字第 689 號刑事裁定被告最後有罪嗎？,JUDGMENT
第344條條文內容是什麼？,LEGAL
傷害罪在法律上怎麼定義？,LEGAL
家暴妨害性自主等上訴成功的案例多嗎？,JUDGMENT
累犯的要件是什麼？臺灣臺中地方法院 115 年度聲字第 2911 號刑事裁定是這樣認定的嗎？,MIXED
第4條是在講什麼的？,LEGAL
刑法有妨害電腦使用罪這種罪嗎？規定在哪？,LEGAL
被依第187-2條移送會怎麼樣？,LEGAL
妨害秩序罪的要件是什麼？臺灣高等法院 臺中分院 115 年度聲字第 1257 號刑事裁定是這樣認定的嗎？,MIXED
臺灣高等法院 115 年度審上訴字第 2141 號刑事判決這篇裁判的結論是？,JUDGMENT
臺灣高雄地方法院有哪些侵權行為損害賠償的案子？,JUDGMENT
第324條條文內容是什麼？,LEGAL
不好意思想請教，搶奪強盜及海盜罪的罰金大概多少？,LEGAL
同事偷看我的手機訊息，對方會有什麼刑責？拜託了,LEGAL
不好意思想請教，損害賠償一般法院判下來大概多重？,JUDGMENT
搶奪強盜及海盜罪的要件是什麼？臺灣桃園地方法院 115 年度撤緩更一字第 3 號刑事裁定是這樣認定的嗎？,MIXED
臺灣臺南地方法院 115 年度易字第 1331 號刑事判決被告最後有罪嗎？感謝解答,JUDGMENT
第330條規定的內容，加上實際裁判的運用，一起說明,MIXED
遺棄罪的罰金大概多少？,LEGAL
想問一下，臺灣新北地方法院 115 年度聲字第 2830 號刑事裁定用了哪些條文？那些條文在規範什麼？,MIXED
犯刑之酌科及加減可以易科罰金嗎？,LEGAL
定應執行刑適用什麼法條？從裁判看法院的標準是什麼？,MIXED
保安處分告訴期間過了還能告嗎？,LEGAL
第89條規定的內容，加上實際裁判的運用，一起說明,MIXED
臺灣高等法院 115 年度上訴字第 2742 號刑事判決用了哪些條文？那些條文在規範什麼？,MIXED
之一  妨害風化罪的要件是什麼？臺灣高等法院 115 年度審上訴字第 2699 號刑事裁定是這樣認定的嗎？,MIXED
翻譯一下臺灣嘉義地方法院 115 年度易字第 618 號刑事判決的主文，看不懂？,JUDGMENT
有妨害性自主罪被判緩刑的判決嗎？,JUDGMENT
假釋的要件是什麼？臺灣高等法院 高雄分院 115 年度上訴字第 374 號刑事判決是這樣認定的嗎？,MIXED
臺灣臺南地方法院 115 年度易字第 633 號刑事判決這篇裁判的結論是？,JUDGMENT
請問台灣刑法對妨害秩序罪的處罰重嗎？,LEGAL
我買到事故車但車商沒告知，可以告他嗎？依據哪條？有類似判決參考嗎？拜託了,MIXED
我買到事故車但車商沒告知，這樣的案件法條怎麼規定？實務上判賠多少？,MIXED
臺灣臺南地方法院 115 年度聲字第 1391 號刑事裁定用了哪些條文？那些條文在規範什麼？,MIXED
想找臺灣桃園地方法院 114 年度壢簡字第 2412 號刑事判決的全文,JUDGMENT
請問幫我看看臺灣臺南地方法院 115 年度簡字第 3077 號刑事判決在講什麼,JUDGMENT
我被詐騙集團騙了三十萬，報警有用嗎？警察會怎麼處理？,LEGAL
第165條規定的內容，加上實際裁判的運用，一起說明？拜託了,MIXED
緩刑初犯會被關嗎？,LEGAL
我被誣賴偷東西，我可以提告嗎？,LEGAL
臺灣南投地方法院 115 年度投交簡字第 253 號刑事判決判決重點整理,JUDGMENT
有個問題想問：我被前公司控告洩漏營業秘密，可以告他嗎？依據哪條？有類似判決參考嗎？感謝解答,MIXED
我酒後牽機車走路回家被警察攔，這樣是偽造文書印文罪嗎？,LEGAL
之一  妨害風化罪法條怎麼寫？實務裁判怎麼解釋這條？,MIXED
臺灣高等法院 115 年度上易字第 870 號刑事判決判了什麼？,JUDGMENT
想研究數罪併罰：條文依據和代表性判決都要？謝謝,MIXED
麻煩解答：聲請撤銷緩刑一般法院判下來大概多重？感謝解答,JUDGMENT
臺灣高等法院 臺中分院 115 年度聲字第 1313 號刑事裁定為什麼會這樣判？,JUDGMENT
判決書裡「不受理」是什麼意思？,JUDGMENT
我被誣賴偷東西，算詐欺背信及重利罪嗎？有沒有判決可以佐證？,MIXED
臺灣新北地方法院 115 年度聲字第 2094 號刑事裁定被告最後有罪嗎？,JUDGMENT
請問翻譯一下臺灣臺南地方法院 115 年度易字第 1132 號刑事判決的主文，看不懂,JUDGMENT
關於毒品危害防制條例，法條規定與判決先例幫我整理成重點,MIXED
我酒後牽機車走路回家被警察攔，這樣的案件法條怎麼規定？實務上判賠多少？,MIXED
前男友拿我的私密照威脅我，這犯了什麼法條？法院以前都怎麼判？,MIXED
急，聲請付與卷證影本一般法院判下來大概多重？,JUDGMENT
台灣刑法對妨害名譽及信用罪的處罰重嗎？,LEGAL
不好意思想請教，我在夜市跟人起衝突推了對方一把，可以告他嗎？依據哪條？有類似判決參考嗎？,MIXED
解讀一下臺灣雲林地方法院 115 年度聲字第 566 號刑事裁定,JUDGMENT
我檢舉公司逃漏稅被解僱，法律規定和法院實務見解都幫我查,MIXED
我開車不小心擦撞到行人，我想知道相關法律規定，還有實際案例的結果,MIXED
有洗錢防制法等被判緩刑的判決嗎？,JUDGMENT
台灣刑法對妨害婚姻及家庭罪的處罰重嗎？,LEGAL
請問竊盜一般法院判下來大概多重？,JUDGMENT
老闆叫我簽本票才能離職，這觸犯哪一條法律？,LEGAL
有個問題想問：翻譯一下臺灣臺南地方法院 115 年度簡字第 3077 號刑事判決的主文，看不懂,JUDGMENT
請問第54條條文內容是什麼？,LEGAL
想找臺灣臺北地方法院 115 年度交易字第 189 號刑事裁定的全文,JUDGMENT
急，何謂瀆職罪？,LEGAL
台灣刑法對詐欺背信及重利罪的處罰重嗎？,LEGAL
親戚過世後叔叔把存摺全領走，這犯了什麼法條？法院以前都怎麼判？,MIXED
未成年犯累犯會怎麼處理？,LEGAL
不好意思想請教，想找臺灣桃園地方法院 115 年度桃簡字第 1323 號刑事判決的全文,JUDGMENT
急，有沒有聲請定應執行之刑判很輕的案例？,JUDGMENT
想問一下，有人在社群貼文造謠我們公司，需要負法律責任嗎？,LEGAL
臺灣嘉義地方法院審理違反毒品危害防制條例的裁判找得到嗎？,JUDGMENT
臺灣南投地方法院 115 年度金訴字第 353 號刑事判決判了什麼？,JUDGMENT
有個問題想問：臺灣南投地方法院 115 年度投簡字第 399 號刑事判決這篇裁判的結論是？,JUDGMENT
室友欠房租跑掉房東要我全付，對方會有什麼刑責？,LEGAL
臺灣新竹地方法院 115 年度竹簡字第 153 號刑事判決用了哪些條文？那些條文在規範什麼？,MIXED
洗錢防制法上訴成功的案例多嗎？,JUDGMENT
臺灣高等法院 臺中分院 115 年度金上訴字第 1056 號刑事判決這篇裁判的結論是？,JUDGMENT
想找臺灣桃園地方法院 115 年度易字第 788 號刑事判決的全文,JUDGMENT
詐欺等的裁判實務上多嗎？,JUDGMENT
想問一下，詐欺背信及重利罪告訴期間過了還能告嗎？,LEGAL
第192條和第352條要怎麼分？,LEGAL
有定應執行刑被判緩刑的判決嗎？謝謝,JUDGMENT
臺灣新北地方法院 115 年度聲字第 1340 號刑事裁定判了什麼？,JUDGMENT
第38-2條規定的內容，加上實際裁判的運用，一起說明,MIXED
想請問各位，同事偷看我的手機訊息，法律規定和法院實務見解都幫我查,MIXED
我未成年的弟弟騎車撞到人，算刑之酌科及加減嗎？有沒有判決可以佐證？,MIXED
解讀一下臺灣桃園地方法院 115 年度交訴字第 41 號刑事判決,JUDGMENT
臺灣南投地方法院審理傷害的裁判找得到嗎？,JUDGMENT
臺灣新北地方法院有哪些沒入保證金的案子？,JUDGMENT
想問一下，公共危險適用什麼法條？從裁判看法院的標準是什麼？,MIXED
我被詐騙集團騙了三十萬，算偽造有價證券罪嗎？有沒有判決可以佐證？,MIXED
偽造文書印文罪跟刑之酌科及加減是一樣的嗎？,LEGAL
急，聲請定其應執行刑的裁判實務上多嗎？,JUDGMENT
我檢舉公司逃漏稅被解僱，這樣算犯罪嗎？,LEGAL
我被前公司控告洩漏營業秘密，法律規定和法院實務見解都幫我查,MIXED
想研究殺人罪：條文依據和代表性判決都要,MIXED
累犯初犯會被關嗎？,LEGAL
麻煩解答：第171條和第207條要怎麼分？,LEGAL
親戚過世後叔叔把存摺全領走，報警有用嗎？警察會怎麼處理？感謝解答,LEGAL
第31條規定的內容，加上實際裁判的運用，一起說明？求解,MIXED
有沒有聲請解除禁見判很輕的案例？,JUDGMENT
急，我在夜市跟人起衝突推了對方一把，可以要求賠償嗎？依據是什麼？,LEGAL
有個問題想問：墮胎罪和解之後還會被起訴嗎？,LEGAL
我借人十萬元對方失聯了，算搶奪強盜及海盜罪嗎？有沒有判決可以佐證？,MIXED
麻煩解答：刑之酌科及加減的法定刑與實際量刑差多少？舉裁判說明,MIXED
想請問各位，朋友借我的名義開公司，法律上我有什麼權利？,LEGAL
我的照片被拿去做迷因圖，可以告他嗎？依據哪條？有類似判決參考嗎？,MIXED
麻煩解答：台灣刑法對毀棄損壞罪的處罰重嗎？,LEGAL
我借人十萬元對方失聯了，需要負法律責任嗎？,LEGAL
第195條是在講什麼的？,LEGAL
我的照片被拿去做迷因圖，這樣是公共危險罪嗎？,LEGAL
妨害投票罪的要件是什麼？臺灣新北地方法院 115 年度審易字第 2076 號刑事判決是這樣認定的嗎？,MIXED
想問一下，幫我找損害賠償相關的判決,JUDGMENT
麻煩解答：關於聲請定其應執行刑，法條規定與判決先例幫我整理成重點？,MIXED
臺灣雲林地方法院 115 年度交附民字第 101 號刑事裁定用了哪些條文？那些條文在規範什麼？,MIXED
想請問各位，客戶簽約後拒絕付尾款，法律上我有什麼權利？,LEGAL
有個問題想問：詐欺背信及重利罪的法定刑與實際量刑差多少？舉裁判說明,MIXED
有個問題想問：第187-3條規定的內容，加上實際裁判的運用，一起說明,MIXED
有個問題想問：有人冒用我的名義辦門號，這觸犯哪一條法律？,LEGAL
想請問各位，臺灣臺中地方法院 115 年度中簡字第 1930 號刑事判決用了哪些條文？那些條文在規範什麼？,MIXED
違反毒品危害防制條例的裁判實務上多嗎？,JUDGMENT
麻煩解答：何謂妨害性自主罪？,LEGAL
幫我找竊盜相關的判決,JUDGMENT
麻煩解答：妨害性自主罪適用什麼法條？從裁判看法院的標準是什麼？,MIXED
請問有沒有過失傷害判很輕的案例？,JUDGMENT
想找臺灣高等法院 115 年度聲字第 1975 號刑事裁定的全文,JUDGMENT
麻煩解答：關於聲請定其應執行刑，法條規定與判決先例幫我整理成重點,MIXED
臺灣高雄地方法院 115 年度聲字第 1327 號刑事裁定被告最後有罪嗎？,JUDGMENT
最近詐欺等的案件都怎麼判？,JUDGMENT
急，我簽了車貸合約才發現利率超高，報警有用嗎？警察會怎麼處理？,LEGAL
第315-1條條文內容是什麼？,LEGAL
詐欺等適用什麼法條？從裁判看法院的標準是什麼？,MIXED
臺灣臺南地方法院 115 年度簡字第 3265 號刑事判決的法律見解可以說明嗎？,JUDGMENT
妨害投票罪被起訴後流程大概是怎樣？,LEGAL
臺灣高等法院 高雄分院 115 年度聲保字第 362 號刑事裁定為什麼會這樣判？,JUDGMENT
麻煩解答：翻譯一下臺灣新北地方法院 115 年度聲字第 1970 號刑事裁定的主文，看不懂,JUDGMENT
請問聲明異議的裁判實務上多嗎？,JUDGMENT
解讀一下臺灣基隆地方法院 115 年度基簡字第 584 號刑事判決？,JUDGMENT
想請問各位，想找臺灣高等法院 臺中分院 115 年度聲字第 1240 號刑事裁定的全文,JUDGMENT
第317條和第315條要怎麼分？,LEGAL
殺人罪跟鴉片罪是一樣的嗎？,LEGAL
臺灣臺中地方法院審理竊盜的裁判找得到嗎？,JUDGMENT
急，我開車不小心擦撞到行人，這犯了什麼法條？法院以前都怎麼判？,MIXED
想問一下，損害賠償一般法院判下來大概多重？,JUDGMENT
關於毒品危害防制條例等，法條規定與判決先例幫我整理成重點,MIXED
有個問題想問：臺灣桃園地方法院 115 年度單聲沒字第 87 號刑事裁定被告最後有罪嗎？,JUDGMENT
請問未成年犯偽造貨幣罪會怎麼處理？,LEGAL
法例的要件是什麼？臺灣士林地方法院 115 年度聲字第 718 號刑事裁定是這樣認定的嗎？,MIXED
想問一下，臺灣高等法院 115 年度上訴字第 3005 號刑事判決判決重點整理,JUDGMENT
不好意思想請教，第138條規定的內容，加上實際裁判的運用，一起說明,MIXED
有聲請定其應執行刑被判緩刑的判決嗎？感謝解答,JUDGMENT
想請問各位，關於公共危險，法條規定與判決先例幫我整理成重點？,MIXED
臺灣士林地方法院有哪些違反家庭暴力防治法的案子？,JUDGMENT
翻譯一下臺灣臺北地方法院 115 年度簡字第 1915 號刑事判決的主文，看不懂,JUDGMENT
臺灣臺南地方法院 115 年度聲保字第 155 號刑事裁定用了哪些條文？那些條文在規範什麼？感謝解答,MIXED
不好意思想請教，這個案子歷審結果幫我整理,JUDGMENT
想問一下，臺灣彰化地方法院 115 年度交易字第 415 號刑事判決被告最後有罪嗎？,JUDGMENT
想請問各位，第38-2條條文內容是什麼？,LEGAL
我小孩在學校被同學打，需要負法律責任嗎？,LEGAL
違反洗錢防制法等適用什麼法條？從裁判看法院的標準是什麼？,MIXED
我開車不小心擦撞到行人，我可以提告嗎？,LEGAL
假釋中付保護管束適用什麼法條？從裁判看法院的標準是什麼？,MIXED
急，臺灣臺南地方法院 115 年度簡字第 2298 號刑事判決判決重點整理,JUDGMENT
賭博罪的要件是什麼？臺灣桃園地方法院 115 年度國審聲字第 14 號刑事裁定是這樣認定的嗎？,MIXED
不好意思想請教，緩刑的要件是什麼？臺灣士林地方法院 115 年度聲字第 594 號刑事裁定是這樣認定的嗎？,MIXED
侵權行為損害賠償一般法院判下來大概多重？,JUDGMENT
想問一下，關於家暴殺人未遂等，法條規定與判決先例幫我整理成重點,MIXED
不好意思想請教，臺灣新北地方法院 113 年度訴字第 2963 號民事判決的法律見解可以說明嗎？,JUDGMENT
臺灣臺東地方法院 115 年度聲字第 184 號刑事裁定的法律見解可以說明嗎？,JUDGMENT
幫我看看臺灣南投地方法院 115 年度易字第 321 號刑事判決在講什麼,JUDGMENT
有個問題想問：我借人十萬元對方失聯了，法律上我有什麼權利？,LEGAL
臺灣高等法院審理詐欺等的裁判找得到嗎？,JUDGMENT
關於懲戒，法條規定與判決先例幫我整理成重點,MIXED
想問一下，我買到事故車但車商沒告知，這樣算犯罪嗎？,LEGAL
我被跟蹤騷擾了好幾個月，需要負法律責任嗎？,LEGAL
第152條和第105條要怎麼分？,LEGAL
想請問各位，想看幾篇公共危險的裁判書,JUDGMENT
我被詐騙集團騙了三十萬，對方會有什麼刑責？,LEGAL
請問室友欠房租跑掉房東要我全付，法律規定和法院實務見解都幫我查,MIXED
何謂妨害國交罪？,LEGAL
臺灣高等法院 臺中分院 115 年度上訴字第 882 號刑事裁定為什麼會這樣判？,JUDGMENT
朋友借我的名義開公司，可以告他嗎？依據哪條？有類似判決參考嗎？,MIXED
關於聲請定應執行之刑，法條規定與判決先例幫我整理成重點,MIXED
臺灣士林地方法院 115 年度原訴字第 27 號刑事判決判決重點整理,JUDGMENT
未遂犯的要件是什麼？臺灣新北地方法院 115 年度撤緩字第 134 號刑事裁定是這樣認定的嗎？,MIXED
臺灣桃園地方法院 114 年度訴字第 1584 號刑事裁定為什麼會這樣判？,JUDGMENT
有沒有竊盜等判很輕的案例？,JUDGMENT
想請問各位，法例告訴期間過了還能告嗎？,LEGAL
麻煩解答：我提供帳戶給別人使用結果被列警示戶，我想知道相關法律規定，還有實際案例的結果,MIXED
第63條規定的內容，加上實際裁判的運用，一起說明？,MIXED
臺灣新竹地方法院 115 年度訴字第 605 號刑事判決用了哪些條文？那些條文在規範什麼？,MIXED
我在停車場被人刮車，追訴期是多久？,LEGAL
想問一下，我幫朋友作保結果他跑路，對方會有什麼刑責？,LEGAL
急，同事偷看我的手機訊息，我想知道相關法律規定，還有實際案例的結果,MIXED
不好意思想請教，被依第354條移送會怎麼樣？,LEGAL
想研究妨害名譽及信用罪：條文依據和代表性判決都要,MIXED
未成年犯侵占罪會怎麼處理？,LEGAL
臺灣新北地方法院 115 年度聲字第 2842 號刑事裁定這篇裁判的結論是？,JUDGMENT
第206條規定的內容，加上實際裁判的運用，一起說明,MIXED
幫我找請求損害賠償相關的判決,JUDGMENT
急，第123條和第203條要怎麼分？,LEGAL
不好意思想請教，臺灣高等法院 115 年度原侵上訴字第 5 號刑事判決為什麼會這樣判？,JUDGMENT
未成年犯偽證及誣告罪會怎麼處理？,LEGAL
第182條規定的內容，加上實際裁判的運用，一起說明,MIXED
前男友拿我的私密照威脅我，可以告他嗎？依據哪條？有類似判決參考嗎？,MIXED
想請問各位，我檢舉公司逃漏稅被解僱，這樣算犯罪嗎？,LEGAL
我被跟蹤騷擾了好幾個月，可以要求賠償嗎？依據是什麼？謝謝,LEGAL
想請問各位，親戚過世後叔叔把存摺全領走，可以告他嗎？依據哪條？有類似判決參考嗎？求解,MIXED
臺灣臺南地方法院 115 年度交簡字第 2326 號刑事判決的法律見解可以說明嗎？拜託了,JUDGMENT
臺灣屏東地方法院 115 年度交簡字第 862 號刑事判決判了什麼？,JUDGMENT
遺棄罪是什麼意思？,LEGAL
我檢舉公司逃漏稅被解僱，這犯了什麼法條？法院以前都怎麼判？,MIXED
臺灣臺南地方法院 115 年度簡字第 3702 號刑事判決判了什麼？,JUDGMENT
我把公司資料帶去新公司用，算保安處分嗎？有沒有判決可以佐證？,MIXED
我被詐騙集團騙了三十萬，這樣的案件法條怎麼規定？實務上判賠多少？,MIXED
有沒有定應執行之刑判很輕的案例？,JUDGMENT
有沒有公共危險判很輕的案例？,JUDGMENT
想請問各位，之一  妨害風化罪法條怎麼寫？實務裁判怎麼解釋這條？,MIXED
我在網路上被人公開罵垃圾，我想知道相關法律規定，還有實際案例的結果？,MIXED
我提供帳戶給別人使用結果被列警示戶，我想知道相關法律規定，還有實際案例的結果,MIXED
臺灣高等法院 臺中分院 115 年度抗字第 501 號刑事裁定的法律見解可以說明嗎？,JUDGMENT
幫我看看臺灣高等法院 臺南分院 115 年度聲保字第 701 號刑事裁定在講什麼,JUDGMENT
我酒後牽機車走路回家被警察攔，我想知道相關法律規定，還有實際案例的結果,MIXED
有人冒用我的名義辦門號，可以要求賠償嗎？依據是什麼？,LEGAL
臺灣高雄地方法院 115 年度審易緝字第 33 號刑事裁定這篇裁判的結論是？,JUDGMENT
有個問題想問：想研究累犯：條文依據和代表性判決都要,MIXED
想問一下，臺灣高等法院 臺中分院 115 年度聲字第 1086 號刑事裁定被告最後有罪嗎？,JUDGMENT
我的機車停在路邊被人騎走，這樣的案件法條怎麼規定？實務上判賠多少？,MIXED
我在夜市跟人起衝突推了對方一把，報警有用嗎？警察會怎麼處理？,LEGAL
想請問各位，幫我比較這兩篇判決的差異,JUDGMENT
想請問各位，聲請解除扣押上訴成功的案例多嗎？,JUDGMENT
翻譯一下臺灣臺南地方法院 115 年度簡字第 3303 號刑事判決的主文，看不懂,JUDGMENT
臺灣嘉義地方法院有哪些公共危險的案子？,JUDGMENT
毀棄損壞罪的法定刑與實際量刑差多少？舉裁判說明,MIXED
第202條是在講什麼的？,LEGAL
急，之一 沒收法條怎麼寫？實務裁判怎麼解釋這條？,MIXED
急，臺北高等行政法院 高等庭 114 年度簡上再字第 57 號裁定為什麼會這樣判？,JUDGMENT
有假釋付保護管束被判緩刑的判決嗎？,JUDGMENT
客戶簽約後拒絕付尾款，報警有用嗎？警察會怎麼處理？,LEGAL
我撿到手機拿去賣了，對方會有什麼刑責？,LEGAL
想請問各位，親戚過世後叔叔把存摺全領走，這樣算犯罪嗎？,LEGAL
詐欺背信及重利罪法條怎麼寫？實務裁判怎麼解釋這條？,MIXED
有個問題想問：房東沒經過我同意進我房間，這樣的案件法條怎麼規定？實務上判賠多少？,MIXED
外送餐點被鄰居偷走，可以要求賠償嗎？依據是什麼？,LEGAL
請問我幫朋友作保結果他跑路，報警有用嗎？警察會怎麼處理？,LEGAL
臺灣高等法院 115 年度原侵上訴字第 5 號刑事判決被告最後有罪嗎？,JUDGMENT
請問臺灣桃園地方法院 115 年度訴緝字第 25 號刑事裁定的法律見解可以說明嗎？,JUDGMENT
麻煩解答：妨害秘密罪法條怎麼寫？實務裁判怎麼解釋這條？,MIXED
想找臺灣花蓮地方法院 114 年度花簡字第 238 號刑事裁定的全文,JUDGMENT
翻譯一下臺灣臺北地方法院 115 年度審簡字第 1597 號刑事判決的主文，看不懂？,JUDGMENT
恐嚇及擄人勒贖罪法條怎麼寫？實務裁判怎麼解釋這條？,MIXED
第341條規定的內容，加上實際裁判的運用，一起說明？,MIXED
臺灣士林地方法院 114 年度易字第 397 號刑事裁定用了哪些條文？那些條文在規範什麼？,MIXED
臺灣臺中地方法院有哪些損害賠償的案子？,JUDGMENT
第191條規定的內容，加上實際裁判的運用，一起說明,MIXED
第117條規定的內容，加上實際裁判的運用，一起說明,MIXED
想問一下，想找臺灣高等法院 臺中分院 115 年度抗字第 512 號刑事裁定的全文？,JUDGMENT
臺灣高等法院 臺中分院 115 年度金上訴字第 953 號刑事判決的法律見解可以說明嗎？,JUDGMENT
有個問題想問：關於侵占，法條規定與判決先例幫我整理成重點,MIXED
急，我把公司資料帶去新公司用，算保安處分嗎？有沒有判決可以佐證？,MIXED
保安處分被起訴後流程大概是怎樣？,LEGAL
室友欠房租跑掉房東要我全付，需要負法律責任嗎？,LEGAL
有個問題想問：我把公司資料帶去新公司用，這樣算犯罪嗎？,LEGAL
想請問各位，公司要我自願離職不給資遣費，可以要求賠償嗎？依據是什麼？,LEGAL
第207條是在講什麼的？,LEGAL
法例跟詐欺背信及重利罪是一樣的嗎？,LEGAL
臺灣桃園地方法院 115 年度審簡字第 434 號刑事判決被告最後有罪嗎？,JUDGMENT
麻煩解答：臺灣桃園地方法院 115 年度壢交簡字第 538 號刑事判決用了哪些條文？那些條文在規範什麼？,MIXED
有個問題想問：妨害自由罪被起訴後流程大概是怎樣？,LEGAL
請問關於假釋中付保護管束，法條規定與判決先例幫我整理成重點,MIXED
假釋的法定刑與實際量刑差多少？舉裁判說明,MIXED
網拍賣家收錢不出貨，需要負法律責任嗎？,LEGAL
我酒後牽機車走路回家被警察攔，需要負法律責任嗎？,LEGAL
室友欠房租跑掉房東要我全付，這樣是詐欺背信及重利罪嗎？,LEGAL
解讀一下臺灣新竹地方法院 115 年度撤緩字第 82 號刑事裁定,JUDGMENT
臺灣高等法院 臺中分院 115 年度抗字第 491 號刑事裁定用了哪些條文？那些條文在規範什麼？,MIXED
臺灣高等法院 臺南分院 115 年度聲字第 633 號刑事裁定用了哪些條文？那些條文在規範什麼？,MIXED
解讀一下臺灣彰化地方法院 115 年度簡字第 2171 號刑事判決,JUDGMENT
老闆叫我簽本票才能離職，算保安處分嗎？有沒有判決可以佐證？拜託了,MIXED
不好意思想請教，聲請假釋期中付保護管束適用什麼法條？從裁判看法院的標準是什麼？,MIXED
有個問題想問：幫我看看臺灣臺南地方法院 115 年度聲字第 1531 號刑事裁定在講什麼,JUDGMENT
有個問題想問：這份裁判書幫我做摘要？拜託了,JUDGMENT
我提供帳戶給別人使用結果被列警示戶，提告需要什麼證據？,LEGAL
想請問各位，臺灣臺南地方法院 115 年度交易字第 698 號刑事判決為什麼會這樣判？,JUDGMENT
我未成年的弟弟騎車撞到人，可以告他嗎？依據哪條？有類似判決參考嗎？,MIXED
毀棄損壞罪初犯會被關嗎？,LEGAL
想請問各位，刑之酌科及加減和解之後還會被起訴嗎？,LEGAL
我未成年的弟弟騎車撞到人，算墮胎罪嗎？有沒有判決可以佐證？,MIXED
想請問各位，緩刑在法律上怎麼定義？求解,LEGAL
臺灣高雄地方法院 115 年度易字第 288 號刑事裁定用了哪些條文？那些條文在規範什麼？,MIXED
急，臺灣高等法院 115 年度聲字第 1268 號刑事裁定這篇裁判的結論是？,JUDGMENT
臺灣高等法院 115 年度毒抗字第 238 號刑事裁定為什麼會這樣判？,JUDGMENT
幫我找假釋付保護管束相關的判決？,JUDGMENT
不好意思想請教，第108條條文內容是什麼？拜託了,LEGAL
幫我看看臺灣臺南地方法院 115 年度交簡字第 1936 號刑事判決在講什麼？,JUDGMENT
緩刑是什麼意思？,LEGAL
不好意思想請教，臺灣桃園地方法院有哪些毀損的案子？,JUDGMENT
第158條條文內容是什麼？,LEGAL
第313條是在講什麼的？,LEGAL
第302-1條條文內容是什麼？,LEGAL
急，聲請具保停止羈押一般法院判下來大概多重？,JUDGMENT
我被誣賴偷東西，算公共危險罪嗎？有沒有判決可以佐證？拜託了,MIXED
我被跟蹤騷擾了好幾個月，算刑嗎？有沒有判決可以佐證？,MIXED
臺灣雲林地方法院 115 年度簡字第 51 號民事判決判了什麼？,JUDGMENT
之一 沒收的罰金大概多少？感謝解答,LEGAL
臺灣基隆地方法院 115 年度易字第 142 號刑事判決用了哪些條文？那些條文在規範什麼？,MIXED
妨害自由罪跟搶奪強盜及海盜罪是一樣的嗎？,LEGAL
請問公司要我自願離職不給資遣費，追訴期是多久？,LEGAL
客戶簽約後拒絕付尾款，這犯了什麼法條？法院以前都怎麼判？,MIXED
臺灣高等法院 115 年度聲字第 2145 號刑事裁定用了哪些條文？那些條文在規範什麼？,MIXED
室友一直偷拿我的東西，可以要求賠償嗎？依據是什麼？,LEGAL
第272條和第207條要怎麼分？,LEGAL
我在停車場被人刮車，法律上我有什麼權利？,LEGAL
被依第309條移送會怎麼樣？,LEGAL
急，公司要我自願離職不給資遣費，可以要求賠償嗎？依據是什麼？,LEGAL
想請問各位，有人用我的照片開假帳號，我想知道相關法律規定，還有實際案例的結果,MIXED
有個問題想問：我買到事故車但車商沒告知，法律規定和法院實務見解都幫我查,MIXED
不好意思想請教，臺灣臺南地方法院 115 年度聲字第 1478 號刑事裁定為什麼會這樣判？,JUDGMENT
第352條條文內容是什麼？,LEGAL
有沒有竊盜判很輕的案例？拜託了,JUDGMENT
想請問各位，第279條規定的內容，加上實際裁判的運用，一起說明,MIXED
想研究傷害罪：條文依據和代表性判決都要？,MIXED
想問一下，我在網路上被人公開罵垃圾，這觸犯哪一條法律？,LEGAL
公司要我自願離職不給資遣費，可以要求賠償嗎？依據是什麼？,LEGAL
麻煩解答：之一 沒收法條怎麼寫？實務裁判怎麼解釋這條？,MIXED
聲請定其應執行刑等上訴成功的案例多嗎？,JUDGMENT
最近過失致死的案件都怎麼判？,JUDGMENT
刑法有法例這種罪嗎？規定在哪？,LEGAL
不好意思想請教，我檢舉公司逃漏稅被解僱，這樣的案件法條怎麼規定？實務上判賠多少？,MIXED
有個問題想問：前男友拿我的私密照威脅我，可以告他嗎？依據哪條？有類似判決參考嗎？,MIXED
之一 沒收的要件是什麼？臺灣高等法院 115 年度審上訴字第 3562 號刑事裁定是這樣認定的嗎？拜託了,MIXED
有個問題想問：我在夜市跟人起衝突推了對方一把，需要負法律責任嗎？,LEGAL
急，有聲明異議被判緩刑的判決嗎？,JUDGMENT
房東沒經過我同意進我房間，這樣的案件法條怎麼規定？實務上判賠多少？求解,MIXED
偽造有價證券罪在法律上怎麼定義？,LEGAL
同事偷看我的手機訊息，這犯了什麼法條？法院以前都怎麼判？,MIXED
想問一下，我開車不小心擦撞到行人，對方會有什麼刑責？,LEGAL
客戶簽約後拒絕付尾款，追訴期是多久？,LEGAL
臺灣嘉義地方法院 115 年度嘉交簡字第 586 號刑事判決用了哪些條文？那些條文在規範什麼？,MIXED
有個問題想問：刑法有妨害自由罪這種罪嗎？規定在哪？,LEGAL
急，醫生開刀開錯位置，算殺人罪嗎？有沒有判決可以佐證？,MIXED
想請問各位，刑法有偽造度量衡罪這種罪嗎？規定在哪？,LEGAL
不好意思想請教，我未成年的弟弟騎車撞到人，這觸犯哪一條法律？,LEGAL
臺灣南投地方法院審理假釋中交付保護管束的裁判找得到嗎？,JUDGMENT
想問一下，妨害婚姻及家庭罪被起訴後流程大概是怎樣？求解,LEGAL
請問詐欺背信及重利罪的法定刑與實際量刑差多少？舉裁判說明,MIXED
幫我看看臺灣桃園地方法院 115 年度壢交簡字第 191 號刑事判決在講什麼,JUDGMENT
想請問各位，臺灣桃園地方法院 115 年度聲字第 2403 號刑事裁定被告最後有罪嗎？,JUDGMENT
有人冒用我的名義辦門號，對方會有什麼刑責？,LEGAL
想請問各位，這份裁判書幫我做摘要,JUDGMENT
我幫朋友作保結果他跑路，這樣的案件法條怎麼規定？實務上判賠多少？,MIXED
臺灣臺中地方法院 114 年度原金訴字第 202 號刑事判決為什麼會這樣判？,JUDGMENT
何謂之一 妨害性隱私及不實性影像罪？,LEGAL
妨害投票罪的法定刑與實際量刑差多少？舉裁判說明,MIXED
我撿到手機拿去賣了，法律規定和法院實務見解都幫我查,MIXED
有個問題想問：想找臺灣臺南地方法院 115 年度交易字第 343 號刑事判決的全文,JUDGMENT
想研究偽造文書印文罪：條文依據和代表性判決都要,MIXED
臺灣桃園地方法院 115 年度聲字第 1517 號刑事裁定判決重點整理,JUDGMENT
請問想研究鴉片罪：條文依據和代表性判決都要,MIXED
關於違反洗錢防制法等，法條規定與判決先例幫我整理成重點？感謝解答,MIXED
第195條和第241條要怎麼分？,LEGAL
臺灣臺南地方法院 115 年度聲字第 1531 號刑事裁定為什麼會這樣判？,JUDGMENT
公共危險罪的要件是什麼？臺灣臺南地方法院 115 年度交易字第 688 號刑事判決是這樣認定的嗎？,MIXED
想研究侵占罪：條文依據和代表性判決都要,MIXED
幫我看看臺灣南投地方法院 115 年度投交簡字第 250 號刑事判決在講什麼,JUDGMENT
殺人罪跟外患罪是一樣的嗎？,LEGAL
臺灣臺南地方法院 115 年度聲保字第 152 號刑事裁定的法律見解可以說明嗎？,JUDGMENT
請問幫我看看臺灣高等法院 115 年度原上訴字第 101 號刑事裁定在講什麼,JUDGMENT
臺灣桃園地方法院審理違反洗錢防制法等的裁判找得到嗎？,JUDGMENT
請問公司要我自願離職不給資遣費，我想知道相關法律規定，還有實際案例的結果,MIXED
想問一下，我撿到手機拿去賣了，這犯了什麼法條？法院以前都怎麼判？,MIXED
第274條規定的內容，加上實際裁判的運用，一起說明,MIXED
室友一直偷拿我的東西，算法例嗎？有沒有判決可以佐證？,MIXED
臺灣新北地方法院 115 年度審交易字第 993 號刑事判決用了哪些條文？那些條文在規範什麼？,MIXED
之一 沒收法條怎麼寫？實務裁判怎麼解釋這條？,MIXED
內亂罪的要件是什麼？臺灣新竹地方法院 115 年度訴字第 1209 號刑事裁定是這樣認定的嗎？,MIXED
臺灣士林地方法院 115 年度審簡字第 431 號刑事判決被告最後有罪嗎？,JUDGMENT
想問一下，公共危險罪的罰金大概多少？,LEGAL
傷害罪初犯會被關嗎？,LEGAL
請問毀棄損壞罪的法定刑與實際量刑差多少？舉裁判說明？求解,MIXED
臺灣臺北地方法院 114 年度訴字第 874 號刑事判決這篇裁判的結論是？,JUDGMENT
之一 妨害性隱私及不實性影像罪法條怎麼寫？實務裁判怎麼解釋這條？,MIXED
有聲請定其應執行刑被判緩刑的判決嗎？,JUDGMENT
請問幫我找聲請發還扣押物相關的判決,JUDGMENT
我的照片被拿去做迷因圖，法律上我有什麼權利？求解,LEGAL
急，想研究之一 妨害性隱私及不實性影像罪：條文依據和代表性判決都要,MIXED
急，臺灣臺北地方法院 114 年度訴字第 1694 號刑事裁定判決重點整理,JUDGMENT
第295條是在講什麼的？,LEGAL
臺灣臺南地方法院 115 年度簡字第 2166 號刑事判決的法律見解可以說明嗎？,JUDGMENT
有個問題想問：想看幾篇侵權行為損害賠償的裁判書,JUDGMENT
我檢舉公司逃漏稅被解僱，報警有用嗎？警察會怎麼處理？求解,LEGAL
第65條是在講什麼的？拜託了,LEGAL
客戶簽約後拒絕付尾款，法律上我有什麼權利？,LEGAL
我買到事故車但車商沒告知，我可以提告嗎？,LEGAL
網拍賣家收錢不出貨，法律規定和法院實務見解都幫我查,MIXED
臺灣高等法院 115 年度上訴字第 1456 號刑事裁定的法律見解可以說明嗎？,JUDGMENT
麻煩解答：第90條規定的內容，加上實際裁判的運用，一起說明,MIXED
臺灣臺南地方法院 115 年度簡字第 3702 號刑事判決判決重點整理,JUDGMENT
臺灣臺北地方法院 115 年度簡字第 1915 號刑事判決的法律見解可以說明嗎？,JUDGMENT
最近詐欺犯罪危害防制條例等的案件都怎麼判？,JUDGMENT
急，刑事責任是什麼意思？,LEGAL
我撿到手機拿去賣了，可以要求賠償嗎？依據是什麼？,LEGAL
關於妨害自由等，法條規定與判決先例幫我整理成重點？,MIXED
麻煩解答：第289條和第354條要怎麼分？,LEGAL
侵占的裁判實務上多嗎？,JUDGMENT
有個問題想問：客戶簽約後拒絕付尾款，這觸犯哪一條法律？,LEGAL
有個問題想問：臺灣新竹地方法院 115 年度聲字第 747 號刑事裁定被告最後有罪嗎？,JUDGMENT
不好意思想請教，損害賠償的裁判實務上多嗎？,JUDGMENT
第318-2條規定的內容，加上實際裁判的運用，一起說明,MIXED
想問一下，臺灣高等法院 臺中分院 115 年度金上訴字第 1056 號刑事判決被告最後有罪嗎？,JUDGMENT
臺灣臺南地方法院 115 年度聲字第 1504 號刑事裁定用了哪些條文？那些條文在規範什麼？拜託了,MIXED
麻煩解答：再審之訴適用什麼法條？從裁判看法院的標準是什麼？,MIXED
聲請發還扣押物適用什麼法條？從裁判看法院的標準是什麼？,MIXED
聲請定應執行刑並諭知易科罰金折算標準上訴成功的案例多嗎？,JUDGMENT
請問刑事責任法條怎麼寫？實務裁判怎麼解釋這條？,MIXED
請問這份裁判書幫我做摘要,JUDGMENT
瀆職罪跟妨害農工商罪是一樣的嗎？,LEGAL
臺灣臺南地方法院審理竊盜的裁判找得到嗎？,JUDGMENT
我在網路上被人公開罵垃圾，需要負法律責任嗎？,LEGAL
有個問題想問：球場打球被故意肘擊受傷，法律規定和法院實務見解都幫我查,MIXED
刑事責任跟之二 易刑是一樣的嗎？,LEGAL
幫我找毒品危害防制條例等相關的判決？拜託了,JUDGMENT
臺灣新北地方法院 115 年度聲字第 2311 號刑事裁定判了什麼？,JUDGMENT
想請問各位，犯偽證及誣告罪可以易科罰金嗎？,LEGAL
外送餐點被鄰居偷走，這樣是保安處分嗎？,LEGAL
臺灣高雄地方法院 115 年度審易字第 269 號刑事判決這篇裁判的結論是？,JUDGMENT
有個問題想問：想研究瀆職罪：條文依據和代表性判決都要,MIXED
最近毒品危害防制條例的案件都怎麼判？,JUDGMENT
妨害投票罪法條怎麼寫？實務裁判怎麼解釋這條？,MIXED
我檢舉公司逃漏稅被解僱，這樣是妨害自由罪嗎？,LEGAL
請問臺灣高等法院審理聲請定其應執行刑的裁判找得到嗎？,JUDGMENT
請求損害賠償適用什麼法條？從裁判看法院的標準是什麼？,MIXED
幫我看看臺灣橋頭地方法院 115 年度交易字第 306 號刑事判決在講什麼,JUDGMENT
想看幾篇詐欺犯罪危害防制條例等的裁判書？謝謝,JUDGMENT
我酒後牽機車走路回家被警察攔，算墮胎罪嗎？有沒有判決可以佐證？謝謝,MIXED
不好意思想請教，判決書裡「羈押」是什麼意思？,JUDGMENT
臺灣新北地方法院 115 年度撤緩字第 194 號刑事裁定用了哪些條文？那些條文在規範什麼？,MIXED
傷害罪的要件是什麼？臺灣臺中地方法院 115 年度訴字第 163 號刑事裁定是這樣認定的嗎？,MIXED
臺灣桃園地方法院 115 年度交訴字第 41 號刑事判決判了什麼？,JUDGMENT
不好意思想請教，我被前公司控告洩漏營業秘密，報警有用嗎？警察會怎麼處理？,LEGAL
解讀一下臺灣桃園地方法院 115 年度重訴字第 38 號刑事裁定,JUDGMENT
我被詐騙集團騙了三十萬，我想知道相關法律規定，還有實際案例的結果？,MIXED
想問一下，妨害自由罪是什麼意思？,LEGAL
急，老闆叫我簽本票才能離職，報警有用嗎？警察會怎麼處理？,LEGAL
聲請定應執行刑適用什麼法條？從裁判看法院的標準是什麼？,MIXED
請問妨害自由罪跟公共危險罪是一樣的嗎？,LEGAL
有人檢舉我違建要拆我房子，可以要求賠償嗎？依據是什麼？,LEGAL
翻譯一下臺灣高等法院 115 年度聲字第 1651 號刑事裁定的主文，看不懂,JUDGMENT
幫我看看臺灣新北地方法院 115 年度聲字第 1475 號刑事裁定在講什麼,JUDGMENT
臺灣臺南地方法院 115 年度易字第 98 號刑事判決判決重點整理,JUDGMENT
想請問各位，未成年犯妨害農工商罪會怎麼處理？感謝解答,LEGAL
想請問各位，想找臺灣彰化地方法院 115 年度訴字第 869 號刑事裁定的全文？,JUDGMENT
臺灣彰化地方法院 115 年度簡上字第 50 號民事判決判決重點整理？,JUDGMENT
請問我的機車停在路邊被人騎走，我想知道相關法律規定，還有實際案例的結果,MIXED
想研究鴉片罪：條文依據和代表性判決都要,MIXED
鄰居的狗衝出來咬傷我，這樣的案件法條怎麼規定？實務上判賠多少？求解,MIXED
請問撤銷緩刑適用什麼法條？從裁判看法院的標準是什麼？,MIXED
朋友借我的名義開公司，這樣是之一 妨害性隱私及不實性影像罪嗎？,LEGAL
不好意思想請教，翻譯一下臺灣臺南地方法院 115 年度聲字第 1412 號刑事裁定的主文，看不懂,JUDGMENT
請問室友一直偷拿我的東西，報警有用嗎？警察會怎麼處理？,LEGAL
臺灣高等法院 臺中分院 115 年度上訴字第 542 號刑事裁定用了哪些條文？那些條文在規範什麼？,MIXED
未成年犯妨害農工商罪會怎麼處理？,LEGAL
想請問各位，贓物罪在法律上怎麼定義？,LEGAL
我開車不小心擦撞到行人，這樣算犯罪嗎？,LEGAL
我在夜市跟人起衝突推了對方一把，這犯了什麼法條？法院以前都怎麼判？,MIXED
我檢舉公司逃漏稅被解僱，我想知道相關法律規定，還有實際案例的結果,MIXED
不好意思想請教，有定應執行刑被判緩刑的判決嗎？,JUDGMENT
室友欠房租跑掉房東要我全付，可以告他嗎？依據哪條？有類似判決參考嗎？,MIXED
公共危險罪跟搶奪強盜及海盜罪是一樣的嗎？,LEGAL
有個問題想問：聲請假釋期中交付保護管束上訴成功的案例多嗎？,JUDGMENT
想請問各位，前男友拿我的私密照威脅我，算法例嗎？有沒有判決可以佐證？,MIXED
公共危險罪法條怎麼寫？實務裁判怎麼解釋這條？拜託了,MIXED
我被前公司控告洩漏營業秘密，可以告他嗎？依據哪條？有類似判決參考嗎？,MIXED
解讀一下臺灣士林地方法院 115 年度聲字第 767 號刑事裁定？,JUDGMENT
麻煩解答：第218條規定的內容，加上實際裁判的運用，一起說明,MIXED
第127條和第318-1條要怎麼分？,LEGAL
有個問題想問：我的機車停在路邊被人騎走，對方會有什麼刑責？,LEGAL
麻煩解答：我未成年的弟弟騎車撞到人，這樣算犯罪嗎？,LEGAL
請問我被詐騙集團騙了三十萬，法律規定和法院實務見解都幫我查,MIXED
幫我看看臺灣高等法院 115 年度附民字第 956 號刑事判決在講什麼,JUDGMENT
麻煩解答：第26條規定的內容，加上實際裁判的運用，一起說明,MIXED
急，第155條和第227條要怎麼分？,LEGAL
妨害名譽及信用罪和解之後還會被起訴嗎？,LEGAL
解讀一下臺灣臺東地方法院 114 年度原易字第 161 號刑事判決,JUDGMENT
第224-1條是在講什麼的？,LEGAL
翻譯一下臺灣苗栗地方法院 114 年度易字第 615 號刑事裁定的主文，看不懂？謝謝,JUDGMENT
妨害婚姻及家庭罪和解之後還會被起訴嗎？,LEGAL
有個問題想問：公共危險罪是什麼意思？,LEGAL
想研究偽證及誣告罪：條文依據和代表性判決都要,MIXED
請問室友欠房租跑掉房東要我全付，這犯了什麼法條？法院以前都怎麼判？,MIXED
有個問題想問：想研究內亂罪：條文依據和代表性判決都要,MIXED
第162條和第228條要怎麼分？,LEGAL
第45條是在講什麼的？,LEGAL
聲請假釋期中交付保護管束的裁判實務上多嗎？,JUDGMENT
臺灣高雄地方法院有哪些洗錢防制法等的案子？,JUDGMENT
我簽了車貸合約才發現利率超高，這樣的案件法條怎麼規定？實務上判賠多少？,MIXED
毀棄損壞罪法條怎麼寫？實務裁判怎麼解釋這條？,MIXED
第32條是在講什麼的？,LEGAL
急，有人在社群貼文造謠我們公司，法律規定和法院實務見解都幫我查,MIXED
客戶簽約後拒絕付尾款，我想知道相關法律規定，還有實際案例的結果？,MIXED
臺灣桃園地方法院 115 年度聲字第 2386 號刑事裁定為什麼會這樣判？,JUDGMENT
翻譯一下臺灣桃園地方法院 115 年度訴字第 872 號民事判決的主文，看不懂,JUDGMENT
臺灣苗栗地方法院審理公共危險的裁判找得到嗎？感謝解答,JUDGMENT
我被詐騙集團騙了三十萬，我想知道相關法律規定，還有實際案例的結果,MIXED
想問一下，我簽了車貸合約才發現利率超高，對方會有什麼刑責？,LEGAL
有個問題想問：臺灣高等法院 115 年度聲再字第 340 號刑事裁定用了哪些條文？那些條文在規範什麼？,MIXED
麻煩解答：我提供帳戶給別人使用結果被列警示戶，這觸犯哪一條法律？,LEGAL
臺灣臺中地方法院 115 年度中簡字第 1930 號刑事判決用了哪些條文？那些條文在規範什麼？求解,MIXED
幫我看看臺灣雲林地方法院 115 年度交附民字第 101 號刑事裁定在講什麼,JUDGMENT
有陌生人一直傳訊息騷擾我，可以要求賠償嗎？依據是什麼？,LEGAL
不好意思想請教，判決書裡「不受理」是什麼意思？,JUDGMENT
聲請閱卷的裁判實務上多嗎？,JUDGMENT
臺灣臺北地方法院 115 年度聲字第 333 號民事裁定判了什麼？,JUDGMENT
妨害秩序罪告訴期間過了還能告嗎？,LEGAL
臺灣桃園地方法院 115 年度審交簡字第 379 號刑事判決用了哪些條文？那些條文在規範什麼？,MIXED
犯妨害國交罪可以易科罰金嗎？,LEGAL
球場打球被故意肘擊受傷，提告需要什麼證據？,LEGAL
有人檢舉我違建要拆我房子，這觸犯哪一條法律？,LEGAL
麻煩解答：台灣刑法對刑之酌科及加減的處罰重嗎？,LEGAL
想請問各位，臺灣嘉義地方法院 115 年度金訴字第 674 號刑事裁定被告最後有罪嗎？,JUDGMENT
台灣刑法對瀆職罪的處罰重嗎？,LEGAL
急，醫生開刀開錯位置，我想知道相關法律規定，還有實際案例的結果,MIXED
臺灣新竹地方法院 115 年度簡上字第 2 號刑事裁定判了什麼？,JUDGMENT
妨害秩序罪初犯會被關嗎？感謝解答,LEGAL
第183條規定的內容，加上實際裁判的運用，一起說明,MIXED
臺灣桃園地方法院 115 年度桃交簡字第 1090 號刑事判決判決重點整理？,JUDGMENT
有毒品危害防制條例被判緩刑的判決嗎？,JUDGMENT
台灣刑法對緩刑的處罰重嗎？,LEGAL
請問幫我找詐欺等相關的判決,JUDGMENT
幫我看看臺灣臺北地方法院 115 年度審原重訴字第 33 號民事裁定在講什麼？,JUDGMENT
外送餐點被鄰居偷走，這犯了什麼法條？法院以前都怎麼判？,MIXED
親戚過世後叔叔把存摺全領走，可以告他嗎？依據哪條？有類似判決參考嗎？,MIXED
有過失傷害被判緩刑的判決嗎？,JUDGMENT
鄰居的狗衝出來咬傷我，法律規定和法院實務見解都幫我查？,MIXED
第323條和第327條要怎麼分？,LEGAL
想問一下，我在夜市跟人起衝突推了對方一把，算之一  妨害風化罪嗎？有沒有判決可以佐證？拜託了,MIXED
請問鄰居半夜施工吵到我報警也沒用，對方會有什麼刑責？,LEGAL
請問鴉片罪法條怎麼寫？實務裁判怎麼解釋這條？,MIXED
臺灣高等法院 臺中分院 115 年度金上訴字第 1560 號刑事裁定用了哪些條文？那些條文在規範什麼？,MIXED
公共危險的裁判實務上多嗎？拜託了,JUDGMENT
公司要我自願離職不給資遣費，這樣算犯罪嗎？,LEGAL
有沒有毒品危害防制條例等判很輕的案例？,JUDGMENT
想找臺灣臺中地方法院 115 年度訴字第 163 號刑事裁定的全文,JUDGMENT
有人檢舉我違建要拆我房子，這樣的案件法條怎麼規定？實務上判賠多少？,MIXED
急，我未成年的弟弟騎車撞到人，我想知道相關法律規定，還有實際案例的結果,MIXED
有人在社群貼文造謠我們公司，這樣的案件法條怎麼規定？實務上判賠多少？,MIXED
臺灣高等法院 115 年度審上訴字第 2769 號刑事判決為什麼會這樣判？,JUDGMENT
我把公司資料帶去新公司用，報警有用嗎？警察會怎麼處理？,LEGAL
翻譯一下臺灣新北地方法院 115 年度審易字第 2076 號刑事判決的主文，看不懂？感謝解答,JUDGMENT
之一 妨害司法公正罪法條怎麼寫？實務裁判怎麼解釋這條？,MIXED
急，刑之酌科及加減的法定刑與實際量刑差多少？舉裁判說明,MIXED
鄰居半夜施工吵到我報警也沒用，這樣是妨害婚姻及家庭罪嗎？,LEGAL
第304條是在講什麼的？,LEGAL
臺灣臺南地方法院 115 年度智易字第 16 號刑事判決用了哪些條文？那些條文在規範什麼？,MIXED
請問關於侵權行為損害賠償，法條規定與判決先例幫我整理成重點？,MIXED
前男友拿我的私密照威脅我，對方會有什麼刑責？求解,LEGAL
我借人十萬元對方失聯了，我想知道相關法律規定，還有實際案例的結果,MIXED
想問一下，臺灣嘉義地方法院有哪些公然侮辱的案子？,JUDGMENT
臺灣高等法院有哪些偽造文書的案子？,JUDGMENT
有個問題想問：第136條規定的內容，加上實際裁判的運用，一起說明,MIXED
有個問題想問：被依第67條移送會怎麼樣？,LEGAL
想請問各位，外患罪跟刑事責任是一樣的嗎？,LEGAL
偽證及誣告罪的要件是什麼？臺灣高等法院 高雄分院 115 年度聲保字第 360 號刑事裁定是這樣認定的嗎？,MIXED
不好意思想請教，幫我看看臺灣橋頭地方法院 114 年度訴字第 1120 號刑事判決在講什麼,JUDGMENT
我被詐騙集團騙了三十萬，這樣的案件法條怎麼規定？實務上判賠多少？求解,MIXED
瀆職罪的罰金大概多少？,LEGAL
我未成年的弟弟騎車撞到人，提告需要什麼證據？,LEGAL
請問賭博罪的法定刑與實際量刑差多少？舉裁判說明,MIXED
想問一下，我酒後牽機車走路回家被警察攔，這樣算犯罪嗎？,LEGAL
臺灣新北地方法院審理詐欺等的裁判找得到嗎？,JUDGMENT
有個問題想問：定應執行刑的裁判實務上多嗎？,JUDGMENT
臺灣高等法院 臺南分院 115 年度交上易字第 361 號刑事判決的法律見解可以說明嗎？,JUDGMENT
臺灣苗栗地方法院有哪些聲請定其應執行刑的案子？,JUDGMENT
不好意思想請教，傷害等一般法院判下來大概多重？,JUDGMENT
麻煩解答：被依第38條移送會怎麼樣？拜託了,LEGAL
最近違反廢棄物清理法的案件都怎麼判？,JUDGMENT
不好意思想請教，想看幾篇聲請假釋期中交付保護管束的裁判書,JUDGMENT
想問一下，內亂罪跟公共危險罪是一樣的嗎？,LEGAL
想問一下，墮胎罪法條怎麼寫？實務裁判怎麼解釋這條？,MIXED
醫生開刀開錯位置，追訴期是多久？,LEGAL
麻煩解答：第209條規定的內容，加上實際裁判的運用，一起說明？,MIXED
有個問題想問：有人冒用我的名義辦門號，法律規定和法院實務見解都幫我查,MIXED
朋友借我的名義開公司，算瀆職罪嗎？有沒有判決可以佐證？,MIXED
臺灣新竹地方法院 115 年度訴字第 955 號刑事裁定被告最後有罪嗎？,JUDGMENT
臺灣臺中地方法院 115 年度交易字第 136 號刑事判決判了什麼？,JUDGMENT
刑事責任跟法例是一樣的嗎？,LEGAL
聲請撤銷緩刑上訴成功的案例多嗎？,JUDGMENT
臺灣桃園地方法院 115 年度桃簡字第 1323 號刑事判決用了哪些條文？那些條文在規範什麼？,MIXED
急，定應執行刑一般法院判下來大概多重？,JUDGMENT
第99條是在講什麼的？,LEGAL
請問有人冒用我的名義辦門號，法律上我有什麼權利？,LEGAL
不好意思想請教，洗錢防制法等適用什麼法條？從裁判看法院的標準是什麼？,MIXED
翻譯一下臺灣新竹地方法院 115 年度聲字第 864 號刑事裁定的主文，看不懂？謝謝,JUDGMENT
臺灣臺北地方法院有哪些傷害的案子？,JUDGMENT
網拍賣家收錢不出貨，這樣算犯罪嗎？,LEGAL
有人用我的照片開假帳號，算詐欺背信及重利罪嗎？有沒有判決可以佐證？,MIXED
臺灣花蓮地方法院 115 年度原易字第 40 號刑事裁定的法律見解可以說明嗎？求解,JUDGMENT
急，未遂犯的罰金大概多少？,LEGAL
殺人罪法條怎麼寫？實務裁判怎麼解釋這條？,MIXED
第353條和第298條要怎麼分？,LEGAL
保安處分是什麼意思？拜託了,LEGAL
妨害國交罪的罰金大概多少？,LEGAL
想研究妨害秩序罪：條文依據和代表性判決都要,MIXED
有人檢舉我違建要拆我房子，算偽造文書印文罪嗎？有沒有判決可以佐證？,MIXED
妨害婚姻及家庭罪的要件是什麼？臺灣臺南地方法院 115 年度簡字第 3765 號刑事判決是這樣認定的嗎？,MIXED
急，想研究竊盜罪：條文依據和代表性判決都要,MIXED
想請問各位，我在夜市跟人起衝突推了對方一把，可以告他嗎？依據哪條？有類似判決參考嗎？,MIXED
請問台灣刑法對偽造貨幣罪的處罰重嗎？,LEGAL
有個問題想問：我開車不小心擦撞到行人，這樣的案件法條怎麼規定？實務上判賠多少？,MIXED
外患罪初犯會被關嗎？,LEGAL
請問有沒有虛報進口貨物判很輕的案例？,JUDGMENT
臺灣臺北地方法院有哪些侵權行為損害賠償的案子？,JUDGMENT
鄰居的狗衝出來咬傷我，可以要求賠償嗎？依據是什麼？,LEGAL
有個問題想問：臺灣桃園地方法院 115 年度聲字第 1821 號刑事裁定被告最後有罪嗎？,JUDGMENT
想研究詐欺背信及重利罪：條文依據和代表性判決都要,MIXED
臺灣橋頭地方法院 115 年度易字第 790 號刑事裁定被告最後有罪嗎？,JUDGMENT
不好意思想請教，犯之一 沒收可以易科罰金嗎？,LEGAL
想看幾篇毒品危害防制條例等的裁判書,JUDGMENT
我在網路上被人公開罵垃圾，提告需要什麼證據？,LEGAL
臺灣桃園地方法院 115 年度聲字第 2245 號刑事裁定用了哪些條文？那些條文在規範什麼？,MIXED
第297條和第163條要怎麼分？,LEGAL
臺灣高等法院 臺中分院 115 年度原金上訴字第 26 號刑事裁定的法律見解可以說明嗎？,JUDGMENT
臺灣新竹地方法院 115 年度易字第 669 號刑事判決判決重點整理,JUDGMENT
請問親戚過世後叔叔把存摺全領走，我可以提告嗎？,LEGAL
不好意思想請教，第185-1條條文內容是什麼？,LEGAL
不好意思想請教，妨害公務罪初犯會被關嗎？,LEGAL
外患罪和解之後還會被起訴嗎？,LEGAL
不好意思想請教，球場打球被故意肘擊受傷，我想知道相關法律規定，還有實際案例的結果,MIXED
妨害投票罪的法定刑與實際量刑差多少？舉裁判說明？,MIXED
臺灣屏東地方法院 115 年度司促字第 3982 號民事裁定判了什麼？,JUDGMENT
想問一下，第133條規定的內容，加上實際裁判的運用，一起說明,MIXED
翻譯一下臺灣桃園地方法院 115 年度桃交簡字第 1129 號刑事判決的主文，看不懂,JUDGMENT
臺灣臺南地方法院 115 年度訴字第 743 號刑事判決用了哪些條文？那些條文在規範什麼？,MIXED
不好意思想請教，妨害投票罪法條怎麼寫？實務裁判怎麼解釋這條？,MIXED
第315-3條和第188條要怎麼分？,LEGAL
請問房東沒經過我同意進我房間，這犯了什麼法條？法院以前都怎麼判？,MIXED
臺灣桃園地方法院 114 年度訴字第 613 號刑事裁定用了哪些條文？那些條文在規範什麼？,MIXED
最近竊盜等的案件都怎麼判？,JUDGMENT
臺灣士林地方法院 115 年度聲字第 952 號刑事裁定用了哪些條文？那些條文在規範什麼？,MIXED
第181條是在講什麼的？,LEGAL
有個問題想問：解讀一下臺灣高等法院 臺南分院 115 年度交上訴字第 1298 號刑事判決,JUDGMENT
臺灣新北地方法院 115 年度聲字第 2100 號刑事裁定判了什麼？,JUDGMENT
我被詐騙集團騙了三十萬，法律規定和法院實務見解都幫我查,MIXED
幫我看看臺灣高等法院 115 年度毒抗字第 224 號刑事裁定在講什麼,JUDGMENT
臺灣高等法院 115 年度上訴字第 3057 號刑事裁定用了哪些條文？那些條文在規範什麼？,MIXED
急，公共危險罪是什麼意思？,LEGAL
發還扣押物等上訴成功的案例多嗎？,JUDGMENT
我在停車場被人刮車，這犯了什麼法條？法院以前都怎麼判？,MIXED
我未成年的弟弟騎車撞到人，這樣算犯罪嗎？,LEGAL
偽造貨幣罪的法定刑與實際量刑差多少？舉裁判說明,MIXED
想請問各位，臺灣新北地方法院 115 年度金訴字第 893 號刑事裁定這篇裁判的結論是？,JUDGMENT
急，幫我比較這兩篇判決的差異,JUDGMENT
急，第102條條文內容是什麼？,LEGAL
幫我比較這兩篇判決的差異？謝謝,JUDGMENT
不好意思想請教，第54條是在講什麼的？,LEGAL
第26條和第264條要怎麼分？,LEGAL
我買到事故車但車商沒告知，需要負法律責任嗎？,LEGAL
臺灣臺南地方法院審理洗錢防制法等的裁判找得到嗎？,JUDGMENT
妨害自由的裁判實務上多嗎？,JUDGMENT
想問一下，翻譯一下臺灣桃園地方法院 114 年度交易字第 468 號刑事判決的主文，看不懂,JUDGMENT
墮胎罪被起訴後流程大概是怎樣？,LEGAL
想找臺灣臺南地方法院 115 年度交易字第 827 號刑事判決的全文,JUDGMENT
想研究刑：條文依據和代表性判決都要？,MIXED
室友一直偷拿我的東西，提告需要什麼證據？,LEGAL
麻煩解答：臺灣嘉義地方法院 115 年度易字第 530 號刑事判決的法律見解可以說明嗎？,JUDGMENT
臺灣臺南地方法院 115 年度交簡字第 2379 號刑事判決被告最後有罪嗎？,JUDGMENT
想請問各位，我簽了車貸合約才發現利率超高，這觸犯哪一條法律？,LEGAL
竊佔適用什麼法條？從裁判看法院的標準是什麼？,MIXED
假釋是什麼意思？,LEGAL
想請問各位，被依第347條移送會怎麼樣？,LEGAL
麻煩解答：同事偷看我的手機訊息，我想知道相關法律規定，還有實際案例的結果,MIXED
臺灣桃園地方法院 115 年度聲字第 2033 號刑事裁定用了哪些條文？那些條文在規範什麼？感謝解答,MIXED
妨害秘密罪是什麼意思？,LEGAL
竊盜一般法院判下來大概多重？,JUDGMENT
未成年犯妨害電腦使用罪會怎麼處理？,LEGAL
第60條是在講什麼的？,LEGAL
麻煩解答：竊盜罪的法定刑與實際量刑差多少？舉裁判說明？謝謝,MIXED
臺灣臺中地方法院 115 年度聲字第 2749 號刑事裁定用了哪些條文？那些條文在規範什麼？,MIXED
偽造貨幣罪的要件是什麼？臺灣臺南地方法院 115 年度訴字第 1343 號民事判決是這樣認定的嗎？,MIXED
我借人十萬元對方失聯了，這觸犯哪一條法律？,LEGAL
數罪併罰的法定刑與實際量刑差多少？舉裁判說明,MIXED
醫生開刀開錯位置，法律規定和法院實務見解都幫我查,MIXED
臺灣高等法院 臺中分院 115 年度金上訴字第 953 號刑事判決這篇裁判的結論是？,JUDGMENT
請問有人在社群貼文造謠我們公司，這樣的案件法條怎麼規定？實務上判賠多少？,MIXED
賭博罪初犯會被關嗎？,LEGAL
急，想找臺灣士林地方法院 115 年度撤緩字第 95 號刑事裁定的全文,JUDGMENT
侵權行為損害賠償適用什麼法條？從裁判看法院的標準是什麼？,MIXED
醫生開刀開錯位置，算恐嚇及擄人勒贖罪嗎？有沒有判決可以佐證？,MIXED
請問脫逃罪被起訴後流程大概是怎樣？,LEGAL
翻譯一下臺灣桃園地方法院 115 年度簡字第 637 號刑事判決的主文，看不懂,JUDGMENT
有個問題想問：妨害公務罪在法律上怎麼定義？,LEGAL
想找臺灣士林地方法院 115 年度聲字第 767 號刑事裁定的全文,JUDGMENT
想請問各位，臺灣臺南地方法院 115 年度訴字第 1977 號刑事判決這篇裁判的結論是？,JUDGMENT
有個問題想問：最近聲請假釋期中交付保護管束的案件都怎麼判？謝謝,JUDGMENT
不好意思想請教，台灣刑法對妨害秩序罪的處罰重嗎？,LEGAL
想問一下，臺灣桃園地方法院 115 年度桃交簡字第 937 號刑事判決判了什麼？,JUDGMENT
臺灣高等法院 115 年度審上訴字第 3562 號刑事裁定判了什麼？,JUDGMENT
臺灣臺南地方法院 115 年度聲字第 1504 號刑事裁定這篇裁判的結論是？拜託了,JUDGMENT
我撿到手機拿去賣了，需要負法律責任嗎？,LEGAL
臺灣士林地方法院 115 年度附民字第 442 號刑事判決判了什麼？,JUDGMENT
不好意思想請教，我的照片被拿去做迷因圖，這觸犯哪一條法律？,LEGAL
我被前公司控告洩漏營業秘密，這樣的案件法條怎麼規定？實務上判賠多少？,MIXED
有個問題想問：第47條規定的內容，加上實際裁判的運用，一起說明？拜託了,MIXED
毀損的裁判實務上多嗎？,JUDGMENT
室友欠房租跑掉房東要我全付，法律規定和法院實務見解都幫我查？感謝解答,MIXED
醫生開刀開錯位置，我想知道相關法律規定，還有實際案例的結果,MIXED
想找臺灣屏東地方法院 115 年度聲字第 521 號刑事裁定的全文,JUDGMENT
有沒有詐欺等判很輕的案例？感謝解答,JUDGMENT
被依第125條移送會怎麼樣？求解,LEGAL
麻煩解答：第344條規定的內容，加上實際裁判的運用，一起說明,MIXED
不好意思想請教，我的機車停在路邊被人騎走，我想知道相關法律規定，還有實際案例的結果,MIXED
有個問題想問：我檢舉公司逃漏稅被解僱，需要負法律責任嗎？拜託了,LEGAL
我檢舉公司逃漏稅被解僱，這觸犯哪一條法律？,LEGAL
臺灣高等法院 115 年度上易字第 715 號刑事判決被告最後有罪嗎？,JUDGMENT
不好意思想請教，毒品危害防制條例一般法院判下來大概多重？,JUDGMENT
聲明異議適用什麼法條？從裁判看法院的標準是什麼？,MIXED
急，妨害自由罪的法定刑與實際量刑差多少？舉裁判說明,MIXED
公司要我自願離職不給資遣費，這樣是妨害電腦使用罪嗎？,LEGAL
妨害性自主罪的罰金大概多少？,LEGAL
何謂藏匿人犯及湮滅證據罪？,LEGAL
犯妨害自由罪可以易科罰金嗎？,LEGAL
瀆職罪跟妨害婚姻及家庭罪是一樣的嗎？,LEGAL
想請問各位，我簽了車貸合約才發現利率超高，可以告他嗎？依據哪條？有類似判決參考嗎？,MIXED
偽造貨幣罪的要件是什麼？臺灣彰化地方法院 115 年度交易字第 415 號刑事判決是這樣認定的嗎？感謝解答,MIXED
幫我看看臺灣臺南地方法院 115 年度訴字第 1532 號民事裁定在講什麼,JUDGMENT
搶奪強盜及海盜罪的要件是什麼？臺灣臺南地方法院 115 年度簡字第 3703 號刑事判決是這樣認定的嗎？,MIXED
請問臺灣臺南地方法院 115 年度訴字第 2171 號刑事判決用了哪些條文？那些條文在規範什麼？,MIXED
犯緩刑可以易科罰金嗎？,LEGAL
有個問題想問：妨害公務罪的要件是什麼？臺灣高雄地方法院 115 年度審易字第 1043 號刑事裁定是這樣認定的嗎？,MIXED
急，我檢舉公司逃漏稅被解僱，追訴期是多久？,LEGAL
想請問各位，我把公司資料帶去新公司用，這樣是瀆職罪嗎？,LEGAL
妨害性自主罪初犯會被關嗎？,LEGAL
臺灣高等法院 臺中分院 115 年度聲字第 1391 號刑事裁定為什麼會這樣判？,JUDGMENT
想問一下，想研究刑：條文依據和代表性判決都要,MIXED
想研究褻瀆祀典及侵害墳墓屍體罪：條文依據和代表性判決都要,MIXED
麻煩解答：公共危險一般法院判下來大概多重？,JUDGMENT
有傷害被判緩刑的判決嗎？,JUDGMENT
想找臺灣高等法院 115 年度上重訴字第 21 號刑事判決的全文,JUDGMENT
麻煩解答：聲請定其應執行刑適用什麼法條？從裁判看法院的標準是什麼？,MIXED
第340條規定的內容，加上實際裁判的運用，一起說明,MIXED
想找臺灣新北地方法院 115 年度審交簡字第 399 號刑事判決的全文,JUDGMENT
球場打球被故意肘擊受傷，我想知道相關法律規定，還有實際案例的結果？求解,MIXED
翻譯一下臺灣桃園地方法院 115 年度交易字第 234 號刑事判決的主文，看不懂,JUDGMENT
麻煩解答：我買到事故車但車商沒告知，這樣的案件法條怎麼規定？實務上判賠多少？,MIXED
臺灣士林地方法院有哪些毀棄損壞的案子？,JUDGMENT
未成年犯妨害秘密罪會怎麼處理？,LEGAL
想問一下，臺灣臺南地方法院 115 年度易字第 1113 號刑事判決為什麼會這樣判？,JUDGMENT
球場打球被故意肘擊受傷，這樣算犯罪嗎？,LEGAL
第100條規定的內容，加上實際裁判的運用，一起說明,MIXED
臺灣高等法院 臺南分院 115 年度上訴字第 804 號刑事裁定被告最後有罪嗎？,JUDGMENT
想研究妨害投票罪：條文依據和代表性判決都要,MIXED
不好意思想請教，何謂外患罪？,LEGAL
外送餐點被鄰居偷走，法律上我有什麼權利？,LEGAL
臺灣高等法院 115 年度上訴字第 2164 號刑事判決的法律見解可以說明嗎？,JUDGMENT
請問外患罪的要件是什麼？臺灣桃園地方法院 115 年度桃簡字第 1261 號刑事判決是這樣認定的嗎？,MIXED
有人檢舉我違建要拆我房子，追訴期是多久？,LEGAL
有個問題想問：同事偷看我的手機訊息，這樣是殺人罪嗎？,LEGAL
球場打球被故意肘擊受傷，可以告他嗎？依據哪條？有類似判決參考嗎？,MIXED
解讀一下臺灣南投地方法院 115 年度聲字第 314 號刑事裁定,JUDGMENT
親戚過世後叔叔把存摺全領走，我想知道相關法律規定，還有實際案例的結果？,MIXED
想問一下，我買到事故車但車商沒告知，提告需要什麼證據？,LEGAL
想研究刑事責任：條文依據和代表性判決都要,MIXED
請問毀棄損壞罪的要件是什麼？臺灣桃園地方法院 115 年度審交訴字第 53 號刑事裁定是這樣認定的嗎？,MIXED
麻煩解答：朋友借我的名義開公司，可以要求賠償嗎？依據是什麼？,LEGAL
麻煩解答：保安處分告訴期間過了還能告嗎？,LEGAL
不好意思想請教，關於過失傷害，法條規定與判決先例幫我整理成重點,MIXED
想請問各位，公共危險罪的要件是什麼？臺灣士林地方法院 115 年度單禁沒字第 248 號刑事裁定是這樣認定的嗎？,MIXED
刑之酌科及加減的要件是什麼？臺灣臺南地方法院 115 年度原訴緝字第 5 號刑事判決是這樣認定的嗎？,MIXED
竊盜罪告訴期間過了還能告嗎？,LEGAL
第194條規定的內容，加上實際裁判的運用，一起說明？謝謝,MIXED
想問一下，想看幾篇違反毒品危害防制條例的裁判書,JUDGMENT
刑之酌科及加減的要件是什麼？臺灣臺南地方法院 115 年度簡字第 2174 號刑事判決是這樣認定的嗎？,MIXED
臺灣高等法院 高雄分院 115 年度上訴字第 374 號刑事判決用了哪些條文？那些條文在規範什麼？,MIXED
法例和解之後還會被起訴嗎？,LEGAL
我被前公司控告洩漏營業秘密，我想知道相關法律規定，還有實際案例的結果？,MIXED
第35條和第103條要怎麼分？,LEGAL
想請問各位，解讀一下臺灣高等法院 臺中分院 115 年度抗字第 544 號刑事裁定？,JUDGMENT
我的機車停在路邊被人騎走，算妨害秩序罪嗎？有沒有判決可以佐證？求解,MIXED
臺灣雲林地方法院審理組織犯罪防制條例等的裁判找得到嗎？,JUDGMENT
犯妨害婚姻及家庭罪可以易科罰金嗎？,LEGAL
想問一下，何謂妨害投票罪？,LEGAL
關於定應執行刑，法條規定與判決先例幫我整理成重點？感謝解答,MIXED
遺棄罪初犯會被關嗎？,LEGAL
麻煩解答：我撿到手機拿去賣了，這樣的案件法條怎麼規定？實務上判賠多少？,MIXED
我開車不小心擦撞到行人，法律規定和法院實務見解都幫我查,MIXED
臺灣高等法院 臺南分院 115 年度上訴字第 454 號刑事判決判了什麼？,JUDGMENT
客戶簽約後拒絕付尾款，這樣是妨害自由罪嗎？,LEGAL
想請問各位，有人在社群貼文造謠我們公司，提告需要什麼證據？,LEGAL
麻煩解答：我未成年的弟弟騎車撞到人，提告需要什麼證據？,LEGAL
不好意思想請教，臺灣彰化地方法院 115 年度聲字第 622 號刑事裁定的法律見解可以說明嗎？,JUDGMENT
急，解讀一下臺灣嘉義地方法院 115 年度嘉簡字第 835 號刑事判決,JUDGMENT
想問一下，判決書裡「保護管束」是什麼意思？,JUDGMENT
老闆叫我簽本票才能離職，算之一  妨害風化罪嗎？有沒有判決可以佐證？,MIXED
想找臺灣桃園地方法院 115 年度訴字第 56 號刑事判決的全文,JUDGMENT
有聲請定應執行刑並諭知易科罰金折算標準被判緩刑的判決嗎？,JUDGMENT
法例的要件是什麼？臺灣桃園地方法院 115 年度訴字第 1236 號刑事裁定是這樣認定的嗎？,MIXED
麻煩解答：老闆叫我簽本票才能離職，這樣的案件法條怎麼規定？實務上判賠多少？,MIXED
臺灣臺南地方法院 115 年度易字第 1331 號刑事判決被告最後有罪嗎？謝謝,JUDGMENT
這份裁判書幫我做摘要？拜託了,JUDGMENT
想請問各位，我被跟蹤騷擾了好幾個月，這樣算犯罪嗎？,LEGAL
公共危險罪的要件是什麼？臺灣士林地方法院 115 年度聲字第 950 號刑事裁定是這樣認定的嗎？,MIXED
關於準抗告，法條規定與判決先例幫我整理成重點,MIXED
第14條和第292條要怎麼分？,LEGAL
臺灣苗栗地方法院有哪些竊盜的案子？,JUDGMENT
第200條是在講什麼的？,LEGAL
想問一下，我被跟蹤騷擾了好幾個月，這觸犯哪一條法律？,LEGAL
臺灣高等法院 115 年度上訴字第 1954 號刑事判決用了哪些條文？那些條文在規範什麼？求解,MIXED
臺灣高等法院 114 年度上訴字第 304 號刑事裁定的法律見解可以說明嗎？,JUDGMENT
鄰居半夜施工吵到我報警也沒用，追訴期是多久？,LEGAL
麻煩解答：我被跟蹤騷擾了好幾個月，這觸犯哪一條法律？,LEGAL
刑之酌科及加減的要件是什麼？臺灣嘉義地方法院 115 年度嘉交簡字第 548 號刑事判決是這樣認定的嗎？,MIXED
醫生開刀開錯位置，這樣算犯罪嗎？,LEGAL
想請問各位，緩刑的要件是什麼？臺灣士林地方法院 115 年度審簡字第 892 號刑事判決是這樣認定的嗎？,MIXED
想找臺灣高等法院 115 年度上訴字第 227 號刑事裁定的全文,JUDGMENT
有個問題想問：我在停車場被人刮車，這樣算犯罪嗎？求解,LEGAL
第280條規定的內容，加上實際裁判的運用，一起說明,MIXED
聲請定其應執行刑的裁判實務上多嗎？,JUDGMENT
假釋付保護管束一般法院判下來大概多重？,JUDGMENT
台灣刑法對之一 沒收的處罰重嗎？,LEGAL
公司要我自願離職不給資遣費，算外患罪嗎？有沒有判決可以佐證？,MIXED
請問之一  妨害風化罪初犯會被關嗎？,LEGAL
有個問題想問：我被前公司控告洩漏營業秘密，法律規定和法院實務見解都幫我查,MIXED
想問一下，毒品危害防制條例一般法院判下來大概多重？,JUDGMENT
第79-1條和第103條要怎麼分？,LEGAL
麻煩解答：我借人十萬元對方失聯了，可以要求賠償嗎？依據是什麼？,LEGAL
急，室友一直偷拿我的東西，追訴期是多久？,LEGAL
不好意思想請教，公共危險罪的法定刑與實際量刑差多少？舉裁判說明,MIXED
想問一下，這個案子歷審結果幫我整理,JUDGMENT
判決書裡「累犯」是什麼意思？拜託了,JUDGMENT
想問一下，解讀一下臺灣高等法院 臺中分院 115 年度聲字第 972 號刑事裁定,JUDGMENT
公司要我自願離職不給資遣費，需要負法律責任嗎？,LEGAL
第311條規定的內容，加上實際裁判的運用，一起說明,MIXED
第37-1條規定的內容，加上實際裁判的運用，一起說明？謝謝,MIXED
麻煩解答：關於損害賠償，法條規定與判決先例幫我整理成重點,MIXED
妨害自由罪的要件是什麼？臺灣高等法院 臺中分院 115 年度上訴字第 542 號刑事判決是這樣認定的嗎？,MIXED
想問一下，我被詐騙集團騙了三十萬，需要負法律責任嗎？求解,LEGAL
臺灣高雄地方法院 115 年度簡字第 3618 號刑事判決用了哪些條文？那些條文在規範什麼？,MIXED
請問臺灣士林地方法院 115 年度審簡字第 879 號刑事判決判決重點整理,JUDGMENT
聲請撤銷緩刑的裁判實務上多嗎？,JUDGMENT
有個問題想問：詐欺背信及重利罪初犯會被關嗎？,LEGAL
翻譯一下臺灣桃園地方法院 115 年度壢簡字第 556 號刑事裁定的主文，看不懂,JUDGMENT
翻譯一下臺灣苗栗地方法院 115 年度苗簡字第 467 號刑事判決的主文，看不懂,JUDGMENT
我簽了車貸合約才發現利率超高，我想知道相關法律規定，還有實際案例的結果,MIXED
有人檢舉我違建要拆我房子，這犯了什麼法條？法院以前都怎麼判？,MIXED
有個問題想問：累犯的法定刑與實際量刑差多少？舉裁判說明,MIXED
有個問題想問：解讀一下臺灣高等法院 高雄分院 115 年度聲保字第 378 號刑事裁定,JUDGMENT
急，第292條和第293條要怎麼分？,LEGAL
臺灣臺南地方法院 115 年度簡字第 3583 號刑事判決用了哪些條文？那些條文在規範什麼？,MIXED
第185-4條條文內容是什麼？,LEGAL
不好意思想請教，我在夜市跟人起衝突推了對方一把，這樣的案件法條怎麼規定？實務上判賠多少？,MIXED
刑事責任初犯會被關嗎？,LEGAL
公共危險罪的罰金大概多少？,LEGAL
請問公共危險上訴成功的案例多嗎？,JUDGMENT
臺灣新竹地方法院 114 年度金訴緝字第 31 號刑事判決用了哪些條文？那些條文在規範什麼？,MIXED
麻煩解答：有人檢舉我違建要拆我房子，可以要求賠償嗎？依據是什麼？,LEGAL
有個問題想問：臺灣苗栗地方法院 115 年度聲字第 504 號刑事裁定這篇裁判的結論是？,JUDGMENT
想請問各位，我被誣賴偷東西，法律規定和法院實務見解都幫我查,MIXED
幫我看看臺灣桃園地方法院 115 年度重訴字第 38 號刑事裁定在講什麼,JUDGMENT
我提供帳戶給別人使用結果被列警示戶，法律規定和法院實務見解都幫我查,MIXED
想找臺灣臺中地方法院 115 年度審金簡字第 549 號刑事判決的全文,JUDGMENT
想問一下，妨害性自主罪法條怎麼寫？實務裁判怎麼解釋這條？感謝解答,MIXED
有個問題想問：竊盜罪的法定刑與實際量刑差多少？舉裁判說明,MIXED
麻煩解答：我檢舉公司逃漏稅被解僱，法律上我有什麼權利？,LEGAL
詐欺背信及重利罪是什麼意思？,LEGAL
有個問題想問：室友一直偷拿我的東西，提告需要什麼證據？,LEGAL
我被前公司控告洩漏營業秘密，這樣是刑事責任嗎？,LEGAL
不好意思想請教，臺灣臺南地方法院有哪些公共危險的案子？,JUDGMENT
臺灣桃園地方法院 115 年度易字第 1223 號刑事判決判決重點整理,JUDGMENT
急，我把公司資料帶去新公司用，需要負法律責任嗎？,LEGAL
我在夜市跟人起衝突推了對方一把，這觸犯哪一條法律？,LEGAL
被依第172-1條移送會怎麼樣？,LEGAL
麻煩解答：聲請發還扣押物適用什麼法條？從裁判看法院的標準是什麼？謝謝,MIXED
臺灣高等法院 臺中分院 115 年度抗字第 518 號刑事裁定判了什麼？,JUDGMENT
麻煩解答：賭博罪的要件是什麼？臺灣高等法院 臺中分院 115 年度金上訴字第 974 號刑事判決是這樣認定的嗎？,MIXED
違反毒品危害防制條例適用什麼法條？從裁判看法院的標準是什麼？,MIXED
有個問題想問：想找臺灣高等法院 115 年度審上訴字第 3562 號刑事裁定的全文,JUDGMENT
想問一下，幫我看看臺灣臺南地方法院 115 年度交簡字第 2411 號刑事判決在講什麼,JUDGMENT
急，有詐欺等被判緩刑的判決嗎？,JUDGMENT
第148條和第280條要怎麼分？,LEGAL
偽造文書印文罪和解之後還會被起訴嗎？,LEGAL
臺灣臺南地方法院 115 年度交易字第 688 號刑事判決判決重點整理,JUDGMENT
聲請發還扣押物上訴成功的案例多嗎？,JUDGMENT
幫我看看臺灣臺南地方法院 115 年度訴字第 2047 號刑事判決在講什麼,JUDGMENT
我在網路上被人公開罵垃圾，算之一 妨害性隱私及不實性影像罪嗎？有沒有判決可以佐證？拜託了,MIXED
不好意思想請教，我開車不小心擦撞到行人，可以要求賠償嗎？依據是什麼？,LEGAL
我買到事故車但車商沒告知，報警有用嗎？警察會怎麼處理？,LEGAL
妨害自由罪的罰金大概多少？謝謝,LEGAL
判決書裡「累犯」是什麼意思？,JUDGMENT
我撿到手機拿去賣了，這犯了什麼法條？法院以前都怎麼判？,MIXED
前男友拿我的私密照威脅我，追訴期是多久？,LEGAL
想請問各位，我買到事故車但車商沒告知，算妨害自由罪嗎？有沒有判決可以佐證？,MIXED
想請問各位，想研究瀆職罪：條文依據和代表性判決都要,MIXED
麻煩解答：臺灣高等法院審理加重詐欺等的裁判找得到嗎？,JUDGMENT
時效跟公共危險罪是一樣的嗎？,LEGAL
同事偷看我的手機訊息，這樣是之一 妨害性隱私及不實性影像罪嗎？,LEGAL
幫我看看臺灣高等法院 高雄分院 115 年度上訴字第 358 號刑事判決在講什麼,JUDGMENT
想請問各位，臺灣臺中地方法院 115 年度中簡字第 1432 號刑事判決這篇裁判的結論是？,JUDGMENT
想請問各位，公共危險罪的要件是什麼？臺灣臺南地方法院 115 年度訴字第 1151 號民事判決是這樣認定的嗎？,MIXED
臺灣高等法院 高雄分院 115 年度抗字第 277 號刑事裁定用了哪些條文？那些條文在規範什麼？,MIXED
想問一下，傷害罪的罰金大概多少？,LEGAL
最近損害賠償的案件都怎麼判？,JUDGMENT
我提供帳戶給別人使用結果被列警示戶，這觸犯哪一條法律？,LEGAL
臺灣臺北地方法院有哪些詐欺犯罪危害防制條例等的案子？,JUDGMENT
有沒有公共危險判很輕的案例？感謝解答,JUDGMENT
急，關於公共危險，法條規定與判決先例幫我整理成重點？,MIXED
請問判決書裡「累犯」是什麼意思？,JUDGMENT
脫逃罪告訴期間過了還能告嗎？,LEGAL
臺灣士林地方法院審理詐欺等的裁判找得到嗎？,JUDGMENT
犯鴉片罪可以易科罰金嗎？,LEGAL
臺灣高等法院 115 年度原侵上訴字第 5 號刑事判決用了哪些條文？那些條文在規範什麼？,MIXED
麻煩解答：想研究瀆職罪：條文依據和代表性判決都要,MIXED
前男友拿我的私密照威脅我，算詐欺背信及重利罪嗎？有沒有判決可以佐證？,MIXED
妨害電腦使用罪的要件是什麼？臺灣臺北地方法院 115 年度審原訴字第 209 號民事裁定是這樣認定的嗎？,MIXED
最近定應執行刑的案件都怎麼判？,JUDGMENT
最近聲請付與卷證影本的案件都怎麼判？,JUDGMENT
第65條和第105條要怎麼分？,LEGAL
想問一下，翻譯一下臺灣臺南地方法院 115 年度易字第 1079 號刑事判決的主文，看不懂,JUDGMENT
何謂外患罪？,LEGAL
臺灣桃園地方法院 115 年度聲保字第 278 號刑事裁定用了哪些條文？那些條文在規範什麼？,MIXED
臺灣高等法院 高雄分院 115 年度上訴字第 686 號刑事判決這篇裁判的結論是？,JUDGMENT
臺灣高等法院有哪些違反銀行法等的案子？,JUDGMENT
臺灣嘉義地方法院 115 年度嘉簡字第 717 號刑事判決被告最後有罪嗎？,JUDGMENT
我提供帳戶給別人使用結果被列警示戶，對方會有什麼刑責？,LEGAL
最近聲請假釋期中交保護管束的案件都怎麼判？謝謝,JUDGMENT
急，我在夜市跟人起衝突推了對方一把，我想知道相關法律規定，還有實際案例的結果,MIXED
不好意思想請教，詐欺適用什麼法條？從裁判看法院的標準是什麼？,MIXED
法例是什麼意思？,LEGAL
請問臺灣高雄地方法院 115 年度侵簡字第 9 號刑事判決的法律見解可以說明嗎？,JUDGMENT
不好意思想請教，解讀一下臺灣士林地方法院 115 年度易字第 510 號刑事裁定,JUDGMENT
急，我買到事故車但車商沒告知，可以要求賠償嗎？依據是什麼？,LEGAL
臺灣高等法院 臺中分院 115 年度聲字第 1011 號刑事裁定判決重點整理,JUDGMENT
請問朋友借我的名義開公司，這犯了什麼法條？法院以前都怎麼判？,MIXED
鄰居的狗衝出來咬傷我，算遺棄罪嗎？有沒有判決可以佐證？,MIXED
刑法有搶奪強盜及海盜罪這種罪嗎？規定在哪？,LEGAL
幫我看看臺灣臺中地方法院 115 年度訴字第 163 號刑事裁定在講什麼,JUDGMENT
解讀一下臺灣高等法院 115 年度聲字第 1889 號刑事裁定,JUDGMENT
我開車不小心擦撞到行人，提告需要什麼證據？,LEGAL
想請問各位，保安處分的法定刑與實際量刑差多少？舉裁判說明,MIXED
我未成年的弟弟騎車撞到人，算公共危險罪嗎？有沒有判決可以佐證？,MIXED
想研究妨害性自主罪：條文依據和代表性判決都要,MIXED
有個問題想問：我小孩在學校被同學打，這犯了什麼法條？法院以前都怎麼判？,MIXED
想研究妨害自由罪：條文依據和代表性判決都要,MIXED
我簽了車貸合約才發現利率超高，法律上我有什麼權利？,LEGAL
臺灣新竹地方法院 115 年度竹簡字第 594 號刑事判決判了什麼？,JUDGMENT
不好意思想請教，親戚過世後叔叔把存摺全領走，法律上我有什麼權利？拜託了,LEGAL
急，幫我看看臺灣臺南地方法院 114 年度訴字第 965 號刑事裁定在講什麼,JUDGMENT
鄰居的狗衝出來咬傷我，我想知道相關法律規定，還有實際案例的結果,MIXED
臺灣新竹地方法院 115 年度竹簡字第 579 號刑事判決這篇裁判的結論是？拜託了,JUDGMENT
急，保安處分跟公共危險罪是一樣的嗎？,LEGAL
臺灣臺南地方法院 115 年度聲字第 989 號刑事裁定判了什麼？,JUDGMENT
請問臺灣臺南地方法院 115 年度易字第 266 號刑事判決判決重點整理,JUDGMENT
臺灣高等法院 臺南分院 115 年度聲保字第 693 號刑事裁定被告最後有罪嗎？,JUDGMENT
麻煩解答：第318條規定的內容，加上實際裁判的運用，一起說明？,MIXED
偽造有價證券罪的罰金大概多少？,LEGAL
翻譯一下臺灣桃園地方法院 114 年度訴字第 1718 號刑事判決的主文，看不懂,JUDGMENT
翻譯一下臺灣高等法院 115 年度審上訴字第 2797 號刑事裁定的主文，看不懂,JUDGMENT
急，我幫朋友作保結果他跑路，這樣是外患罪嗎？,LEGAL
不好意思想請教，我檢舉公司逃漏稅被解僱，算偽造有價證券罪嗎？有沒有判決可以佐證？,MIXED
臺灣桃園地方法院 115 年度簡字第 370 號刑事判決判了什麼？,JUDGMENT
數罪併罰跟賭博罪是一樣的嗎？,LEGAL
請問殺人罪的要件是什麼？臺灣高等法院 臺中分院 115 年度聲字第 1201 號刑事裁定是這樣認定的嗎？拜託了,MIXED
想研究數罪併罰：條文依據和代表性判決都要,MIXED
損害賠償適用什麼法條？從裁判看法院的標準是什麼？,MIXED
麻煩解答：解讀一下臺灣桃園地方法院 115 年度審交簡字第 159 號刑事判決,JUDGMENT
臺灣高雄地方法院 115 年度簡字第 3534 號刑事判決這篇裁判的結論是？,JUDGMENT
請問臺灣桃園地方法院 114 年度易字第 1604 號刑事裁定用了哪些條文？那些條文在規範什麼？,MIXED
急，這個案子歷審結果幫我整理,JUDGMENT
之一 沒收初犯會被關嗎？,LEGAL
刑法有之二 易刑這種罪嗎？規定在哪？,LEGAL
急，妨害秩序罪法條怎麼寫？實務裁判怎麼解釋這條？,MIXED
親戚過世後叔叔把存摺全領走，我想知道相關法律規定，還有實際案例的結果,MIXED
外患罪在法律上怎麼定義？,LEGAL
最近違反公司法等的案件都怎麼判？,JUDGMENT
偽造有價證券罪是什麼意思？,LEGAL
聲請撤銷緩刑一般法院判下來大概多重？,JUDGMENT
有個問題想問：第315-1條規定的內容，加上實際裁判的運用，一起說明,MIXED
急，聲請定其應執行刑上訴成功的案例多嗎？,JUDGMENT
關於家庭暴力之傷害，法條規定與判決先例幫我整理成重點,MIXED
臺灣高等法院 115 年度金上訴字第 4 號刑事判決被告最後有罪嗎？,JUDGMENT
我買到事故車但車商沒告知，這樣算犯罪嗎？,LEGAL
我的機車停在路邊被人騎走，可以告他嗎？依據哪條？有類似判決參考嗎？,MIXED
詐欺等一般法院判下來大概多重？,JUDGMENT
賭博罪在法律上怎麼定義？,LEGAL
定應執行刑上訴成功的案例多嗎？,JUDGMENT
殺人罪初犯會被關嗎？,LEGAL
關於偽造文書等，法條規定與判決先例幫我整理成重點,MIXED
室友一直偷拿我的東西，這樣算犯罪嗎？,LEGAL
臺灣南投地方法院 115 年度投簡字第 399 號刑事判決被告最後有罪嗎？,JUDGMENT
我小孩在學校被同學打，算之一 沒收嗎？有沒有判決可以佐證？,MIXED
臺灣桃園地方法院 115 年度補字第 875 號民事裁定的法律見解可以說明嗎？,JUDGMENT
妨害公務罪是什麼意思？,LEGAL
室友欠房租跑掉房東要我全付，可以要求賠償嗎？依據是什麼？,LEGAL
有個問題想問：有人在社群貼文造謠我們公司，算妨害自由罪嗎？有沒有判決可以佐證？,MIXED
有個問題想問：台灣刑法對傷害罪的處罰重嗎？,LEGAL
請問臺灣高等法院 115 年度原上訴字第 159 號刑事裁定為什麼會這樣判？,JUDGMENT
妨害婚姻及家庭罪是什麼意思？,LEGAL
第299條規定的內容，加上實際裁判的運用，一起說明,MIXED
我把公司資料帶去新公司用，這犯了什麼法條？法院以前都怎麼判？,MIXED
第362條和第186條要怎麼分？拜託了,LEGAL
臺灣嘉義地方法院 115 年度聲字第 429 號刑事裁定為什麼會這樣判？謝謝,JUDGMENT
想問一下，想看幾篇聲請定其應執行刑等的裁判書,JUDGMENT
想問一下，犯鴉片罪可以易科罰金嗎？,LEGAL
臺灣臺南地方法院 115 年度交簡字第 2216 號刑事判決判決重點整理？感謝解答,JUDGMENT
想請問各位，最近損害賠償的案件都怎麼判？,JUDGMENT
麻煩解答：我在停車場被人刮車，這犯了什麼法條？法院以前都怎麼判？,MIXED
有詐欺被判緩刑的判決嗎？感謝解答,JUDGMENT
臺灣高等法院 高雄分院 115 年度聲保字第 332 號刑事裁定用了哪些條文？那些條文在規範什麼？謝謝,MIXED
臺灣桃園地方法院 115 年度審交訴字第 53 號刑事裁定為什麼會這樣判？,JUDGMENT
請問臺灣臺中地方法院 113 年度金訴字第 3846 號刑事判決用了哪些條文？那些條文在規範什麼？,MIXED
妨害國交罪告訴期間過了還能告嗎？,LEGAL
被依第43條移送會怎麼樣？,LEGAL
想問一下，我的照片被拿去做迷因圖，這樣的案件法條怎麼規定？實務上判賠多少？,MIXED
不好意思想請教，我被前公司控告洩漏營業秘密，可以要求賠償嗎？依據是什麼？感謝解答,LEGAL
臺灣新北地方法院 115 年度審附民字第 1375 號刑事判決用了哪些條文？那些條文在規範什麼？謝謝,MIXED
我簽了車貸合約才發現利率超高，這犯了什麼法條？法院以前都怎麼判？求解,MIXED
臺灣士林地方法院審理定應執行刑的裁判找得到嗎？,JUDGMENT
我被誣賴偷東西，這犯了什麼法條？法院以前都怎麼判？,MIXED
第332條是在講什麼的？求解,LEGAL
有人冒用我的名義辦門號，這樣的案件法條怎麼規定？實務上判賠多少？,MIXED
急，臺灣高等法院 115 年度聲字第 2304 號刑事裁定這篇裁判的結論是？,JUDGMENT
竊盜的裁判實務上多嗎？,JUDGMENT
第40-2條條文內容是什麼？,LEGAL
麻煩解答：有過失傷害被判緩刑的判決嗎？,JUDGMENT
贓物罪跟緩刑是一樣的嗎？,LEGAL
我檢舉公司逃漏稅被解僱，可以告他嗎？依據哪條？有類似判決參考嗎？,MIXED
公共危險罪的要件是什麼？臺灣高等法院 115 年度上易字第 715 號刑事判決是這樣認定的嗎？,MIXED
請問未成年犯偽證及誣告罪會怎麼處理？,LEGAL
刑之酌科及加減在法律上怎麼定義？,LEGAL
網拍賣家收錢不出貨，這犯了什麼法條？法院以前都怎麼判？,MIXED
不好意思想請教，殺人罪在法律上怎麼定義？,LEGAL
鄰居半夜施工吵到我報警也沒用，這樣的案件法條怎麼規定？實務上判賠多少？,MIXED
第213條是在講什麼的？,LEGAL
之二 易刑的要件是什麼？臺灣新北地方法院 115 年度聲字第 2311 號刑事裁定是這樣認定的嗎？,MIXED
想找臺灣高等法院 臺中分院 115 年度金上訴字第 1099 號刑事裁定的全文,JUDGMENT
急，未成年犯妨害公務罪會怎麼處理？,LEGAL
朋友借我的名義開公司，我想知道相關法律規定，還有實際案例的結果,MIXED
我在停車場被人刮車，可以告他嗎？依據哪條？有類似判決參考嗎？求解,MIXED
臺灣臺北地方法院 115 年度審原訴字第 211 號民事裁定這篇裁判的結論是？,JUDGMENT
數罪併罰的要件是什麼？臺灣嘉義地方法院 115 年度易字第 618 號刑事判決是這樣認定的嗎？,MIXED
臺灣桃園地方法院 115 年度壢簡字第 1182 號刑事判決判決重點整理,JUDGMENT
想問一下，竊盜的裁判實務上多嗎？,JUDGMENT
急，有人檢舉我違建要拆我房子，提告需要什麼證據？,LEGAL
不好意思想請教，幫我找毒品危害防制條例相關的判決,JUDGMENT
我被跟蹤騷擾了好幾個月，這觸犯哪一條法律？,LEGAL
請問外送餐點被鄰居偷走，報警有用嗎？警察會怎麼處理？,LEGAL
想請問各位，老闆叫我簽本票才能離職，算毀棄損壞罪嗎？有沒有判決可以佐證？,MIXED
臺灣桃園地方法院 115 年度桃簡字第 88 號刑事判決為什麼會這樣判？,JUDGMENT
妨害秘密罪的要件是什麼？臺灣臺南地方法院 115 年度聲字第 1387 號刑事裁定是這樣認定的嗎？,MIXED
關於詐欺等，法條規定與判決先例幫我整理成重點,MIXED
請求賠償損害一般法院判下來大概多重？,JUDGMENT
想請問各位，解讀一下臺灣高雄地方法院 114 年度審原訴字第 78 號刑事裁定？感謝解答,JUDGMENT
不好意思想請教，有沒有停止執行判很輕的案例？,JUDGMENT
數罪併罰在法律上怎麼定義？,LEGAL
有個問題想問：室友欠房租跑掉房東要我全付，法律規定和法院實務見解都幫我查,MIXED
急，詐欺背信及重利罪是什麼意思？,LEGAL
麻煩解答：刑在法律上怎麼定義？,LEGAL
臺灣苗栗地方法院 115 年度訴字第 465 號刑事裁定用了哪些條文？那些條文在規範什麼？,MIXED
想請問各位，親戚過世後叔叔把存摺全領走，這樣是妨害秘密罪嗎？,LEGAL
內亂罪告訴期間過了還能告嗎？,LEGAL
第289條條文內容是什麼？,LEGAL
刑法有褻瀆祀典及侵害墳墓屍體罪這種罪嗎？規定在哪？,LEGAL
想研究假釋：條文依據和代表性判決都要,MIXED
室友欠房租跑掉房東要我全付，這樣是偽造有價證券罪嗎？,LEGAL
想請問各位，被依第277條移送會怎麼樣？,LEGAL
未成年犯妨害性自主罪會怎麼處理？,LEGAL
妨害秩序罪被起訴後流程大概是怎樣？,LEGAL
關於沒入保證金，法條規定與判決先例幫我整理成重點？,MIXED
有個問題想問：之一 藐視國會罪和解之後還會被起訴嗎？,LEGAL
台灣刑法對妨害秩序罪的處罰重嗎？,LEGAL
偽造文書印文罪的法定刑與實際量刑差多少？舉裁判說明？感謝解答,MIXED
判決書裡「無罪推定」是什麼意思？,JUDGMENT
麻煩解答：聲明異議的裁判實務上多嗎？,JUDGMENT
第250條規定的內容，加上實際裁判的運用，一起說明,MIXED
被依第209條移送會怎麼樣？,LEGAL
我被跟蹤騷擾了好幾個月，我可以提告嗎？,LEGAL
朋友借我的名義開公司，算刑之酌科及加減嗎？有沒有判決可以佐證？,MIXED
不好意思想請教，臺灣高雄地方法院 115 年度審交訴字第 110 號刑事裁定判決重點整理,JUDGMENT
臺灣臺南地方法院審理詐欺等的裁判找得到嗎？,JUDGMENT
想請問各位，請求損害賠償上訴成功的案例多嗎？,JUDGMENT
瀆職罪法條怎麼寫？實務裁判怎麼解釋這條？,MIXED
想問一下，刑法有瀆職罪這種罪嗎？規定在哪？,LEGAL
臺灣桃園地方法院 113 年度訴字第 1674 號民事裁定用了哪些條文？那些條文在規範什麼？,MIXED
我在夜市跟人起衝突推了對方一把，法律規定和法院實務見解都幫我查,MIXED
頂替罪適用什麼法條？從裁判看法院的標準是什麼？求解,MIXED
被依第125條移送會怎麼樣？,LEGAL
我幫朋友作保結果他跑路，法律上我有什麼權利？,LEGAL
褻瀆祀典及侵害墳墓屍體罪跟妨害秘密罪是一樣的嗎？,LEGAL
急，臺灣新北地方法院 115 年度聲字第 1941 號刑事裁定判了什麼？,JUDGMENT
我被誣賴偷東西，我想知道相關法律規定，還有實際案例的結果,MIXED
不好意思想請教，臺灣屏東地方法院 115 年度交簡字第 839 號刑事判決用了哪些條文？那些條文在規範什麼？,MIXED
我檢舉公司逃漏稅被解僱，我可以提告嗎？,LEGAL
偽造度量衡罪在法律上怎麼定義？,LEGAL
最高法院 115 年度台上字第 3054 號刑事判決用了哪些條文？那些條文在規範什麼？,MIXED
我未成年的弟弟騎車撞到人，這犯了什麼法條？法院以前都怎麼判？,MIXED
有個問題想問：之一  妨害風化罪初犯會被關嗎？,LEGAL
想問一下，關於違反組織犯罪防制條例等，法條規定與判決先例幫我整理成重點？,MIXED
急，我被跟蹤騷擾了好幾個月，我可以提告嗎？,LEGAL
第71條規定的內容，加上實際裁判的運用，一起說明？求解,MIXED
麻煩解答：第267條和第343條要怎麼分？,LEGAL
請問幫我看看臺灣高等法院 臺南分院 115 年度交上易字第 361 號刑事判決在講什麼,JUDGMENT
加重竊盜上訴成功的案例多嗎？,JUDGMENT
妨害性自主罪法條怎麼寫？實務裁判怎麼解釋這條？求解,MIXED
想請問各位，我的機車停在路邊被人騎走，算公共危險罪嗎？有沒有判決可以佐證？,MIXED
傷害罪告訴期間過了還能告嗎？拜託了,LEGAL
瀆職罪的要件是什麼？臺灣橋頭地方法院 115 年度易字第 796 號刑事裁定是這樣認定的嗎？,MIXED
刑法有妨害自由罪這種罪嗎？規定在哪？,LEGAL
麻煩解答：前男友拿我的私密照威脅我，這樣是公共危險罪嗎？,LEGAL
刑法有瀆職罪這種罪嗎？規定在哪？,LEGAL
請問第344-1條規定的內容，加上實際裁判的運用，一起說明,MIXED
想問一下，醫生開刀開錯位置，可以告他嗎？依據哪條？有類似判決參考嗎？,MIXED
不好意思想請教，保安處分的要件是什麼？臺灣桃園地方法院 115 年度聲字第 1821 號刑事裁定是這樣認定的嗎？,MIXED
有個問題想問：室友欠房租跑掉房東要我全付，我想知道相關法律規定，還有實際案例的結果,MIXED
搶奪強盜及海盜罪的要件是什麼？臺灣臺南地方法院 115 年度訴字第 2594 號刑事判決是這樣認定的嗎？,MIXED
急，時效告訴期間過了還能告嗎？,LEGAL
公共危險罪告訴期間過了還能告嗎？,LEGAL
未成年犯刑會怎麼處理？,LEGAL
我撿到手機拿去賣了，算妨害秘密罪嗎？有沒有判決可以佐證？,MIXED
洗錢防制法等一般法院判下來大概多重？,JUDGMENT
我幫朋友作保結果他跑路，算時效嗎？有沒有判決可以佐證？,MIXED
臺中高等行政法院 高等庭 115 年度簡上字第 19 號判決這篇裁判的結論是？,JUDGMENT
妨害秩序罪和解之後還會被起訴嗎？,LEGAL
不好意思想請教，臺灣臺南地方法院 115 年度簡字第 2778 號刑事判決為什麼會這樣判？,JUDGMENT
想請問各位，臺灣高雄地方法院 115 年度聲字第 1131 號刑事裁定被告最後有罪嗎？,JUDGMENT
關於詐欺等，法條規定與判決先例幫我整理成重點？,MIXED
球場打球被故意肘擊受傷，報警有用嗎？警察會怎麼處理？,LEGAL
幫我看看臺灣桃園地方法院 115 年度聲字第 1912 號刑事裁定在講什麼,JUDGMENT
麻煩解答：關於過失傷害，法條規定與判決先例幫我整理成重點？謝謝,MIXED
有人在社群貼文造謠我們公司，我想知道相關法律規定，還有實際案例的結果？謝謝,MIXED
公共危險罪的要件是什麼？臺灣臺北地方法院 115 年度審原訴字第 209 號民事裁定是這樣認定的嗎？拜託了,MIXED
想請問各位，公共危險罪的法定刑與實際量刑差多少？舉裁判說明？拜託了,MIXED
瀆職罪的要件是什麼？臺灣新竹地方法院 115 年度竹小字第 280 號民事判決是這樣認定的嗎？,MIXED
家暴妨害性自主一般法院判下來大概多重？,JUDGMENT
想問一下，內亂罪法條怎麼寫？實務裁判怎麼解釋這條？,MIXED
藏匿人犯及湮滅證據罪的法定刑與實際量刑差多少？舉裁判說明？謝謝,MIXED
臺灣高雄地方法院 115 年度易字第 295 號刑事裁定的法律見解可以說明嗎？,JUDGMENT
同事偷看我的手機訊息，算保安處分嗎？有沒有判決可以佐證？,MIXED
想請問各位，詐欺適用什麼法條？從裁判看法院的標準是什麼？,MIXED
刑之酌科及加減跟妨害電腦使用罪是一樣的嗎？,LEGAL
朋友借我的名義開公司，這樣是妨害性自主罪嗎？,LEGAL
請問外送餐點被鄰居偷走，這犯了什麼法條？法院以前都怎麼判？,MIXED
褻瀆祀典及侵害墳墓屍體罪的法定刑與實際量刑差多少？舉裁判說明,MIXED
前男友拿我的私密照威脅我，這犯了什麼法條？法院以前都怎麼判？求解,MIXED
我的機車停在路邊被人騎走，這樣算犯罪嗎？,LEGAL
麻煩解答：幫我找定應執行刑相關的判決,JUDGMENT
有人在社群貼文造謠我們公司，法律上我有什麼權利？,LEGAL
請問外送餐點被鄰居偷走，算傷害罪嗎？有沒有判決可以佐證？,MIXED
室友欠房租跑掉房東要我全付，這樣是鴉片罪嗎？,LEGAL
妨害國交罪是什麼意思？,LEGAL
想請問各位，網拍賣家收錢不出貨，這樣是妨害婚姻及家庭罪嗎？,LEGAL
房東沒經過我同意進我房間，可以告他嗎？依據哪條？有類似判決參考嗎？,MIXED
違反保護令上訴成功的案例多嗎？,JUDGMENT
搶奪一般法院判下來大概多重？,JUDGMENT
請問想找臺灣桃園地方法院 115 年度聲字第 2230 號刑事裁定的全文,JUDGMENT
麻煩解答：關於違反毒品危害防制條例，法條規定與判決先例幫我整理成重點,MIXED
臺灣宜蘭地方法院 115 年度訴字第 351 號刑事判決這篇裁判的結論是？,JUDGMENT
外送餐點被鄰居偷走，報警有用嗎？警察會怎麼處理？,LEGAL
前男友拿我的私密照威脅我，這樣是公共危險罪嗎？,LEGAL
關於竊盜，法條規定與判決先例幫我整理成重點,MIXED
不好意思想請教，鄰居半夜施工吵到我報警也沒用，我可以提告嗎？,LEGAL
有人檢舉我違建要拆我房子，我想知道相關法律規定，還有實際案例的結果？,MIXED
請問前男友拿我的私密照威脅我，算贓物罪嗎？有沒有判決可以佐證？,MIXED
臺灣南投地方法院 115 年度投交簡字第 230 號刑事判決被告最後有罪嗎？,JUDGMENT
急，鄰居的狗衝出來咬傷我，可以告他嗎？依據哪條？有類似判決參考嗎？,MIXED
幫我看看臺灣高等法院 114 年度上重訴字第 35 號刑事裁定在講什麼,JUDGMENT
我被前公司控告洩漏營業秘密，算詐欺背信及重利罪嗎？有沒有判決可以佐證？求解,MIXED
妨害電腦使用罪的法定刑與實際量刑差多少？舉裁判說明,MIXED
我被前公司控告洩漏營業秘密，這樣的案件法條怎麼規定？實務上判賠多少？拜託了,MIXED
第304條條文內容是什麼？,LEGAL
何謂公共危險罪？,LEGAL
請問我把公司資料帶去新公司用，對方會有什麼刑責？,LEGAL
急，想研究妨害秩序罪：條文依據和代表性判決都要,MIXED
網拍賣家收錢不出貨，我可以提告嗎？,LEGAL
不好意思想請教，詐欺背信及重利罪和解之後還會被起訴嗎？,LEGAL
有個問題想問：外送餐點被鄰居偷走，這樣是侵占罪嗎？,LEGAL
有個問題想問：這份裁判書幫我做摘要,JUDGMENT
刑被起訴後流程大概是怎樣？,LEGAL
我的機車停在路邊被人騎走，算偽造有價證券罪嗎？有沒有判決可以佐證？,MIXED
有人在社群貼文造謠我們公司，這樣是公共危險罪嗎？感謝解答,LEGAL
臺灣高等法院 臺中分院 115 年度聲字第 1224 號刑事裁定判決重點整理？謝謝,JUDGMENT
臺灣高等法院有哪些違反貪污治罪條例等的案子？拜託了,JUDGMENT
不好意思想請教，第45條條文內容是什麼？,LEGAL
臺灣高等法院有哪些洗錢防制法等的案子？,JUDGMENT
急，有人冒用我的名義辦門號，對方會有什麼刑責？求解,LEGAL
妨害性自主罪的要件是什麼？臺灣臺北地方法院 115 年度訴字第 196 號刑事裁定是這樣認定的嗎？,MIXED
臺灣新竹地方法院有哪些請求賠償損害的案子？,JUDGMENT
被依第287條移送會怎麼樣？,LEGAL
請問判決書裡「沒收追徵」是什麼意思？,JUDGMENT
犯之一 妨害司法公正罪可以易科罰金嗎？,LEGAL
有個問題想問：室友一直偷拿我的東西，可以告他嗎？依據哪條？有類似判決參考嗎？,MIXED
不好意思想請教，未成年犯公共危險罪會怎麼處理？,LEGAL
有個問題想問：親戚過世後叔叔把存摺全領走，我可以提告嗎？,LEGAL
想研究正犯與共犯：條文依據和代表性判決都要,MIXED
何謂之一 沒收？,LEGAL
有人用我的照片開假帳號，法律規定和法院實務見解都幫我查,MIXED
妨害自由罪的要件是什麼？臺灣高等法院 115 年度上訴字第 880 號刑事裁定是這樣認定的嗎？,MIXED
有沒有聲請發還保證金判很輕的案例？,JUDGMENT
臺灣基隆地方法院 115 年度基簡字第 547 號刑事判決判決重點整理,JUDGMENT
我在夜市跟人起衝突推了對方一把，這樣的案件法條怎麼規定？實務上判賠多少？,MIXED
妨害公務罪初犯會被關嗎？,LEGAL
想請問各位，我的照片被拿去做迷因圖，算之一  妨害風化罪嗎？有沒有判決可以佐證？,MIXED
有竊盜被判緩刑的判決嗎？,JUDGMENT
第74條規定的內容，加上實際裁判的運用，一起說明,MIXED
臺灣臺南地方法院 115 年度簡字第 3363 號刑事判決被告最後有罪嗎？,JUDGMENT
解讀一下臺灣南投地方法院 115 年度投交簡字第 230 號刑事判決,JUDGMENT
麻煩解答：被依第347條移送會怎麼樣？,LEGAL
急，幫我找撤銷緩刑相關的判決,JUDGMENT
幫我比較這兩篇判決的差異？,JUDGMENT
請問我檢舉公司逃漏稅被解僱，法律規定和法院實務見解都幫我查,MIXED
臺灣高等法院 臺中分院 115 年度上訴字第 378 號刑事判決判決重點整理,JUDGMENT
有個問題想問：臺灣高等法院 臺中分院 115 年度聲字第 1269 號刑事裁定為什麼會這樣判？,JUDGMENT
臺灣桃園地方法院 115 年度聲字第 2213 號刑事裁定的法律見解可以說明嗎？,JUDGMENT
第87條規定的內容，加上實際裁判的運用，一起說明,MIXED
我的照片被拿去做迷因圖，可以告他嗎？依據哪條？有類似判決參考嗎？謝謝,MIXED
公共危險罪是什麼意思？,LEGAL
第204條和第159條要怎麼分？,LEGAL
解讀一下臺灣臺南地方法院 115 年度交簡字第 1966 號刑事判決？,JUDGMENT
醫生開刀開錯位置，這犯了什麼法條？法院以前都怎麼判？求解,MIXED
想問一下，臺灣基隆地方法院審理詐欺等的裁判找得到嗎？,JUDGMENT
第54條條文內容是什麼？,LEGAL
請問有人用我的照片開假帳號，算之二 易刑嗎？有沒有判決可以佐證？,MIXED
急，我被誣賴偷東西，提告需要什麼證據？,LEGAL
數罪併罰跟保安處分是一樣的嗎？,LEGAL
急，我提供帳戶給別人使用結果被列警示戶，追訴期是多久？,LEGAL
法例法條怎麼寫？實務裁判怎麼解釋這條？謝謝,MIXED
第146條條文內容是什麼？,LEGAL
想問一下，臺灣高等法院有哪些不服具保停止羈押等的案子？,JUDGMENT
我檢舉公司逃漏稅被解僱，法律上我有什麼權利？拜託了,LEGAL
刑法有未遂犯這種罪嗎？規定在哪？,LEGAL
墮胎罪的要件是什麼？臺灣高等法院 臺中分院 115 年度抗字第 220 號民事裁定是這樣認定的嗎？,MIXED
幫我看看臺灣臺南地方法院 115 年度易字第 1495 號刑事判決在講什麼,JUDGMENT
請問最近公共危險的案件都怎麼判？,JUDGMENT
不好意思想請教，被依第351條移送會怎麼樣？,LEGAL
我小孩在學校被同學打，這樣是法例嗎？,LEGAL
我開車不小心擦撞到行人，可以告他嗎？依據哪條？有類似判決參考嗎？,MIXED
解讀一下臺灣高等法院 115 年度聲保字第 914 號刑事裁定？,JUDGMENT
臺灣桃園地方法院 115 年度桃簡字第 1009 號刑事判決用了哪些條文？那些條文在規範什麼？,MIXED
臺灣士林地方法院 115 年度單禁沒字第 225 號刑事裁定用了哪些條文？那些條文在規範什麼？,MIXED
想請問各位，臺灣高等法院有哪些聲請定其應執行刑的案子？,JUDGMENT
臺灣士林地方法院 115 年度單禁沒字第 252 號刑事裁定的法律見解可以說明嗎？謝謝,JUDGMENT
傷害罪的要件是什麼？臺灣臺中地方法院 115 年度審金訴字第 53 號刑事裁定是這樣認定的嗎？,MIXED
請問臺灣高等法院 115 年度上訴字第 1782 號刑事裁定用了哪些條文？那些條文在規範什麼？,MIXED
麻煩解答：台灣刑法對詐欺背信及重利罪的處罰重嗎？,LEGAL
急，第93條條文內容是什麼？,LEGAL
解讀一下臺灣士林地方法院 115 年度聲字第 950 號刑事裁定,JUDGMENT
想找臺灣士林地方法院 115 年度聲字第 991 號刑事裁定的全文,JUDGMENT
有個問題想問：第303條規定的內容，加上實際裁判的運用，一起說明,MIXED
請問鄰居半夜施工吵到我報警也沒用，法律規定和法院實務見解都幫我查,MIXED
鴉片罪的法定刑與實際量刑差多少？舉裁判說明,MIXED
有聲請撤銷緩刑被判緩刑的判決嗎？,JUDGMENT
室友一直偷拿我的東西，這犯了什麼法條？法院以前都怎麼判？,MIXED
有沒有沒入保證金判很輕的案例？,JUDGMENT
想問一下，臺灣臺南地方法院 115 年度交簡字第 2643 號刑事判決判決重點整理,JUDGMENT
醫生開刀開錯位置，可以告他嗎？依據哪條？有類似判決參考嗎？,MIXED
墮胎罪的法定刑與實際量刑差多少？舉裁判說明？感謝解答,MIXED
台灣刑法對保安處分的處罰重嗎？,LEGAL
想問一下，臺灣桃園地方法院 115 年度聲字第 2025 號刑事裁定這篇裁判的結論是？,JUDGMENT
我被跟蹤騷擾了好幾個月，可以告他嗎？依據哪條？有類似判決參考嗎？,MIXED
急，我被前公司控告洩漏營業秘密，法律規定和法院實務見解都幫我查,MIXED
急，臺灣高等法院 臺南分院 115 年度聲保字第 702 號刑事裁定判了什麼？,JUDGMENT
最近聲請具保停止羈押的案件都怎麼判？,JUDGMENT
詐欺背信及重利罪和解之後還會被起訴嗎？,LEGAL
前男友拿我的私密照威脅我，這樣的案件法條怎麼規定？實務上判賠多少？,MIXED
緩刑被起訴後流程大概是怎樣？,LEGAL
法例初犯會被關嗎？,LEGAL
房東沒經過我同意進我房間，這觸犯哪一條法律？,LEGAL
老闆叫我簽本票才能離職，這樣算犯罪嗎？,LEGAL
傷害罪告訴期間過了還能告嗎？,LEGAL
室友欠房租跑掉房東要我全付，法律規定和法院實務見解都幫我查,MIXED
我把公司資料帶去新公司用，這樣是瀆職罪嗎？,LEGAL
請問關於定應執行之刑，法條規定與判決先例幫我整理成重點,MIXED
我的機車停在路邊被人騎走，我想知道相關法律規定，還有實際案例的結果,MIXED
急，刑事責任的要件是什麼？臺灣南投地方法院 115 年度易字第 278 號刑事判決是這樣認定的嗎？,MIXED
想請問各位，有沒有公共危險判很輕的案例？,JUDGMENT
我檢舉公司逃漏稅被解僱，提告需要什麼證據？,LEGAL
我撿到手機拿去賣了，這觸犯哪一條法律？,LEGAL
臺灣南投地方法院 115 年度埔交簡字第 100 號刑事判決用了哪些條文？那些條文在規範什麼？,MIXED
麻煩解答：外患罪被起訴後流程大概是怎樣？,LEGAL
台灣刑法對殺人罪的處罰重嗎？,LEGAL
臺灣南投地方法院有哪些假釋中交付保護管束的案子？,JUDGMENT
不好意思想請教，累犯的罰金大概多少？,LEGAL
臺灣臺東地方法院 115 年度金訴字第 9 號刑事判決判決重點整理,JUDGMENT
不好意思想請教，臺灣士林地方法院 115 年度聲字第 1031 號刑事裁定判決重點整理,JUDGMENT
臺灣高等法院 115 年度聲字第 1812 號刑事裁定判決重點整理,JUDGMENT
外患罪的要件是什麼？臺灣南投地方法院 115 年度訴字第 76 號刑事裁定是這樣認定的嗎？,MIXED
有聲請假釋期中付保護管束被判緩刑的判決嗎？,JUDGMENT
臺灣高等法院 高雄分院 115 年度聲再字第 73 號刑事裁定這篇裁判的結論是？,JUDGMENT
臺灣高等法院 115 年度聲字第 1938 號刑事裁定的法律見解可以說明嗎？,JUDGMENT
急，竊盜罪法條怎麼寫？實務裁判怎麼解釋這條？,MIXED
想問一下，第197條規定的內容，加上實際裁判的運用，一起說明,MIXED
我開車不小心擦撞到行人，報警有用嗎？警察會怎麼處理？,LEGAL
不好意思想請教，幫我看看臺灣高等法院 臺中分院 115 年度金上訴字第 1423 號刑事判決在講什麼,JUDGMENT
之一 妨害司法公正罪的法定刑與實際量刑差多少？舉裁判說明,MIXED
第275條規定的內容，加上實際裁判的運用，一起說明？,MIXED
臺灣嘉義地方法院 115 年度聲字第 551 號刑事裁定用了哪些條文？那些條文在規範什麼？,MIXED
第214條和第330條要怎麼分？,LEGAL
未成年犯偽造文書印文罪會怎麼處理？,LEGAL
急，犯鴉片罪可以易科罰金嗎？謝謝,LEGAL
麻煩解答：我在停車場被人刮車，法律規定和法院實務見解都幫我查？,MIXED
急，醫生開刀開錯位置，需要負法律責任嗎？,LEGAL
請問假釋初犯會被關嗎？,LEGAL
最近公共危險的案件都怎麼判？,JUDGMENT
急，傷害適用什麼法條？從裁判看法院的標準是什麼？,MIXED
急，關於詐欺等，法條規定與判決先例幫我整理成重點,MIXED
麻煩解答：臺灣新北地方法院 115 年度審易字第 1143 號刑事裁定判決重點整理,JUDGMENT
請問關於違反廢棄物清理法，法條規定與判決先例幫我整理成重點,MIXED
想問一下，第311條是在講什麼的？,LEGAL
想看幾篇定應執行刑的裁判書,JUDGMENT
請問臺灣臺北地方法院 115 年度訴字第 196 號刑事裁定用了哪些條文？那些條文在規範什麼？,MIXED
想問一下，刑事責任在法律上怎麼定義？,LEGAL
我幫朋友作保結果他跑路，算數罪併罰嗎？有沒有判決可以佐證？,MIXED
有個問題想問：詐欺等適用什麼法條？從裁判看法院的標準是什麼？,MIXED
外患罪的要件是什麼？臺灣高等法院 臺中分院 115 年度聲字第 1084 號刑事裁定是這樣認定的嗎？,MIXED
偽造度量衡罪的要件是什麼？臺灣臺南地方法院 115 年度簡字第 2778 號刑事判決是這樣認定的嗎？,MIXED
想請問各位，贓物罪的罰金大概多少？,LEGAL
公司要我自願離職不給資遣費，算侵占罪嗎？有沒有判決可以佐證？,MIXED
翻譯一下臺灣橋頭地方法院 112 年度原訴字第 12 號刑事裁定的主文，看不懂,JUDGMENT
解讀一下臺灣臺南地方法院 115 年度易字第 901 號刑事判決,JUDGMENT
鄰居的狗衝出來咬傷我，需要負法律責任嗎？,LEGAL
最近妨害秩序等的案件都怎麼判？,JUDGMENT
有業務侵占罪被判緩刑的判決嗎？,JUDGMENT
最近聲請發還扣押物的案件都怎麼判？拜託了,JUDGMENT
過失致死適用什麼法條？從裁判看法院的標準是什麼？,MIXED
急，臺灣桃園地方法院 115 年度審交簡字第 158 號刑事判決被告最後有罪嗎？,JUDGMENT
有個問題想問：第302-1條規定的內容，加上實際裁判的運用，一起說明,MIXED
犯妨害秩序罪可以易科罰金嗎？,LEGAL
聲請觀察勒戒適用什麼法條？從裁判看法院的標準是什麼？,MIXED
臺灣士林地方法院 115 年度附民字第 188 號刑事判決判決重點整理,JUDGMENT
想問一下，累犯的要件是什麼？臺灣臺南地方法院 115 年度訴字第 2563 號刑事判決是這樣認定的嗎？,MIXED
想找臺灣桃園地方法院 115 年度單聲沒字第 87 號刑事裁定的全文,JUDGMENT
幫我找妨害自由等相關的判決？感謝解答,JUDGMENT
第356條規定的內容，加上實際裁判的運用，一起說明,MIXED
前男友拿我的私密照威脅我，算未遂犯嗎？有沒有判決可以佐證？,MIXED
第341條和第304條要怎麼分？,LEGAL
麻煩解答：想找臺灣高等法院 臺中分院 115 年度金上訴字第 1560 號刑事裁定的全文,JUDGMENT
急，緩刑的要件是什麼？臺灣臺南地方法院 115 年度訴字第 1150 號民事判決是這樣認定的嗎？,MIXED
請問想找臺灣桃園地方法院 115 年度聲字第 2401 號刑事裁定的全文,JUDGMENT
我的機車停在路邊被人騎走，這犯了什麼法條？法院以前都怎麼判？,MIXED
臺灣高等法院 臺南分院 115 年度上訴字第 1385 號刑事裁定這篇裁判的結論是？感謝解答,JUDGMENT
不好意思想請教，關於竊盜，法條規定與判決先例幫我整理成重點,MIXED
不好意思想請教，公共危險適用什麼法條？從裁判看法院的標準是什麼？,MIXED
急，翻譯一下臺灣桃園地方法院 115 年度聲字第 2217 號刑事裁定的主文，看不懂,JUDGMENT
請問之一  妨害風化罪在法律上怎麼定義？,LEGAL
詐欺一般法院判下來大概多重？,JUDGMENT
不好意思想請教，我檢舉公司逃漏稅被解僱，可以告他嗎？依據哪條？有類似判決參考嗎？,MIXED
殺人罪的法定刑與實際量刑差多少？舉裁判說明,MIXED
急，臺灣桃園地方法院 115 年度審交易字第 408 號刑事判決用了哪些條文？那些條文在規範什麼？,MIXED
第318-1條和第86條要怎麼分？,LEGAL
想請問各位，同事偷看我的手機訊息，對方會有什麼刑責？,LEGAL
聲請假釋期中交付保護管束上訴成功的案例多嗎？,JUDGMENT
有個問題想問：房東沒經過我同意進我房間，報警有用嗎？警察會怎麼處理？,LEGAL
偽造度量衡罪跟妨害秘密罪是一樣的嗎？,LEGAL
臺灣高等法院 臺南分院 115 年度聲保字第 696 號刑事裁定被告最後有罪嗎？,JUDGMENT
想請問各位，家庭暴力罪之傷害適用什麼法條？從裁判看法院的標準是什麼？,MIXED
急，被依第144條移送會怎麼樣？,LEGAL
刑法有刑事責任這種罪嗎？規定在哪？求解,LEGAL
想問一下，第32條規定的內容，加上實際裁判的運用，一起說明,MIXED
最近科技設備監控的案件都怎麼判？,JUDGMENT
有個問題想問：判決書裡「假釋」是什麼意思？,JUDGMENT
急，室友欠房租跑掉房東要我全付，法律上我有什麼權利？,LEGAL
第300條和第78-1條要怎麼分？,LEGAL
我買到事故車但車商沒告知，算偽造貨幣罪嗎？有沒有判決可以佐證？,MIXED
想請問各位，我被詐騙集團騙了三十萬，報警有用嗎？警察會怎麼處理？,LEGAL
請問第55條規定的內容，加上實際裁判的運用，一起說明,MIXED
想請問各位，我的照片被拿去做迷因圖，這樣的案件法條怎麼規定？實務上判賠多少？,MIXED
定應執行刑一般法院判下來大概多重？,JUDGMENT
請問鴉片罪的要件是什麼？臺灣高等法院 臺中分院 115 年度聲字第 1213 號刑事裁定是這樣認定的嗎？,MIXED
臺灣彰化地方法院 115 年度聲字第 883 號刑事裁定的法律見解可以說明嗎？,JUDGMENT
公共危險一般法院判下來大概多重？謝謝,JUDGMENT
想找臺灣高等法院 臺中分院 115 年度金上訴字第 1050 號刑事判決的全文,JUDGMENT
我撿到手機拿去賣了，法律規定和法院實務見解都幫我查？,MIXED
臺灣橋頭地方法院 114 年度審訴字第 495 號刑事判決的法律見解可以說明嗎？,JUDGMENT
第269條是在講什麼的？,LEGAL
我被跟蹤騷擾了好幾個月，我想知道相關法律規定，還有實際案例的結果,MIXED
不好意思想請教，想看幾篇聲請發還保證金的裁判書,JUDGMENT
麻煩解答：有沒有損害賠償判很輕的案例？求解,JUDGMENT
偽造度量衡罪的法定刑與實際量刑差多少？舉裁判說明,MIXED
臺灣臺北地方法院有哪些聲請定其應執行刑的案子？,JUDGMENT
第265條是在講什麼的？,LEGAL
臺灣臺南地方法院 115 年度交簡字第 2101 號刑事判決用了哪些條文？那些條文在規範什麼？拜託了,MIXED
傷害罪法條怎麼寫？實務裁判怎麼解釋這條？,MIXED
未成年犯法例會怎麼處理？,LEGAL
請問網拍賣家收錢不出貨，可以告他嗎？依據哪條？有類似判決參考嗎？,MIXED
我買到事故車但車商沒告知，我想知道相關法律規定，還有實際案例的結果？,MIXED
不好意思想請教，犯妨害秩序罪可以易科罰金嗎？,LEGAL
想請問各位，解讀一下臺灣桃園地方法院 115 年度簡字第 52 號刑事判決,JUDGMENT
妨害農工商罪和解之後還會被起訴嗎？,LEGAL
我幫朋友作保結果他跑路，這樣是詐欺背信及重利罪嗎？,LEGAL
想問一下，有人在社群貼文造謠我們公司，對方會有什麼刑責？,LEGAL
被依第323條移送會怎麼樣？,LEGAL
臺灣高等法院有哪些聲請定其應執行刑的案子？,JUDGMENT
急，妨害秘密罪跟妨害性自主罪是一樣的嗎？,LEGAL
台灣刑法對藏匿人犯及湮滅證據罪的處罰重嗎？,LEGAL
我的機車停在路邊被人騎走，對方會有什麼刑責？,LEGAL
想找臺灣高等法院 115 年度上訴字第 2633 號刑事裁定的全文,JUDGMENT
幫我找詐欺等相關的判決,JUDGMENT
第205條和第335條要怎麼分？,LEGAL
急，有陌生人一直傳訊息騷擾我，這犯了什麼法條？法院以前都怎麼判？,MIXED
前男友拿我的私密照威脅我，算數罪併罰嗎？有沒有判決可以佐證？,MIXED
麻煩解答：臺灣臺中地方法院 115 年度中交簡字第 1040 號刑事判決判決重點整理,JUDGMENT
第309條規定的內容，加上實際裁判的運用，一起說明,MIXED
臺灣士林地方法院 115 年度訴字第 552 號刑事判決的法律見解可以說明嗎？,JUDGMENT
想找臺灣新北地方法院 114 年度審易字第 3605 號刑事裁定的全文,JUDGMENT
有人冒用我的名義辦門號，法律上我有什麼權利？,LEGAL
第339-1條規定的內容，加上實際裁判的運用，一起說明,MIXED
臺灣澎湖地方法院 115 年度訴字第 1 號刑事判決用了哪些條文？那些條文在規範什麼？,MIXED
外患罪跟搶奪強盜及海盜罪是一樣的嗎？,LEGAL
請問我簽了車貸合約才發現利率超高，我想知道相關法律規定，還有實際案例的結果,MIXED
想請問各位，我被前公司控告洩漏營業秘密，法律規定和法院實務見解都幫我查,MIXED
麻煩解答：臺灣嘉義地方法院 115 年度聲字第 584 號刑事裁定用了哪些條文？那些條文在規範什麼？,MIXED
第246條條文內容是什麼？,LEGAL
翻譯一下臺灣嘉義地方法院 115 年度嘉簡字第 835 號刑事判決的主文，看不懂,JUDGMENT
不好意思想請教，解讀一下臺灣高等法院 115 年度上更一字第 5 號刑事裁定,JUDGMENT
翻譯一下臺灣士林地方法院 115 年度審易字第 499 號刑事判決的主文，看不懂,JUDGMENT
不好意思想請教，有人冒用我的名義辦門號，這樣的案件法條怎麼規定？實務上判賠多少？,MIXED
加重詐欺等適用什麼法條？從裁判看法院的標準是什麼？,MIXED
瀆職罪和解之後還會被起訴嗎？,LEGAL
第191-1條規定的內容，加上實際裁判的運用，一起說明,MIXED
我在夜市跟人起衝突推了對方一把，這樣算犯罪嗎？,LEGAL
麻煩解答：臺灣南投地方法院 115 年度易字第 278 號刑事判決為什麼會這樣判？,JUDGMENT
第323條規定的內容，加上實際裁判的運用，一起說明,MIXED
想請問各位，毀棄損壞罪法條怎麼寫？實務裁判怎麼解釋這條？,MIXED
公司要我自願離職不給資遣費，算搶奪強盜及海盜罪嗎？有沒有判決可以佐證？,MIXED
第96條規定的內容，加上實際裁判的運用，一起說明,MIXED
我未成年的弟弟騎車撞到人，可以要求賠償嗎？依據是什麼？,LEGAL
臺灣高雄地方法院 115 年度附民字第 232 號刑事判決用了哪些條文？那些條文在規範什麼？,MIXED
想研究之一 妨害性隱私及不實性影像罪：條文依據和代表性判決都要,MIXED
請問臺灣臺中地方法院審理公共危險的裁判找得到嗎？,JUDGMENT
侵占罪告訴期間過了還能告嗎？,LEGAL
第105條規定的內容，加上實際裁判的運用，一起說明,MIXED
同事偷看我的手機訊息，對方會有什麼刑責？,LEGAL
請問臺灣桃園地方法院 115 年度聲字第 1438 號刑事裁定被告最後有罪嗎？,JUDGMENT
臺灣士林地方法院有哪些傷害等的案子？,JUDGMENT
翻譯一下臺灣高等法院 臺中分院 115 年度聲字第 1084 號刑事裁定的主文，看不懂？,JUDGMENT
違反毒品危害防制條例上訴成功的案例多嗎？,JUDGMENT
妨害公務罪跟公共危險罪是一樣的嗎？,LEGAL
有人檢舉我違建要拆我房子，法律上我有什麼權利？,LEGAL
刑法有數罪併罰這種罪嗎？規定在哪？,LEGAL
幫我找過失傷害相關的判決,JUDGMENT
臺灣橋頭地方法院 115 年度交訴字第 69 號刑事裁定的法律見解可以說明嗎？,JUDGMENT
想請問各位，醫生開刀開錯位置，提告需要什麼證據？,LEGAL
何謂刑之酌科及加減？謝謝,LEGAL
想請問各位，妨害名譽及信用罪和解之後還會被起訴嗎？,LEGAL
褻瀆祀典及侵害墳墓屍體罪的罰金大概多少？,LEGAL
請問我被跟蹤騷擾了好幾個月，這觸犯哪一條法律？,LEGAL
臺灣高等法院 115 年度審上訴字第 2797 號刑事裁定用了哪些條文？那些條文在規範什麼？,MIXED
想請問各位，有人檢舉我違建要拆我房子，算妨害自由罪嗎？有沒有判決可以佐證？,MIXED
幫我看看臺灣臺南地方法院 115 年度簡字第 3354 號刑事判決在講什麼,JUDGMENT
臺灣桃園地方法院 115 年度國審聲字第 14 號刑事裁定為什麼會這樣判？,JUDGMENT
第185-3條和第62條要怎麼分？,LEGAL
有個問題想問：臺灣高等法院 高雄分院 115 年度聲再字第 72 號刑事裁定用了哪些條文？那些條文在規範什麼？,MIXED
聲請定其應執行刑適用什麼法條？從裁判看法院的標準是什麼？,MIXED
急，臺灣高等法院有哪些償還犯罪被害補償金的案子？,JUDGMENT
想請問各位，瀆職罪法條怎麼寫？實務裁判怎麼解釋這條？,MIXED
麻煩解答：臺灣高等法院有哪些詐欺等的案子？,JUDGMENT
關於聲請准許提起自訴，法條規定與判決先例幫我整理成重點？感謝解答,MIXED
麻煩解答：我提供帳戶給別人使用結果被列警示戶，法律規定和法院實務見解都幫我查？,MIXED
臺灣臺南地方法院 115 年度訴字第 2132 號刑事判決被告最後有罪嗎？,JUDGMENT
臺灣桃園地方法院 114 年度訴字第 1718 號刑事判決用了哪些條文？那些條文在規範什麼？,MIXED
老闆叫我簽本票才能離職，對方會有什麼刑責？,LEGAL
第41條規定的內容，加上實際裁判的運用，一起說明,MIXED
這份裁判書幫我做摘要,JUDGMENT
想問一下，我在夜市跟人起衝突推了對方一把，這犯了什麼法條？法院以前都怎麼判？,MIXED
不好意思想請教，墮胎罪和解之後還會被起訴嗎？,LEGAL
我簽了車貸合約才發現利率超高，對方會有什麼刑責？,LEGAL
室友一直偷拿我的東西，這觸犯哪一條法律？,LEGAL
想找臺灣高等法院 臺中分院 115 年度聲字第 1268 號刑事裁定的全文,JUDGMENT
想找臺灣桃園地方法院 115 年度壢交簡字第 62 號刑事判決的全文,JUDGMENT
臺灣高等法院審理聲請定其應執行刑的裁判找得到嗎？,JUDGMENT
第118條條文內容是什麼？,LEGAL
第44條規定的內容，加上實際裁判的運用，一起說明,MIXED
何謂竊盜罪？求解,LEGAL
公司要我自願離職不給資遣費，這犯了什麼法條？法院以前都怎麼判？,MIXED
公共危險罪的要件是什麼？臺灣桃園地方法院 115 年度訴字第 1675 號刑事裁定是這樣認定的嗎？,MIXED
臺灣高等法院 114 年度上重訴字第 35 號刑事裁定被告最後有罪嗎？,JUDGMENT
有人在社群貼文造謠我們公司，法律規定和法院實務見解都幫我查,MIXED
我幫朋友作保結果他跑路，算妨害秘密罪嗎？有沒有判決可以佐證？,MIXED
急，關於加重詐欺等，法條規定與判決先例幫我整理成重點,MIXED
球場打球被故意肘擊受傷，對方會有什麼刑責？,LEGAL
我把公司資料帶去新公司用，法律規定和法院實務見解都幫我查？謝謝,MIXED
臺灣高等法院 臺中分院 115 年度抗字第 439 號刑事裁定為什麼會這樣判？,JUDGMENT
臺灣臺南地方法院有哪些竊盜的案子？,JUDGMENT
被依第347條移送會怎麼樣？,LEGAL
我開車不小心擦撞到行人，算假釋嗎？有沒有判決可以佐證？,MIXED
急，妨害自由罪法條怎麼寫？實務裁判怎麼解釋這條？,MIXED
被依第153條移送會怎麼樣？謝謝,LEGAL
朋友借我的名義開公司，算外患罪嗎？有沒有判決可以佐證？,MIXED
刑之酌科及加減的法定刑與實際量刑差多少？舉裁判說明,MIXED
關於違反毒品危害防制條例，法條規定與判決先例幫我整理成重點,MIXED
臺灣高等法院審理組織犯罪防制條例等的裁判找得到嗎？,JUDGMENT
請問第180條規定的內容，加上實際裁判的運用，一起說明,MIXED
有個問題想問：有陌生人一直傳訊息騷擾我，我可以提告嗎？,LEGAL
我的照片被拿去做迷因圖，算墮胎罪嗎？有沒有判決可以佐證？,MIXED
臺灣士林地方法院 115 年度聲字第 775 號刑事裁定判了什麼？,JUDGMENT
想問一下，想研究妨害國交罪：條文依據和代表性判決都要,MIXED
公司要我自願離職不給資遣費，提告需要什麼證據？,LEGAL
外送餐點被鄰居偷走，這樣是妨害公務罪嗎？,LEGAL
幫我找詐欺等相關的判決？,JUDGMENT
不好意思想請教，有人檢舉我違建要拆我房子，算賭博罪嗎？有沒有判決可以佐證？,MIXED
想看幾篇損害賠償的裁判書？謝謝,JUDGMENT
房東沒經過我同意進我房間，法律規定和法院實務見解都幫我查？,MIXED
不好意思想請教，翻譯一下臺灣桃園地方法院 114 年度重訴字第 140 號刑事裁定的主文，看不懂,JUDGMENT
想研究之一 妨害司法公正罪：條文依據和代表性判決都要,MIXED
犯妨害電腦使用罪可以易科罰金嗎？,LEGAL
急，網拍賣家收錢不出貨，報警有用嗎？警察會怎麼處理？,LEGAL
麻煩解答：客戶簽約後拒絕付尾款，算法例嗎？有沒有判決可以佐證？,MIXED
麻煩解答：公共危險適用什麼法條？從裁判看法院的標準是什麼？,MIXED
想請問各位，鴉片罪的罰金大概多少？,LEGAL
急，老闆叫我簽本票才能離職，對方會有什麼刑責？,LEGAL
想請問各位，妨害投票罪的法定刑與實際量刑差多少？舉裁判說明,MIXED
有個問題想問：第196條和第48條要怎麼分？,LEGAL
關於聲請具保停止羈押，法條規定與判決先例幫我整理成重點,MIXED
第87條條文內容是什麼？,LEGAL
請問何謂詐欺背信及重利罪？,LEGAL
第187-3條條文內容是什麼？,LEGAL
竊盜罪的要件是什麼？臺灣新北地方法院 115 年度審簡字第 911 號刑事判決是這樣認定的嗎？,MIXED
臺灣臺南地方法院 115 年度訴字第 1853 號刑事判決用了哪些條文？那些條文在規範什麼？,MIXED
妨害自由等上訴成功的案例多嗎？,JUDGMENT
有人檢舉我違建要拆我房子，需要負法律責任嗎？,LEGAL
幫我看看臺灣高等法院 115 年度聲字第 2085 號刑事裁定在講什麼,JUDGMENT
臺灣桃園地方法院 115 年度桃簡字第 1271 號刑事判決被告最後有罪嗎？,JUDGMENT
遺棄罪的要件是什麼？臺灣士林地方法院 115 年度單禁沒字第 225 號刑事裁定是這樣認定的嗎？,MIXED
麻煩解答：傷害罪的要件是什麼？臺灣彰化地方法院 115 年度簡字第 807 號刑事裁定是這樣認定的嗎？,MIXED
我簽了車貸合約才發現利率超高，這樣是墮胎罪嗎？,LEGAL
有詐欺犯罪危害防制條例等被判緩刑的判決嗎？謝謝,JUDGMENT
急，關於損害賠償，法條規定與判決先例幫我整理成重點,MIXED
違反貪污治罪條例等上訴成功的案例多嗎？,JUDGMENT
室友欠房租跑掉房東要我全付，算刑事責任嗎？有沒有判決可以佐證？,MIXED
法例法條怎麼寫？實務裁判怎麼解釋這條？,MIXED
不好意思想請教，第37-2條規定的內容，加上實際裁判的運用，一起說明,MIXED
未成年犯侵占罪會怎麼處理？謝謝,LEGAL
麻煩解答：有聲請具保停止羈押被判緩刑的判決嗎？,JUDGMENT
不好意思想請教，竊盜罪的要件是什麼？臺灣士林地方法院 115 年度聲字第 692 號刑事裁定是這樣認定的嗎？,MIXED
我提供帳戶給別人使用結果被列警示戶，算刑嗎？有沒有判決可以佐證？,MIXED
急，我在停車場被人刮車，這犯了什麼法條？法院以前都怎麼判？,MIXED
想看幾篇公共危險的裁判書,JUDGMENT
臺灣桃園地方法院 115 年度聲字第 2446 號刑事裁定用了哪些條文？那些條文在規範什麼？,MIXED
有個問題想問：我檢舉公司逃漏稅被解僱，可以要求賠償嗎？依據是什麼？謝謝,LEGAL
請問臺灣彰化地方法院 115 年度聲字第 1152 號刑事裁定被告最後有罪嗎？,JUDGMENT
請問想研究妨害性自主罪：條文依據和代表性判決都要？,MIXED
想請問各位，被依第94條移送會怎麼樣？,LEGAL
幫我找毒品危害防制條例等相關的判決,JUDGMENT
想問一下，外患罪在法律上怎麼定義？拜託了,LEGAL
搶奪強盜及海盜罪的法定刑與實際量刑差多少？舉裁判說明？,MIXED
麻煩解答：想研究脫逃罪：條文依據和代表性判決都要？拜託了,MIXED
第47條和第174條要怎麼分？,LEGAL
我幫朋友作保結果他跑路，算竊盜罪嗎？有沒有判決可以佐證？,MIXED
賭博罪是什麼意思？,LEGAL
想請問各位，被依第2條移送會怎麼樣？,LEGAL
臺灣臺南地方法院 115 年度聲字第 841 號刑事裁定為什麼會這樣判？,JUDGMENT
臺灣臺東地方法院 114 年度原易字第 161 號刑事判決的法律見解可以說明嗎？,JUDGMENT
麻煩解答：我被跟蹤騷擾了好幾個月，這犯了什麼法條？法院以前都怎麼判？,MIXED
鄰居的狗衝出來咬傷我，可以告他嗎？依據哪條？有類似判決參考嗎？,MIXED
不好意思想請教，第7條條文內容是什麼？,LEGAL
毀棄損壞罪和解之後還會被起訴嗎？,LEGAL
解讀一下臺灣新竹地方法院 114 年度易字第 1572 號刑事判決,JUDGMENT
想找臺灣臺北地方法院 115 年度附民字第 93 號刑事判決的全文,JUDGMENT
臺灣高雄地方法院 115 年度聲字第 1271 號刑事裁定用了哪些條文？那些條文在規範什麼？,MIXED
麻煩解答：何謂瀆職罪？,LEGAL
網拍賣家收錢不出貨，法律上我有什麼權利？,LEGAL
我被誣賴偷東西，對方會有什麼刑責？,LEGAL
球場打球被故意肘擊受傷，法律規定和法院實務見解都幫我查？感謝解答,MIXED
關於聲明異議，法條規定與判決先例幫我整理成重點,MIXED
有陌生人一直傳訊息騷擾我，法律規定和法院實務見解都幫我查？,MIXED
刑法有偽造文書印文罪這種罪嗎？規定在哪？,LEGAL
有違反槍砲彈藥刀械管制條例被判緩刑的判決嗎？,JUDGMENT
臺灣橋頭地方法院 115 年度易字第 796 號刑事裁定被告最後有罪嗎？,JUDGMENT
臺灣高雄地方法院 115 年度聲字第 694 號刑事裁定判決重點整理,JUDGMENT
臺灣桃園地方法院 115 年度桃交簡字第 1129 號刑事判決用了哪些條文？那些條文在規範什麼？,MIXED
妨害投票罪的要件是什麼？臺灣高等法院 115 年度聲字第 2145 號刑事裁定是這樣認定的嗎？,MIXED
想問一下，洗錢防制法等適用什麼法條？從裁判看法院的標準是什麼？,MIXED
急，判決書裡「無罪推定」是什麼意思？,JUDGMENT
請問想研究妨害名譽及信用罪：條文依據和代表性判決都要,MIXED
臺灣高等法院 115 年度抗字第 1708 號刑事裁定被告最後有罪嗎？,JUDGMENT
妨害婚姻及家庭罪跟賭博罪是一樣的嗎？,LEGAL
有個問題想問：竊盜適用什麼法條？從裁判看法院的標準是什麼？,MIXED
有個問題想問：詐欺背信及重利罪在法律上怎麼定義？,LEGAL
不好意思想請教，我被誣賴偷東西，對方會有什麼刑責？,LEGAL
臺灣高等法院有哪些聲請再審的案子？,JUDGMENT
朋友借我的名義開公司，這樣的案件法條怎麼規定？實務上判賠多少？,MIXED
臺灣高等法院 臺中分院 115 年度上易字第 352 號刑事判決的法律見解可以說明嗎？謝謝,JUDGMENT
有個問題想問：臺灣臺北地方法院 115 年度簡字第 1996 號刑事判決判決重點整理,JUDGMENT
臺灣士林地方法院 115 年度原訴字第 31 號刑事裁定判了什麼？,JUDGMENT
脫逃罪法條怎麼寫？實務裁判怎麼解釋這條？,MIXED
臺灣臺北地方法院 115 年度審重訴字第 216 號民事裁定用了哪些條文？那些條文在規範什麼？,MIXED
想問一下，過失傷害上訴成功的案例多嗎？,JUDGMENT
損害賠償的裁判實務上多嗎？,JUDGMENT
不好意思想請教，幫我比較這兩篇判決的差異,JUDGMENT
解讀一下臺灣高等法院 高雄分院 115 年度聲保字第 323 號刑事裁定,JUDGMENT
最近聲請再審的案件都怎麼判？,JUDGMENT
第100條和第39條要怎麼分？,LEGAL
麻煩解答：褻瀆祀典及侵害墳墓屍體罪的法定刑與實際量刑差多少？舉裁判說明,MIXED
公司要我自願離職不給資遣費，對方會有什麼刑責？,LEGAL
有個問題想問：室友欠房租跑掉房東要我全付，這樣算犯罪嗎？,LEGAL
麻煩解答：竊盜罪初犯會被關嗎？,LEGAL
想問一下，臺灣高等法院 臺中分院 115 年度聲字第 973 號刑事裁定為什麼會這樣判？,JUDGMENT
詐欺背信及重利罪的法定刑與實際量刑差多少？舉裁判說明,MIXED
想問一下，偽證及誣告罪和解之後還會被起訴嗎？,LEGAL
想問一下，網拍賣家收錢不出貨，這樣的案件法條怎麼規定？實務上判賠多少？,MIXED
臺灣桃園地方法院 115 年度桃交簡字第 1129 號刑事判決為什麼會這樣判？,JUDGMENT
臺灣士林地方法院 115 年度聲字第 931 號刑事裁定判決重點整理,JUDGMENT
臺灣桃園地方法院 115 年度壢原交簡字第 77 號刑事判決判決重點整理,JUDGMENT
不好意思想請教，我簽了車貸合約才發現利率超高，報警有用嗎？警察會怎麼處理？,LEGAL
公共危險等的裁判實務上多嗎？,JUDGMENT
妨害電腦使用罪法條怎麼寫？實務裁判怎麼解釋這條？,MIXED
想研究妨害電腦使用罪：條文依據和代表性判決都要,MIXED
有個問題想問：被依第319-3條移送會怎麼樣？,LEGAL
假釋付保護管束適用什麼法條？從裁判看法院的標準是什麼？,MIXED
妨害名譽及信用罪的法定刑與實際量刑差多少？舉裁判說明,MIXED
室友一直偷拿我的東西，報警有用嗎？警察會怎麼處理？,LEGAL
我把公司資料帶去新公司用，算法例嗎？有沒有判決可以佐證？,MIXED
想問一下，想找臺灣苗栗地方法院 115 年度苗智簡字第 6 號刑事判決的全文,JUDGMENT
翻譯一下臺灣臺南地方法院 115 年度簡字第 3379 號刑事判決的主文，看不懂？,JUDGMENT
臺灣士林地方法院 115 年度訴字第 179 號刑事判決被告最後有罪嗎？拜託了,JUDGMENT
假釋的罰金大概多少？,LEGAL
我被詐騙集團騙了三十萬，這樣是妨害性自主罪嗎？,LEGAL
加重詐欺等上訴成功的案例多嗎？,JUDGMENT
有個問題想問：關於毒品危害防制條例，法條規定與判決先例幫我整理成重點,MIXED
第201-1條規定的內容，加上實際裁判的運用，一起說明,MIXED
臺灣士林地方法院 115 年度訴字第 179 號刑事判決用了哪些條文？那些條文在規範什麼？,MIXED
有個問題想問：有陌生人一直傳訊息騷擾我，算妨害農工商罪嗎？有沒有判決可以佐證？,MIXED
想問一下，刑的要件是什麼？臺灣高等法院 115 年度聲保字第 1023 號刑事裁定是這樣認定的嗎？,MIXED
有人在社群貼文造謠我們公司，可以告他嗎？依據哪條？有類似判決參考嗎？,MIXED
臺灣屏東地方法院 115 年度聲字第 567 號刑事裁定被告最後有罪嗎？,JUDGMENT
有個問題想問：妨害公務罪的法定刑與實際量刑差多少？舉裁判說明,MIXED
有個問題想問：第38-3條規定的內容，加上實際裁判的運用，一起說明,MIXED
臺灣高等法院審理聲請定其應執行刑等的裁判找得到嗎？謝謝,JUDGMENT
有個問題想問：妨害秩序罪跟偽造文書印文罪是一樣的嗎？,LEGAL
時效和解之後還會被起訴嗎？感謝解答,LEGAL
急，親戚過世後叔叔把存摺全領走，我想知道相關法律規定，還有實際案例的結果,MIXED
之二 易刑被起訴後流程大概是怎樣？,LEGAL
不好意思想請教，第295條規定的內容，加上實際裁判的運用，一起說明,MIXED
不好意思想請教，想找臺灣高雄地方法院 115 年度聲保字第 173 號刑事裁定的全文,JUDGMENT
台灣刑法對妨害投票罪的處罰重嗎？,LEGAL
想請問各位，想看幾篇聲請定其應執行刑的裁判書,JUDGMENT
請問室友欠房租跑掉房東要我全付，追訴期是多久？,LEGAL
第285條是在講什麼的？,LEGAL
妨害性自主罪初犯會被關嗎？謝謝,LEGAL
老闆叫我簽本票才能離職，報警有用嗎？警察會怎麼處理？,LEGAL
有個問題想問：關於聲請具保停止羈押，法條規定與判決先例幫我整理成重點,MIXED
偽造貨幣罪在法律上怎麼定義？,LEGAL
臺灣橋頭地方法院 115 年度交易字第 332 號刑事判決用了哪些條文？那些條文在規範什麼？,MIXED
犯之一  妨害風化罪可以易科罰金嗎？,LEGAL
法例的法定刑與實際量刑差多少？舉裁判說明,MIXED
我把公司資料帶去新公司用，可以要求賠償嗎？依據是什麼？求解,LEGAL
臺灣士林地方法院 115 年度訴字第 188 號刑事判決為什麼會這樣判？,JUDGMENT
我被跟蹤騷擾了好幾個月，提告需要什麼證據？,LEGAL
第38-3條規定的內容，加上實際裁判的運用，一起說明,MIXED
臺灣苗栗地方法院審理聲請付與卷證影本的裁判找得到嗎？,JUDGMENT
詐欺背信及重利罪初犯會被關嗎？,LEGAL
解讀一下臺灣臺南地方法院 115 年度簡字第 3265 號刑事判決,JUDGMENT
有聲請交保被判緩刑的判決嗎？,JUDGMENT
臺灣士林地方法院 115 年度審訴字第 833 號刑事判決這篇裁判的結論是？,JUDGMENT
我簽了車貸合約才發現利率超高，這樣算犯罪嗎？,LEGAL
最近定應執行之刑的案件都怎麼判？,JUDGMENT
有人在社群貼文造謠我們公司，這犯了什麼法條？法院以前都怎麼判？,MIXED
鄰居的狗衝出來咬傷我，這樣的案件法條怎麼規定？實務上判賠多少？,MIXED
正犯與共犯和解之後還會被起訴嗎？,LEGAL
犯妨害農工商罪可以易科罰金嗎？求解,LEGAL
我被跟蹤騷擾了好幾個月，對方會有什麼刑責？,LEGAL
判決書裡「具保」是什麼意思？,JUDGMENT
不好意思想請教，有人檢舉我違建要拆我房子，追訴期是多久？,LEGAL
最近加重詐欺等的案件都怎麼判？,JUDGMENT
不好意思想請教，瀆職罪法條怎麼寫？實務裁判怎麼解釋這條？,MIXED
有個問題想問：這個案子歷審結果幫我整理？,JUDGMENT
室友一直偷拿我的東西，這樣是妨害性自主罪嗎？,LEGAL
我提供帳戶給別人使用結果被列警示戶，算毀棄損壞罪嗎？有沒有判決可以佐證？,MIXED
何謂妨害秘密罪？,LEGAL
第100條和第197條要怎麼分？,LEGAL
請問第185-3條規定的內容，加上實際裁判的運用，一起說明,MIXED
想看幾篇定應執行之刑的裁判書,JUDGMENT
毀棄損壞一般法院判下來大概多重？,JUDGMENT
之一 沒收的罰金大概多少？,LEGAL
判決書裡「定應執行刑」是什麼意思？,JUDGMENT
臺灣高等法院 臺中分院 115 年度金上訴字第 900 號刑事裁定用了哪些條文？那些條文在規範什麼？,MIXED
未成年犯傷害罪會怎麼處理？,LEGAL
妨害名譽及信用罪是什麼意思？,LEGAL
麻煩解答：判決書裡「沒收追徵」是什麼意思？,JUDGMENT
脫逃罪跟公共危險罪是一樣的嗎？,LEGAL
聲請假釋中付保護管束適用什麼法條？從裁判看法院的標準是什麼？,MIXED
台灣刑法對鴉片罪的處罰重嗎？,LEGAL
妨害秘密罪的要件是什麼？臺灣臺南地方法院 115 年度聲字第 1369 號刑事裁定是這樣認定的嗎？,MIXED
臺灣桃園地方法院 115 年度桃交簡字第 572 號刑事判決用了哪些條文？那些條文在規範什麼？,MIXED
臺灣桃園地方法院 115 年度壢簡字第 686 號刑事判決判決重點整理,JUDGMENT
聲請具保停止羈押適用什麼法條？從裁判看法院的標準是什麼？,MIXED
臺灣橋頭地方法院 114 年度審原訴字第 34 號刑事裁定的法律見解可以說明嗎？,JUDGMENT
有個問題想問：我把公司資料帶去新公司用，追訴期是多久？,LEGAL
臺灣橋頭地方法院 114 年度國審強處字第 16 號刑事裁定這篇裁判的結論是？,JUDGMENT
最近詐欺等的案件都怎麼判？求解,JUDGMENT
急，法例和解之後還會被起訴嗎？,LEGAL
臺灣臺南地方法院 115 年度聲字第 1359 號刑事裁定被告最後有罪嗎？,JUDGMENT
偽造度量衡罪法條怎麼寫？實務裁判怎麼解釋這條？,MIXED
不好意思想請教，第267條規定的內容，加上實際裁判的運用，一起說明,MIXED
請問解讀一下臺灣嘉義地方法院 115 年度嘉簡字第 944 號刑事判決,JUDGMENT
想問一下，朋友借我的名義開公司，這樣的案件法條怎麼規定？實務上判賠多少？,MIXED
解讀一下臺灣桃園地方法院 115 年度撤緩字第 139 號刑事裁定？,JUDGMENT
我買到事故車但車商沒告知，需要負法律責任嗎？感謝解答,LEGAL
麻煩解答：毒品危害防制條例一般法院判下來大概多重？,JUDGMENT
我簽了車貸合約才發現利率超高，這樣算犯罪嗎？感謝解答,LEGAL
偽造有價證券罪的要件是什麼？臺灣高等法院 115 年度上訴字第 2350 號刑事判決是這樣認定的嗎？,MIXED
有沒有詐欺犯罪危害防制條例等判很輕的案例？,JUDGMENT
有個問題想問：臺灣高等法院 臺中分院 115 年度聲字第 1325 號刑事裁定判了什麼？,JUDGMENT
想看幾篇妨害風化的裁判書,JUDGMENT
第351條和第140條要怎麼分？,LEGAL
幫我找損害賠償相關的判決,JUDGMENT
想看幾篇詐欺等的裁判書,JUDGMENT
刑法有妨害國交罪這種罪嗎？規定在哪？求解,LEGAL
臺灣桃園地方法院 115 年度聲字第 1772 號刑事裁定為什麼會這樣判？,JUDGMENT
請問臺灣新竹地方法院 115 年度竹簡字第 153 號刑事判決用了哪些條文？那些條文在規範什麼？,MIXED
不好意思想請教，臺灣桃園地方法院 115 年度重訴字第 30 號刑事裁定判決重點整理,JUDGMENT
臺灣基隆地方法院審理定應執行刑的裁判找得到嗎？,JUDGMENT
過失傷害適用什麼法條？從裁判看法院的標準是什麼？,MIXED
公司要我自願離職不給資遣費，我想知道相關法律規定，還有實際案例的結果,MIXED
我幫朋友作保結果他跑路，法律規定和法院實務見解都幫我查,MIXED
刑的要件是什麼？臺灣臺南地方法院 115 年度聲字第 841 號刑事裁定是這樣認定的嗎？,MIXED
臺灣高等法院 臺中分院 115 年度聲字第 1032 號刑事裁定用了哪些條文？那些條文在規範什麼？謝謝,MIXED
違反兒童及少年性剝削防制條例等一般法院判下來大概多重？,JUDGMENT
不好意思想請教，妨害名譽及信用罪的法定刑與實際量刑差多少？舉裁判說明,MIXED
妨害農工商罪在法律上怎麼定義？,LEGAL
被依第179條移送會怎麼樣？謝謝,LEGAL
臺灣高等法院 臺中分院 115 年度聲字第 1013 號刑事裁定用了哪些條文？那些條文在規範什麼？,MIXED
時效和解之後還會被起訴嗎？,LEGAL
網拍賣家收錢不出貨，對方會有什麼刑責？,LEGAL
急，想研究刑之酌科及加減：條文依據和代表性判決都要,MIXED
刑和解之後還會被起訴嗎？,LEGAL
不好意思想請教，臺灣桃園地方法院 115 年度訴字第 1133 號刑事裁定用了哪些條文？那些條文在規範什麼？,MIXED
台灣刑法對竊盜罪的處罰重嗎？求解,LEGAL
第78-1條是在講什麼的？,LEGAL
麻煩解答：我在網路上被人公開罵垃圾，我想知道相關法律規定，還有實際案例的結果,MIXED
急，解讀一下臺灣新竹地方法院 115 年度易字第 964 號刑事判決,JUDGMENT
被依第254條移送會怎麼樣？,LEGAL
幫我找侵權行為損害賠償相關的判決,JUDGMENT
想請問各位，鴉片罪在法律上怎麼定義？,LEGAL
我提供帳戶給別人使用結果被列警示戶，可以要求賠償嗎？依據是什麼？,LEGAL
請問網拍賣家收錢不出貨，這犯了什麼法條？法院以前都怎麼判？,MIXED
我酒後牽機車走路回家被警察攔，我想知道相關法律規定，還有實際案例的結果？感謝解答,MIXED
台灣刑法對公共危險罪的處罰重嗎？,LEGAL
網拍賣家收錢不出貨，法律規定和法院實務見解都幫我查？謝謝,MIXED
不好意思想請教，我檢舉公司逃漏稅被解僱，對方會有什麼刑責？,LEGAL
有個問題想問：想研究恐嚇及擄人勒贖罪：條文依據和代表性判決都要,MIXED
刑法有鴉片罪這種罪嗎？規定在哪？,LEGAL
不好意思想請教，偽造文書印文罪的法定刑與實際量刑差多少？舉裁判說明？謝謝,MIXED
我酒後牽機車走路回家被警察攔，對方會有什麼刑責？,LEGAL
妨害性自主適用什麼法條？從裁判看法院的標準是什麼？,MIXED
想請問各位，老闆叫我簽本票才能離職，這犯了什麼法條？法院以前都怎麼判？,MIXED
想問一下，犯之二 易刑可以易科罰金嗎？,LEGAL
臺灣雲林地方法院 114 年度訴字第 951 號刑事裁定的法律見解可以說明嗎？,JUDGMENT
麻煩解答：有定應執行之刑被判緩刑的判決嗎？,JUDGMENT
我在夜市跟人起衝突推了對方一把，我想知道相關法律規定，還有實際案例的結果,MIXED
刑法有刑之酌科及加減這種罪嗎？規定在哪？,LEGAL
最近竊盜的案件都怎麼判？,JUDGMENT
有個問題想問：有假釋中付保護管束被判緩刑的判決嗎？,JUDGMENT
最近竊盜等的案件都怎麼判？拜託了,JUDGMENT
有沒有侵占判很輕的案例？,JUDGMENT
賭博罪的法定刑與實際量刑差多少？舉裁判說明,MIXED
想研究法例：條文依據和代表性判決都要,MIXED
球場打球被故意肘擊受傷，可以要求賠償嗎？依據是什麼？,LEGAL
臺灣新竹地方法院 115 年度竹交簡字第 208 號刑事判決判了什麼？,JUDGMENT
有個問題想問：我幫朋友作保結果他跑路，可以告他嗎？依據哪條？有類似判決參考嗎？,MIXED
想請問各位，過失傷害一般法院判下來大概多重？,JUDGMENT
麻煩解答：家暴傷害適用什麼法條？從裁判看法院的標準是什麼？,MIXED
麻煩解答：外送餐點被鄰居偷走，法律規定和法院實務見解都幫我查,MIXED
臺灣新竹地方法院有哪些聲請定其應執行刑的案子？,JUDGMENT
毒品危害防制條例適用什麼法條？從裁判看法院的標準是什麼？,MIXED
有個問題想問：我撿到手機拿去賣了，這樣是刑事責任嗎？,LEGAL
醫生開刀開錯位置，我可以提告嗎？,LEGAL
麻煩解答：球場打球被故意肘擊受傷，我可以提告嗎？,LEGAL
前男友拿我的私密照威脅我，這樣是鴉片罪嗎？,LEGAL
麻煩解答：刑法有鴉片罪這種罪嗎？規定在哪？,LEGAL
有人在社群貼文造謠我們公司，這觸犯哪一條法律？,LEGAL
鄰居的狗衝出來咬傷我，這樣算犯罪嗎？,LEGAL
判決書裡「免訴」是什麼意思？,JUDGMENT
有個問題想問：定應執行刑上訴成功的案例多嗎？,JUDGMENT
傷害的裁判實務上多嗎？感謝解答,JUDGMENT
臺灣士林地方法院 115 年度聲字第 985 號刑事裁定的法律見解可以說明嗎？,JUDGMENT
我幫朋友作保結果他跑路，報警有用嗎？警察會怎麼處理？,LEGAL
幫我看看臺灣新北地方法院 115 年度金簡字第 198 號刑事裁定在講什麼,JUDGMENT
臺灣新北地方法院 115 年度審簡字第 988 號刑事判決為什麼會這樣判？,JUDGMENT
老闆叫我簽本票才能離職，這樣的案件法條怎麼規定？實務上判賠多少？,MIXED
有個問題想問：第68條和第87條要怎麼分？,LEGAL
臺灣高等法院 臺中分院 115 年度聲字第 1256 號刑事裁定判決重點整理,JUDGMENT
有個問題想問：妨害自由的裁判實務上多嗎？,JUDGMENT
麻煩解答：有公共危險被判緩刑的判決嗎？,JUDGMENT
想請問各位，我的照片被拿去做迷因圖，我想知道相關法律規定，還有實際案例的結果？,MIXED
妨害自由罪在法律上怎麼定義？,LEGAL
想問一下，關於違反性侵害犯罪防治法，法條規定與判決先例幫我整理成重點,MIXED
幫我看看臺灣臺南地方法院 115 年度交簡字第 2379 號刑事判決在講什麼？拜託了,JUDGMENT
麻煩解答：想找臺灣高等法院 臺中分院 115 年度聲字第 1047 號刑事裁定的全文,JUDGMENT
被依第185-2條移送會怎麼樣？,LEGAL
關於違反洗錢防制法等，法條規定與判決先例幫我整理成重點,MIXED
有人冒用我的名義辦門號，這樣算犯罪嗎？,LEGAL
麻煩解答：第276條規定的內容，加上實際裁判的運用，一起說明,MIXED
想研究之一  妨害風化罪：條文依據和代表性判決都要,MIXED
我被前公司控告洩漏營業秘密，這樣是偽造文書印文罪嗎？,LEGAL
臺灣新北地方法院有哪些定其應執行刑的案子？,JUDGMENT
客戶簽約後拒絕付尾款，我想知道相關法律規定，還有實際案例的結果,MIXED
第69條條文內容是什麼？,LEGAL
數罪併罰的要件是什麼？臺灣臺中地方法院 115 年度聲字第 2911 號刑事裁定是這樣認定的嗎？,MIXED
我在網路上被人公開罵垃圾，這犯了什麼法條？法院以前都怎麼判？,MIXED
麻煩解答：第103條規定的內容，加上實際裁判的運用，一起說明,MIXED
不好意思想請教，詐欺一般法院判下來大概多重？拜託了,JUDGMENT
老闆叫我簽本票才能離職，法律規定和法院實務見解都幫我查,MIXED
想請問各位，第27條是在講什麼的？謝謝,LEGAL
鄰居半夜施工吵到我報警也沒用，對方會有什麼刑責？,LEGAL
球場打球被故意肘擊受傷，算妨害秩序罪嗎？有沒有判決可以佐證？,MIXED
何謂妨害電腦使用罪？,LEGAL
幫我找聲請定應執行之刑相關的判決,JUDGMENT
請問幫我找毀損相關的判決,JUDGMENT
翻譯一下臺灣臺南地方法院 114 年度訴字第 1447 號刑事裁定的主文，看不懂,JUDGMENT
臺灣高等法院 115 年度附民字第 956 號刑事判決用了哪些條文？那些條文在規範什麼？,MIXED
臺灣臺南地方法院 115 年度簡字第 3255 號刑事判決判決重點整理,JUDGMENT
鄰居的狗衝出來咬傷我，我想知道相關法律規定，還有實際案例的結果？拜託了,MIXED
想請問各位，福建金門地方法院 115 年度訴字第 29 號刑事判決判決重點整理？感謝解答,JUDGMENT
想問一下，球場打球被故意肘擊受傷，算外患罪嗎？有沒有判決可以佐證？,MIXED
想請問各位，公共危險罪的要件是什麼？臺灣臺南地方法院 115 年度簡字第 3363 號刑事判決是這樣認定的嗎？,MIXED
有人檢舉我違建要拆我房子，這樣是妨害性自主罪嗎？拜託了,LEGAL
臺灣高等法院 臺中分院 115 年度聲字第 1050 號刑事裁定這篇裁判的結論是？拜託了,JUDGMENT
第317條和第153條要怎麼分？,LEGAL
我酒後牽機車走路回家被警察攔，可以告他嗎？依據哪條？有類似判決參考嗎？,MIXED
我被跟蹤騷擾了好幾個月，報警有用嗎？警察會怎麼處理？,LEGAL
想請問各位，累犯的法定刑與實際量刑差多少？舉裁判說明？,MIXED
恐嚇及擄人勒贖罪是什麼意思？,LEGAL
我被詐騙集團騙了三十萬，這犯了什麼法條？法院以前都怎麼判？,MIXED
臺灣屏東地方法院有哪些定應執行刑的案子？,JUDGMENT
不好意思想請教，我借人十萬元對方失聯了，這樣的案件法條怎麼規定？實務上判賠多少？求解,MIXED
犯搶奪強盜及海盜罪可以易科罰金嗎？,LEGAL
我開車不小心擦撞到行人，算緩刑嗎？有沒有判決可以佐證？,MIXED
被依第220條移送會怎麼樣？感謝解答,LEGAL
臺灣高等法院 臺中分院 115 年度原金上訴字第 26 號刑事裁定這篇裁判的結論是？,JUDGMENT
麻煩解答：關於聲請發還扣押物，法條規定與判決先例幫我整理成重點,MIXED
刑之酌科及加減法條怎麼寫？實務裁判怎麼解釋這條？,MIXED
老闆叫我簽本票才能離職，這樣是詐欺背信及重利罪嗎？,LEGAL
關於過失傷害，法條規定與判決先例幫我整理成重點？,MIXED
解讀一下臺灣雲林地方法院 115 年度聲字第 611 號刑事裁定,JUDGMENT
不好意思想請教，臺灣新竹地方法院 114 年度訴字第 272 號刑事判決判了什麼？謝謝,JUDGMENT
臺灣臺北地方法院審理侵權行為損害賠償的裁判找得到嗎？,JUDGMENT
臺灣臺中地方法院 115 年度審金訴字第 53 號刑事裁定的法律見解可以說明嗎？,JUDGMENT
房東沒經過我同意進我房間，這樣是妨害自由罪嗎？,LEGAL
想問一下，刑法有法例這種罪嗎？規定在哪？,LEGAL
關於侵權行為損害賠償，法條規定與判決先例幫我整理成重點,MIXED
麻煩解答：第271條是在講什麼的？謝謝,LEGAL
想請問各位，我幫朋友作保結果他跑路，法律規定和法院實務見解都幫我查？,MIXED
有陌生人一直傳訊息騷擾我，對方會有什麼刑責？,LEGAL
詐欺等上訴成功的案例多嗎？謝謝,JUDGMENT
想問一下，我幫朋友作保結果他跑路，可以告他嗎？依據哪條？有類似判決參考嗎？,MIXED
我把公司資料帶去新公司用，對方會有什麼刑責？謝謝,LEGAL
臺灣高等法院 臺中分院 115 年度聲字第 915 號刑事裁定這篇裁判的結論是？,JUDGMENT
不好意思想請教，想找臺灣士林地方法院 115 年度訴字第 573 號刑事判決的全文,JUDGMENT
麻煩解答：我開車不小心擦撞到行人，法律規定和法院實務見解都幫我查,MIXED
有個問題想問：我開車不小心擦撞到行人，這樣算犯罪嗎？,LEGAL
有毀損被判緩刑的判決嗎？,JUDGMENT
之二 易刑的罰金大概多少？,LEGAL
有人冒用我的名義辦門號，需要負法律責任嗎？,LEGAL
臺灣橋頭地方法院 111 年度金訴字第 167 號刑事裁定判決重點整理,JUDGMENT
室友一直偷拿我的東西，法律規定和法院實務見解都幫我查,MIXED
被依第190-1條移送會怎麼樣？,LEGAL
想請問各位，賭博適用什麼法條？從裁判看法院的標準是什麼？,MIXED
麻煩解答：毀棄損壞罪的要件是什麼？臺灣高等法院 高雄分院 115 年度聲保字第 325 號刑事裁定是這樣認定的嗎？,MIXED
臺灣桃園地方法院 114 年度訴字第 613 號刑事裁定被告最後有罪嗎？,JUDGMENT
有個問題想問：偽造有價證券罪被起訴後流程大概是怎樣？,LEGAL
想請問各位，臺灣高雄地方法院 115 年度簡字第 3618 號刑事判決判了什麼？,JUDGMENT
麻煩解答：鄰居的狗衝出來咬傷我，需要負法律責任嗎？,LEGAL
想問一下，臺灣桃園地方法院 115 年度訴字第 56 號刑事判決判了什麼？,JUDGMENT
臺灣屏東地方法院 115 年度毒聲字第 300 號刑事裁定為什麼會這樣判？,JUDGMENT
請問未成年犯時效會怎麼處理？,LEGAL
想問一下，有人在社群貼文造謠我們公司，我可以提告嗎？,LEGAL
臺灣橋頭地方法院 115 年度易字第 733 號刑事裁定這篇裁判的結論是？,JUDGMENT
公共危險一般法院判下來大概多重？,JUDGMENT
不好意思想請教，竊盜適用什麼法條？從裁判看法院的標準是什麼？,MIXED
有個問題想問：幫我看看懲戒法院懲戒法庭 115 年度清字第 25 號懲戒裁定在講什麼,JUDGMENT
想問一下，第5條是在講什麼的？,LEGAL
有個問題想問：有人在社群貼文造謠我們公司，可以要求賠償嗎？依據是什麼？,LEGAL
臺灣士林地方法院 115 年度審訴字第 921 號刑事判決這篇裁判的結論是？求解,JUDGMENT
想找臺灣新北地方法院 115 年度附民字第 1127 號刑事判決的全文,JUDGMENT
我酒後牽機車走路回家被警察攔，算妨害婚姻及家庭罪嗎？有沒有判決可以佐證？,MIXED
臺灣臺南地方法院 115 年度簡字第 2607 號刑事判決的法律見解可以說明嗎？,JUDGMENT
臺灣彰化地方法院 114 年度金簡字第 803 號刑事裁定用了哪些條文？那些條文在規範什麼？,MIXED
公共危險罪法條怎麼寫？實務裁判怎麼解釋這條？,MIXED
臺灣高等法院 115 年度抗字第 1327 號刑事裁定為什麼會這樣判？,JUDGMENT
過失傷害的裁判實務上多嗎？拜託了,JUDGMENT
刑之酌科及加減的要件是什麼？臺灣桃園地方法院 115 年度簡字第 604 號刑事裁定是這樣認定的嗎？,MIXED
麻煩解答：妨害秘密罪告訴期間過了還能告嗎？,LEGAL
妨害自由罪在法律上怎麼定義？感謝解答,LEGAL
最近侵權行為損害賠償的案件都怎麼判？,JUDGMENT
我的照片被拿去做迷因圖，法律規定和法院實務見解都幫我查,MIXED
麻煩解答：外患罪法條怎麼寫？實務裁判怎麼解釋這條？,MIXED
不好意思想請教，偽造文書印文罪的要件是什麼？臺灣新北地方法院 115 年度聲字第 2131 號刑事裁定是這樣認定的嗎？,MIXED
麻煩解答：臺灣士林地方法院 115 年度審易字第 912 號刑事判決為什麼會這樣判？,JUDGMENT
鄰居半夜施工吵到我報警也沒用，這樣是刑嗎？,LEGAL
不好意思想請教，這份裁判書幫我做摘要,JUDGMENT
公司要我自願離職不給資遣費，提告需要什麼證據？拜託了,LEGAL
我被跟蹤騷擾了好幾個月，追訴期是多久？,LEGAL
有沒有洗錢防制法等判很輕的案例？,JUDGMENT
第172-3條規定的內容，加上實際裁判的運用，一起說明,MIXED
請問臺灣臺南地方法院 115 年度簡字第 2942 號刑事判決這篇裁判的結論是？,JUDGMENT
臺灣新竹地方法院 114 年度訴字第 272 號刑事判決這篇裁判的結論是？,JUDGMENT
關於定應執行刑，法條規定與判決先例幫我整理成重點,MIXED
前男友拿我的私密照威脅我，法律規定和法院實務見解都幫我查？謝謝,MIXED
臺灣高等法院有哪些詐欺等的案子？,JUDGMENT
翻譯一下臺灣桃園地方法院 115 年度壢交簡字第 191 號刑事判決的主文，看不懂,JUDGMENT
幫我看看臺灣士林地方法院 115 年度聲字第 854 號刑事裁定在講什麼,JUDGMENT
第165條條文內容是什麼？,LEGAL
有個問題想問：妨害秩序罪法條怎麼寫？實務裁判怎麼解釋這條？求解,MIXED
犯妨害性自主罪可以易科罰金嗎？,LEGAL
臺灣苗栗地方法院 115 年度訴字第 258 號刑事判決的法律見解可以說明嗎？,JUDGMENT
數罪併罰被起訴後流程大概是怎樣？,LEGAL
急，有陌生人一直傳訊息騷擾我，這樣是假釋嗎？,LEGAL
不好意思想請教，我的照片被拿去做迷因圖，我想知道相關法律規定，還有實際案例的結果,MIXED
第191條是在講什麼的？,LEGAL
我酒後牽機車走路回家被警察攔，這樣是妨害婚姻及家庭罪嗎？,LEGAL
鄰居半夜施工吵到我報警也沒用，這樣是緩刑嗎？謝謝,LEGAL
請問妨害自由罪的要件是什麼？臺灣士林地方法院 115 年度聲字第 991 號刑事裁定是這樣認定的嗎？求解,MIXED
急，有陌生人一直傳訊息騷擾我，可以告他嗎？依據哪條？有類似判決參考嗎？,MIXED
臺灣高等法院 臺中分院 115 年度聲字第 1190 號刑事裁定判決重點整理,JUDGMENT
我被誣賴偷東西，這樣的案件法條怎麼規定？實務上判賠多少？求解,MIXED
第162條規定的內容，加上實際裁判的運用，一起說明,MIXED
麻煩解答：臺灣臺南地方法院有哪些公共危險的案子？,JUDGMENT
第77條是在講什麼的？,LEGAL
竊盜的裁判實務上多嗎？謝謝,JUDGMENT
不好意思想請教，翻譯一下臺灣高等法院 高雄分院 115 年度聲保字第 376 號刑事裁定的主文，看不懂,JUDGMENT
臺灣高等法院 高雄分院 115 年度聲保字第 378 號刑事裁定的法律見解可以說明嗎？,JUDGMENT
室友一直偷拿我的東西，算未遂犯嗎？有沒有判決可以佐證？,MIXED
有個問題想問：想找臺灣臺南地方法院 115 年度易字第 633 號刑事判決的全文,JUDGMENT
不好意思想請教，臺灣臺中地方法院有哪些詐欺的案子？,JUDGMENT
麻煩解答：外患罪的要件是什麼？臺灣桃園地方法院 114 年度易字第 1478 號刑事判決是這樣認定的嗎？,MIXED
想找臺灣臺南地方法院 115 年度聲字第 1067 號刑事裁定的全文,JUDGMENT
搶奪強盜及海盜罪的法定刑與實際量刑差多少？舉裁判說明,MIXED
刑事責任是什麼意思？,LEGAL
偽造有價證券罪告訴期間過了還能告嗎？,LEGAL
請問判決書裡「羈押」是什麼意思？,JUDGMENT
老闆叫我簽本票才能離職，提告需要什麼證據？,LEGAL
想請問各位，延長監護上訴成功的案例多嗎？,JUDGMENT
公共危險上訴成功的案例多嗎？,JUDGMENT
有個問題想問：瀆職罪初犯會被關嗎？,LEGAL
竊盜上訴成功的案例多嗎？,JUDGMENT
幫我找定應執行之刑相關的判決？,JUDGMENT
臺灣桃園地方法院審理損害賠償的裁判找得到嗎？,JUDGMENT
內亂罪的法定刑與實際量刑差多少？舉裁判說明,MIXED
臺灣嘉義地方法院 115 年度撤緩更一字第 1 號刑事裁定這篇裁判的結論是？,JUDGMENT
第161條是在講什麼的？,LEGAL
幫我看看臺灣高等法院 臺中分院 115 年度聲字第 1072 號刑事裁定在講什麼,JUDGMENT
親戚過世後叔叔把存摺全領走，這樣的案件法條怎麼規定？實務上判賠多少？,MIXED
想請問各位，臺灣臺中地方法院 115 年度聲字第 1992 號刑事裁定的法律見解可以說明嗎？,JUDGMENT
麻煩解答：前男友拿我的私密照威脅我，我可以提告嗎？,LEGAL
我被前公司控告洩漏營業秘密，需要負法律責任嗎？,LEGAL
有人用我的照片開假帳號，需要負法律責任嗎？,LEGAL
不好意思想請教，關於傷害，法條規定與判決先例幫我整理成重點,MIXED
想看幾篇妨害自由的裁判書,JUDGMENT
室友一直偷拿我的東西，算之一 妨害性隱私及不實性影像罪嗎？有沒有判決可以佐證？,MIXED
麻煩解答：網拍賣家收錢不出貨，追訴期是多久？,LEGAL
被依第231條移送會怎麼樣？,LEGAL
醫生開刀開錯位置，這犯了什麼法條？法院以前都怎麼判？,MIXED
臺灣桃園地方法院 115 年度訴字第 362 號民事判決這篇裁判的結論是？,JUDGMENT
不好意思想請教，判決書裡「褫奪公權」是什麼意思？,JUDGMENT
有個問題想問：我未成年的弟弟騎車撞到人，法律規定和法院實務見解都幫我查,MIXED
請問有人在社群貼文造謠我們公司，法律規定和法院實務見解都幫我查？,MIXED
臺灣高等法院 115 年度聲字第 1751 號刑事裁定這篇裁判的結論是？,JUDGMENT
法例告訴期間過了還能告嗎？,LEGAL
老闆叫我簽本票才能離職，法律上我有什麼權利？,LEGAL
想問一下，台灣刑法對鴉片罪的處罰重嗎？,LEGAL
我借人十萬元對方失聯了，對方會有什麼刑責？,LEGAL
妨害秩序罪法條怎麼寫？實務裁判怎麼解釋這條？,MIXED
客戶簽約後拒絕付尾款，算贓物罪嗎？有沒有判決可以佐證？,MIXED
麻煩解答：關於定應執行刑，法條規定與判決先例幫我整理成重點,MIXED
最近假釋付保護管束的案件都怎麼判？,JUDGMENT
想研究妨害農工商罪：條文依據和代表性判決都要,MIXED
臺灣臺南地方法院有哪些違反毒品危害防制條例的案子？,JUDGMENT
有人用我的照片開假帳號，提告需要什麼證據？,LEGAL
有個問題想問：殺人罪的罰金大概多少？,LEGAL
妨害婚姻及家庭罪的法定刑與實際量刑差多少？舉裁判說明,MIXED
麻煩解答：最近過失傷害等的案件都怎麼判？,JUDGMENT
最近洗錢防制法等的案件都怎麼判？求解,JUDGMENT
想問一下，臺灣士林地方法院審理定應執行刑的裁判找得到嗎？,JUDGMENT
台灣刑法對法例的處罰重嗎？,LEGAL
急，刑之酌科及加減法條怎麼寫？實務裁判怎麼解釋這條？,MIXED
想請問各位，想看幾篇損害賠償的裁判書,JUDGMENT
有個問題想問：老闆叫我簽本票才能離職，我想知道相關法律規定，還有實際案例的結果,MIXED
臺灣苗栗地方法院 115 年度苗智簡字第 6 號刑事判決用了哪些條文？那些條文在規範什麼？,MIXED
臺灣新竹地方法院有哪些公共危險的案子？,JUDGMENT
我被跟蹤騷擾了好幾個月，需要負法律責任嗎？求解,LEGAL
急，我幫朋友作保結果他跑路，法律規定和法院實務見解都幫我查,MIXED
臺灣屏東地方法院 114 年度訴字第 947 號刑事裁定為什麼會這樣判？,JUDGMENT
想問一下，想看幾篇定應執行刑的裁判書？感謝解答,JUDGMENT
客戶簽約後拒絕付尾款，算偽造文書印文罪嗎？有沒有判決可以佐證？,MIXED
臺灣臺南地方法院 115 年度簡字第 2631 號刑事判決的法律見解可以說明嗎？,JUDGMENT
想請問各位，搶奪強盜及海盜罪法條怎麼寫？實務裁判怎麼解釋這條？,MIXED
第167條條文內容是什麼？,LEGAL
關於加重詐欺等，法條規定與判決先例幫我整理成重點？求解,MIXED
同事偷看我的手機訊息，我可以提告嗎？,LEGAL
外送餐點被鄰居偷走，提告需要什麼證據？,LEGAL
我的機車停在路邊被人騎走，算之一  妨害風化罪嗎？有沒有判決可以佐證？,MIXED
想找臺灣桃園地方法院 115 年度壢簡字第 298 號刑事判決的全文,JUDGMENT
臺灣臺中地方法院審理詐欺等的裁判找得到嗎？,JUDGMENT
最近聲請假釋期中付保護管束的案件都怎麼判？,JUDGMENT
有人在社群貼文造謠我們公司，這樣是妨害秘密罪嗎？,LEGAL
臺灣桃園地方法院 115 年度壢交簡字第 489 號刑事判決為什麼會這樣判？,JUDGMENT
麻煩解答：法例法條怎麼寫？實務裁判怎麼解釋這條？,MIXED
褻瀆祀典及侵害墳墓屍體罪跟外患罪是一樣的嗎？,LEGAL
想問一下，我未成年的弟弟騎車撞到人，可以告他嗎？依據哪條？有類似判決參考嗎？,MIXED
臺灣高雄地方法院 115 年度審交易字第 495 號刑事裁定的法律見解可以說明嗎？,JUDGMENT
請問我檢舉公司逃漏稅被解僱，這樣的案件法條怎麼規定？實務上判賠多少？,MIXED
有個問題想問：何謂保安處分？,LEGAL
外送餐點被鄰居偷走，可以告他嗎？依據哪條？有類似判決參考嗎？,MIXED
有個問題想問：想看幾篇聲請提審的裁判書,JUDGMENT
臺灣南投地方法院 115 年度訴字第 112 號刑事判決用了哪些條文？那些條文在規範什麼？,MIXED
前男友拿我的私密照威脅我，對方會有什麼刑責？,LEGAL
詐欺背信及重利罪的要件是什麼？臺灣高等法院 114 年度上易字第 382 號刑事裁定是這樣認定的嗎？,MIXED
臺灣士林地方法院 115 年度單禁沒字第 248 號刑事裁定用了哪些條文？那些條文在規範什麼？,MIXED
不好意思想請教，我被詐騙集團騙了三十萬，算緩刑嗎？有沒有判決可以佐證？,MIXED
犯妨害秘密罪可以易科罰金嗎？,LEGAL
贓物罪初犯會被關嗎？,LEGAL
不好意思想請教，判決書裡「告訴乃論」是什麼意思？,JUDGMENT
親戚過世後叔叔把存摺全領走，這犯了什麼法條？法院以前都怎麼判？謝謝,MIXED
臺灣屏東地方法院 115 年度聲字第 413 號刑事裁定的法律見解可以說明嗎？,JUDGMENT
麻煩解答：妨害性自主罪的罰金大概多少？,LEGAL
公共危險罪的要件是什麼？臺灣士林地方法院 115 年度訴字第 618 號刑事判決是這樣認定的嗎？,MIXED
幫我看看臺灣花蓮地方法院 114 年度原金訴字第 161 號刑事裁定在講什麼？謝謝,JUDGMENT
想請問各位，球場打球被故意肘擊受傷，法律上我有什麼權利？,LEGAL
假釋告訴期間過了還能告嗎？,LEGAL
臺灣高等法院 115 年度毒抗字第 238 號刑事裁定用了哪些條文？那些條文在規範什麼？,MIXED
有沒有妨害自由判很輕的案例？,JUDGMENT
第300條是在講什麼的？,LEGAL
急，竊盜上訴成功的案例多嗎？,JUDGMENT
我在夜市跟人起衝突推了對方一把，需要負法律責任嗎？,LEGAL
犯刑事責任可以易科罰金嗎？,LEGAL
想請問各位，判決書裡「不受理」是什麼意思？,JUDGMENT
妨害婚姻及家庭罪是什麼意思？感謝解答,LEGAL
偽造貨幣罪跟偽造有價證券罪是一樣的嗎？,LEGAL
我開車不小心擦撞到行人，可以要求賠償嗎？依據是什麼？,LEGAL
請問有加重詐欺等被判緩刑的判決嗎？,JUDGMENT
我被誣賴偷東西，這樣算犯罪嗎？謝謝,LEGAL
不好意思想請教，親戚過世後叔叔把存摺全領走，這樣的案件法條怎麼規定？實務上判賠多少？,MIXED
想請問各位，傷害罪告訴期間過了還能告嗎？,LEGAL
房東沒經過我同意進我房間，追訴期是多久？,LEGAL
贓物罪是什麼意思？,LEGAL
不好意思想請教，臺灣苗栗地方法院 115 年度聲自字第 7 號刑事裁定被告最後有罪嗎？,JUDGMENT
第103條規定的內容，加上實際裁判的運用，一起說明,MIXED
請問刑法有外患罪這種罪嗎？規定在哪？,LEGAL
何謂偽造文書印文罪？,LEGAL
我的機車停在路邊被人騎走，我想知道相關法律規定，還有實際案例的結果？拜託了,MIXED
網拍賣家收錢不出貨，算妨害自由罪嗎？有沒有判決可以佐證？,MIXED
刑法有外患罪這種罪嗎？規定在哪？,LEGAL
請問加重詐欺等上訴成功的案例多嗎？,JUDGMENT
有聲請具保停止羈押被判緩刑的判決嗎？,JUDGMENT
想請問各位，臺灣高等法院 臺中分院 115 年度聲字第 1058 號刑事裁定這篇裁判的結論是？,JUDGMENT
想問一下，鄰居半夜施工吵到我報警也沒用，這觸犯哪一條法律？求解,LEGAL
請問鄰居的狗衝出來咬傷我，可以告他嗎？依據哪條？有類似判決參考嗎？,MIXED
有人在社群貼文造謠我們公司，報警有用嗎？警察會怎麼處理？,LEGAL
幫我找銀行法等相關的判決？,JUDGMENT
想看幾篇聲請定其應執行刑的裁判書？求解,JUDGMENT
第28條和第61條要怎麼分？,LEGAL
第256條是在講什麼的？,LEGAL
刑法有妨害公務罪這種罪嗎？規定在哪？,LEGAL
急，想找臺灣高等法院 臺中分院 115 年度金上訴字第 1012 號刑事判決的全文,JUDGMENT
翻譯一下臺灣士林地方法院 115 年度附民字第 442 號刑事判決的主文，看不懂,JUDGMENT
請問臺灣嘉義地方法院 115 年度聲字第 431 號刑事裁定被告最後有罪嗎？,JUDGMENT
想請問各位，臺灣士林地方法院 115 年度易字第 510 號刑事裁定被告最後有罪嗎？,JUDGMENT
親戚過世後叔叔把存摺全領走，這樣的案件法條怎麼規定？實務上判賠多少？感謝解答,MIXED
我被詐騙集團騙了三十萬，算刑之酌科及加減嗎？有沒有判決可以佐證？,MIXED
第153條規定的內容，加上實際裁判的運用，一起說明？,MIXED
臺灣臺中地方法院有哪些聲請定應執行之刑的案子？,JUDGMENT
臺灣高等法院有哪些違反人口販運法等的案子？,JUDGMENT
未成年犯刑之酌科及加減會怎麼處理？感謝解答,LEGAL
想問一下，搶奪強盜及海盜罪是什麼意思？,LEGAL
臺灣嘉義地方法院 115 年度嘉簡字第 574 號刑事判決這篇裁判的結論是？求解,JUDGMENT
何謂瀆職罪？求解,LEGAL
麻煩解答：想研究搶奪強盜及海盜罪：條文依據和代表性判決都要,MIXED
不好意思想請教，臺灣桃園地方法院 113 年度簡上附民移簡字第 123 號民事判決用了哪些條文？那些條文在規範什麼？,MIXED
請問我開車不小心擦撞到行人，可以告他嗎？依據哪條？有類似判決參考嗎？,MIXED
有沒有聲請定其應執行刑判很輕的案例？感謝解答,JUDGMENT
刑法有之一  妨害風化罪這種罪嗎？規定在哪？,LEGAL
假釋法條怎麼寫？實務裁判怎麼解釋這條？,MIXED
不好意思想請教，法例是什麼意思？,LEGAL
請問台灣刑法對贓物罪的處罰重嗎？,LEGAL
不好意思想請教，我在停車場被人刮車，法律規定和法院實務見解都幫我查,MIXED
急，損害賠償的裁判實務上多嗎？,JUDGMENT
麻煩解答：脫逃罪法條怎麼寫？實務裁判怎麼解釋這條？,MIXED
有沒有過失傷害判很輕的案例？,JUDGMENT
想問一下，最近定應執行刑的案件都怎麼判？,JUDGMENT
臺灣桃園地方法院 114 年度訴字第 1584 號刑事裁定判了什麼？,JUDGMENT
被依第192條移送會怎麼樣？,LEGAL
緩刑告訴期間過了還能告嗎？,LEGAL
有個問題想問：臺灣士林地方法院審理定應執行刑的裁判找得到嗎？,JUDGMENT
之一 妨害司法公正罪告訴期間過了還能告嗎？,LEGAL
不好意思想請教，正犯與共犯被起訴後流程大概是怎樣？,LEGAL
偽造度量衡罪的要件是什麼？臺灣嘉義地方法院 115 年度簡上附民移簡字第 10 號民事判決是這樣認定的嗎？,MIXED
臺灣高雄地方法院有哪些聲請假釋期中交付保護管束的案子？,JUDGMENT
臺灣高雄地方法院 114 年度訴字第 999 號刑事裁定為什麼會這樣判？,JUDGMENT
臺灣臺南地方法院 115 年度交簡字第 2528 號刑事判決為什麼會這樣判？,JUDGMENT
翻譯一下臺灣臺南地方法院 115 年度簡字第 3702 號刑事判決的主文，看不懂,JUDGMENT
有個問題想問：犯刑可以易科罰金嗎？,LEGAL
時效的罰金大概多少？,LEGAL
幫我看看臺灣高等法院 115 年度抗字第 1750 號刑事裁定在講什麼,JUDGMENT
有個問題想問：前男友拿我的私密照威脅我，可以要求賠償嗎？依據是什麼？,LEGAL
第135條條文內容是什麼？感謝解答,LEGAL
麻煩解答：台灣刑法對遺棄罪的處罰重嗎？,LEGAL
球場打球被故意肘擊受傷，這觸犯哪一條法律？,LEGAL
臺灣橋頭地方法院 115 年度附民字第 1148 號刑事判決用了哪些條文？那些條文在規範什麼？,MIXED
麻煩解答：誣告一般法院判下來大概多重？,JUDGMENT
未成年犯內亂罪會怎麼處理？,LEGAL
不好意思想請教，第194條規定的內容，加上實際裁判的運用，一起說明,MIXED
臺灣嘉義地方法院審理公共危險的裁判找得到嗎？,JUDGMENT
不好意思想請教，公共危險罪跟妨害國交罪是一樣的嗎？,LEGAL
急，親戚過世後叔叔把存摺全領走，可以要求賠償嗎？依據是什麼？,LEGAL
有個問題想問：我的機車停在路邊被人騎走，這樣是妨害秩序罪嗎？,LEGAL
不好意思想請教，解讀一下臺灣臺南地方法院 115 年度附民字第 1278 號刑事判決,JUDGMENT
想請問各位，臺灣臺南地方法院有哪些過失傷害的案子？,JUDGMENT
我未成年的弟弟騎車撞到人，算傷害罪嗎？有沒有判決可以佐證？,MIXED
有個問題想問：我撿到手機拿去賣了，報警有用嗎？警察會怎麼處理？,LEGAL
想問一下，判決書裡「易科罰金」是什麼意思？,JUDGMENT
我檢舉公司逃漏稅被解僱，追訴期是多久？謝謝,LEGAL
想問一下，第359條條文內容是什麼？,LEGAL
台灣刑法對妨害性自主罪的處罰重嗎？,LEGAL
幫我看看臺灣高等法院 115 年度聲保字第 1023 號刑事裁定在講什麼,JUDGMENT
第55條條文內容是什麼？,LEGAL
幫我找毒品危害防制條例相關的判決,JUDGMENT
請問妨害秩序罪在法律上怎麼定義？,LEGAL
急，刑之酌科及加減的要件是什麼？臺灣高等法院 臺中分院 115 年度聲字第 1261 號刑事裁定是這樣認定的嗎？,MIXED
最近洗錢防制法等的案件都怎麼判？,JUDGMENT
瀆職罪的要件是什麼？臺灣臺南地方法院 115 年度交易字第 445 號刑事判決是這樣認定的嗎？,MIXED
第70條規定的內容，加上實際裁判的運用，一起說明,MIXED
想問一下，犯偽造貨幣罪可以易科罰金嗎？,LEGAL
鴉片罪的法定刑與實際量刑差多少？舉裁判說明？拜託了,MIXED
減輕或免除扶養義務的裁判實務上多嗎？,JUDGMENT
臺灣臺北地方法院 115 年度審重訴字第 216 號民事裁定這篇裁判的結論是？,JUDGMENT
幫我找竊盜等相關的判決,JUDGMENT
被依第51條移送會怎麼樣？,LEGAL
想看幾篇洗錢防制法的裁判書,JUDGMENT
刑之酌科及加減跟刑事責任是一樣的嗎？,LEGAL
臺灣新竹地方法院 115 年度交易字第 369 號刑事判決的法律見解可以說明嗎？,JUDGMENT
關於毀棄損壞，法條規定與判決先例幫我整理成重點,MIXED
麻煩解答：關於加重強盜，法條規定與判決先例幫我整理成重點,MIXED
保護管束適用什麼法條？從裁判看法院的標準是什麼？,MIXED
想請問各位，犯之二 易刑可以易科罰金嗎？,LEGAL
室友一直偷拿我的東西，我想知道相關法律規定，還有實際案例的結果,MIXED
刑的罰金大概多少？,LEGAL
臺灣士林地方法院 115 年度聲字第 1063 號刑事裁定被告最後有罪嗎？,JUDGMENT
麻煩解答：這個案子歷審結果幫我整理,JUDGMENT
請問搶奪強盜及海盜罪初犯會被關嗎？,LEGAL
臺灣高等法院審理聲請再審的裁判找得到嗎？,JUDGMENT
台灣刑法對傷害罪的處罰重嗎？,LEGAL
藏匿人犯及湮滅證據罪法條怎麼寫？實務裁判怎麼解釋這條？,MIXED
之一 沒收是什麼意思？,LEGAL
想請問各位，刑之酌科及加減法條怎麼寫？實務裁判怎麼解釋這條？,MIXED
想研究之一 沒收：條文依據和代表性判決都要,MIXED
臺灣士林地方法院 115 年度撤緩字第 61 號刑事裁定這篇裁判的結論是？,JUDGMENT
第75條條文內容是什麼？,LEGAL
臺灣南投地方法院 115 年度投交簡字第 250 號刑事判決判了什麼？,JUDGMENT
臺灣臺南地方法院 115 年度交簡字第 2032 號刑事判決的法律見解可以說明嗎？,JUDGMENT
犯之一 妨害性隱私及不實性影像罪可以易科罰金嗎？求解,LEGAL
判決書裡「假釋」是什麼意思？,JUDGMENT
球場打球被故意肘擊受傷，這觸犯哪一條法律？感謝解答,LEGAL
我被誣賴偷東西，這樣是妨害性自主罪嗎？,LEGAL
犯妨害投票罪可以易科罰金嗎？,LEGAL
我被詐騙集團騙了三十萬，我想知道相關法律規定，還有實際案例的結果？謝謝,MIXED
請問被依第328條移送會怎麼樣？,LEGAL
第339-3條規定的內容，加上實際裁判的運用，一起說明,MIXED
妨害投票罪和解之後還會被起訴嗎？,LEGAL
急，我撿到手機拿去賣了，這樣算犯罪嗎？,LEGAL
醫生開刀開錯位置，這觸犯哪一條法律？,LEGAL
想問一下，臺灣士林地方法院 115 年度訴字第 191 號刑事判決用了哪些條文？那些條文在規範什麼？,MIXED
聲請具保停止羈押適用什麼法條？從裁判看法院的標準是什麼？拜託了,MIXED
急，臺灣高等法院 臺中分院 115 年度聲字第 1086 號刑事裁定用了哪些條文？那些條文在規範什麼？,MIXED
想請問各位，同事偷看我的手機訊息，這樣算犯罪嗎？謝謝,LEGAL
我檢舉公司逃漏稅被解僱，對方會有什麼刑責？,LEGAL
臺灣士林地方法院 115 年度訴字第 634 號刑事判決的法律見解可以說明嗎？,JUDGMENT
想問一下，第145條是在講什麼的？,LEGAL
不好意思想請教，臺灣苗栗地方法院 115 年度苗簡字第 811 號刑事判決這篇裁判的結論是？,JUDGMENT
竊盜罪是什麼意思？,LEGAL
我簽了車貸合約才發現利率超高，可以告他嗎？依據哪條？有類似判決參考嗎？,MIXED
最近聲請更定應執行刑的案件都怎麼判？,JUDGMENT
我的機車停在路邊被人騎走，追訴期是多久？,LEGAL
臺灣臺南地方法院 115 年度訴字第 2053 號刑事判決用了哪些條文？那些條文在規範什麼？,MIXED
第152條是在講什麼的？,LEGAL
墮胎罪的法定刑與實際量刑差多少？舉裁判說明,MIXED
有沒有竊盜判很輕的案例？,JUDGMENT
台灣刑法對假釋的處罰重嗎？,LEGAL
幫我找妨害自由相關的判決,JUDGMENT
刑法有公共危險罪這種罪嗎？規定在哪？,LEGAL
不好意思想請教，有沒有違反保護令判很輕的案例？,JUDGMENT
不好意思想請教，偽造度量衡罪告訴期間過了還能告嗎？,LEGAL
網拍賣家收錢不出貨，算搶奪強盜及海盜罪嗎？有沒有判決可以佐證？,MIXED
臺灣桃園地方法院 115 年度桃簡字第 1261 號刑事判決的法律見解可以說明嗎？,JUDGMENT
臺灣士林地方法院 115 年度審簡字第 431 號刑事判決判了什麼？,JUDGMENT
妨害電腦使用罪的要件是什麼？臺灣雲林地方法院 115 年度交易字第 122 號刑事判決是這樣認定的嗎？,MIXED
臺灣桃園地方法院 115 年度聲字第 1999 號刑事裁定為什麼會這樣判？,JUDGMENT
請問這個案子歷審結果幫我整理,JUDGMENT
臺灣高等法院 115 年度上訴字第 1456 號刑事裁定這篇裁判的結論是？,JUDGMENT
第192條規定的內容，加上實際裁判的運用，一起說明,MIXED
有個問題想問：我買到事故車但車商沒告知，需要負法律責任嗎？,LEGAL
老闆叫我簽本票才能離職，算妨害秩序罪嗎？有沒有判決可以佐證？,MIXED
我酒後牽機車走路回家被警察攔，這樣算犯罪嗎？,LEGAL
朋友借我的名義開公司，提告需要什麼證據？,LEGAL
幫我看看臺灣臺中地方法院 115 年度審金訴字第 1595 號刑事判決在講什麼,JUDGMENT
請問未成年犯毀棄損壞罪會怎麼處理？,LEGAL
想請問各位，外患罪的法定刑與實際量刑差多少？舉裁判說明？感謝解答,MIXED
想找臺灣橋頭地方法院 115 年度簡字第 1958 號刑事判決的全文,JUDGMENT
同事偷看我的手機訊息，提告需要什麼證據？,LEGAL
急，懲戒法院懲戒法庭 115 年度清字第 25 號懲戒裁定為什麼會這樣判？感謝解答,JUDGMENT
偽造有價證券罪跟偽造文書印文罪是一樣的嗎？,LEGAL
最近傷害等的案件都怎麼判？,JUDGMENT
解讀一下臺灣宜蘭地方法院 114 年度訴字第 919 號刑事裁定,JUDGMENT
外患罪法條怎麼寫？實務裁判怎麼解釋這條？,MIXED
翻譯一下臺灣高等法院 臺南分院 115 年度聲字第 633 號刑事裁定的主文，看不懂,JUDGMENT
臺灣嘉義地方法院 115 年度金訴字第 105 號刑事判決的法律見解可以說明嗎？,JUDGMENT
之一 妨害性隱私及不實性影像罪初犯會被關嗎？,LEGAL
假釋的要件是什麼？臺灣臺北地方法院 115 年度聲字第 1734 號刑事裁定是這樣認定的嗎？,MIXED
急，我的照片被拿去做迷因圖，法律規定和法院實務見解都幫我查,MIXED
臺灣彰化地方法院有哪些竊盜的案子？謝謝,JUDGMENT
有沒有銀行法判很輕的案例？,JUDGMENT
網拍賣家收錢不出貨，算妨害投票罪嗎？有沒有判決可以佐證？,MIXED
有人冒用我的名義辦門號，算殺人罪嗎？有沒有判決可以佐證？,MIXED
不好意思想請教，室友欠房租跑掉房東要我全付，可以要求賠償嗎？依據是什麼？,LEGAL
我酒後牽機車走路回家被警察攔，可以要求賠償嗎？依據是什麼？,LEGAL
妨害秩序罪的罰金大概多少？感謝解答,LEGAL
麻煩解答：我被詐騙集團騙了三十萬，法律規定和法院實務見解都幫我查,MIXED
室友欠房租跑掉房東要我全付，算公共危險罪嗎？有沒有判決可以佐證？,MIXED
臺灣桃園地方法院 115 年度聲保字第 306 號刑事裁定判決重點整理,JUDGMENT
這個案子歷審結果幫我整理？謝謝,JUDGMENT
臺灣苗栗地方法院 115 年度苗交簡字第 379 號刑事判決判了什麼？,JUDGMENT
我撿到手機拿去賣了，法律上我有什麼權利？求解,LEGAL
有沒有洗錢防制法判很輕的案例？,JUDGMENT
臺灣基隆地方法院審理假釋中付保護管束的裁判找得到嗎？感謝解答,JUDGMENT
翻譯一下臺灣臺南地方法院 115 年度聲字第 962 號刑事裁定的主文，看不懂,JUDGMENT
有個問題想問：判決書裡「累犯」是什麼意思？,JUDGMENT
臺灣桃園地方法院 115 年度壢簡字第 556 號刑事裁定這篇裁判的結論是？,JUDGMENT
想找臺灣臺中地方法院 115 年度聲字第 1637 號刑事裁定的全文,JUDGMENT
想請問各位，臺灣士林地方法院 115 年度審簡字第 634 號刑事裁定判了什麼？,JUDGMENT
請問第161條規定的內容，加上實際裁判的運用，一起說明,MIXED
臺灣花蓮地方法院 114 年度花簡字第 238 號刑事裁定被告最後有罪嗎？謝謝,JUDGMENT
第344-1條和第189-2條要怎麼分？拜託了,LEGAL
第26條規定的內容，加上實際裁判的運用，一起說明,MIXED
數罪併罰跟之一 藐視國會罪是一樣的嗎？,LEGAL
刑法有偽造有價證券罪這種罪嗎？規定在哪？,LEGAL
未成年犯瀆職罪會怎麼處理？感謝解答,LEGAL
臺灣高等法院 高雄分院 115 年度上訴字第 498 號刑事判決為什麼會這樣判？,JUDGMENT
聲請發還扣押物一般法院判下來大概多重？,JUDGMENT
我被誣賴偷東西，報警有用嗎？警察會怎麼處理？求解,LEGAL
我把公司資料帶去新公司用，這樣是偽造有價證券罪嗎？,LEGAL
同事偷看我的手機訊息，對方會有什麼刑責？求解,LEGAL
想看幾篇洗錢防制法等的裁判書？,JUDGMENT
台灣刑法對遺棄罪的處罰重嗎？,LEGAL
被依第249條移送會怎麼樣？,LEGAL
想請問各位，刑法有刑之酌科及加減這種罪嗎？規定在哪？,LEGAL
鄰居半夜施工吵到我報警也沒用，這犯了什麼法條？法院以前都怎麼判？,MIXED
麻煩解答：前男友拿我的私密照威脅我，可以告他嗎？依據哪條？有類似判決參考嗎？,MIXED
被依第221條移送會怎麼樣？,LEGAL
犯瀆職罪可以易科罰金嗎？,LEGAL
有個問題想問：幫我找違反性騷擾防治法相關的判決,JUDGMENT
臺灣高等法院 115 年度抗字第 1685 號刑事裁定用了哪些條文？那些條文在規範什麼？,MIXED
何謂妨害農工商罪？,LEGAL
刑事責任和解之後還會被起訴嗎？,LEGAL
不好意思想請教，臺灣高等法院 115 年度抗字第 1489 號刑事裁定用了哪些條文？那些條文在規範什麼？,MIXED
想請問各位，老闆叫我簽本票才能離職，算偽證及誣告罪嗎？有沒有判決可以佐證？,MIXED
賭博適用什麼法條？從裁判看法院的標準是什麼？,MIXED
法例的法定刑與實際量刑差多少？舉裁判說明？,MIXED
不好意思想請教，臺灣新北地方法院 114 年度審金訴字第 3906 號刑事裁定判決重點整理,JUDGMENT
我買到事故車但車商沒告知，法律上我有什麼權利？,LEGAL
有個問題想問：關於過失傷害，法條規定與判決先例幫我整理成重點,MIXED
臺灣南投地方法院 115 年度投交簡字第 253 號刑事判決判了什麼？,JUDGMENT
急，想找臺灣高等法院 臺中分院 115 年度聲字第 940 號刑事裁定的全文,JUDGMENT
鄰居半夜施工吵到我報警也沒用，提告需要什麼證據？,LEGAL
台灣刑法對妨害秘密罪的處罰重嗎？,LEGAL
想問一下，判決書裡「免訴」是什麼意思？,JUDGMENT
想請問各位，幫我找詐欺等相關的判決,JUDGMENT
有個問題想問：臺灣士林地方法院審理違反洗錢防制法等的裁判找得到嗎？,JUDGMENT
第344條是在講什麼的？,LEGAL
麻煩解答：之一  妨害風化罪的要件是什麼？臺灣高等法院 115 年度聲再字第 270 號刑事裁定是這樣認定的嗎？,MIXED
幫我找公共危險相關的判決？,JUDGMENT
想問一下，我撿到手機拿去賣了，對方會有什麼刑責？,LEGAL
我借人十萬元對方失聯了，這樣的案件法條怎麼規定？實務上判賠多少？,MIXED
偽造文書印文罪的要件是什麼？臺灣臺中地方法院 115 年度審原簡字第 32 號刑事判決是這樣認定的嗎？,MIXED
我在停車場被人刮車，法律規定和法院實務見解都幫我查,MIXED
請問臺灣士林地方法院 115 年度智附民字第 1 號刑事判決用了哪些條文？那些條文在規範什麼？,MIXED
脫逃罪是什麼意思？,LEGAL
我被前公司控告洩漏營業秘密，我想知道相關法律規定，還有實際案例的結果,MIXED
急，外患罪和解之後還會被起訴嗎？,LEGAL
想找臺灣桃園地方法院 115 年度訴字第 1287 號刑事判決的全文,JUDGMENT
翻譯一下臺灣高等法院 114 年度上訴字第 4562 號刑事裁定的主文，看不懂,JUDGMENT
侵占遺失物的裁判實務上多嗎？拜託了,JUDGMENT
麻煩解答：我的機車停在路邊被人騎走，我想知道相關法律規定，還有實際案例的結果,MIXED
妨害性自主罪法條怎麼寫？實務裁判怎麼解釋這條？,MIXED
翻譯一下臺灣桃園地方法院 114 年度壢簡字第 1894 號刑事判決的主文，看不懂,JUDGMENT
想找臺灣桃園地方法院 114 年度訴字第 1263 號刑事判決的全文,JUDGMENT
不好意思想請教，有沒有公共危險判很輕的案例？,JUDGMENT
褻瀆祀典及侵害墳墓屍體罪被起訴後流程大概是怎樣？,LEGAL
我被誣賴偷東西，這樣算犯罪嗎？,LEGAL
臺灣新北地方法院審理公共危險的裁判找得到嗎？,JUDGMENT
朋友借我的名義開公司，對方會有什麼刑責？,LEGAL
急，我的機車停在路邊被人騎走，報警有用嗎？警察會怎麼處理？,LEGAL
我被詐騙集團騙了三十萬，算妨害電腦使用罪嗎？有沒有判決可以佐證？,MIXED
公共危險的裁判實務上多嗎？,JUDGMENT
請問球場打球被故意肘擊受傷，我想知道相關法律規定，還有實際案例的結果,MIXED
外送餐點被鄰居偷走，算之一  妨害風化罪嗎？有沒有判決可以佐證？,MIXED
急，關於護照條例，法條規定與判決先例幫我整理成重點,MIXED
急，臺灣高等法院審理兒童及少年性剝削防制條例的裁判找得到嗎？,JUDGMENT
保安處分法條怎麼寫？實務裁判怎麼解釋這條？,MIXED
請問想研究詐欺背信及重利罪：條文依據和代表性判決都要,MIXED
麻煩解答：妨害名譽及信用罪跟累犯是一樣的嗎？,LEGAL
我未成年的弟弟騎車撞到人，算妨害秘密罪嗎？有沒有判決可以佐證？,MIXED
麻煩解答：判決書裡「定應執行刑」是什麼意思？,JUDGMENT
想問一下，醫生開刀開錯位置，法律規定和法院實務見解都幫我查,MIXED
第120條規定的內容，加上實際裁判的運用，一起說明,MIXED
鴉片罪初犯會被關嗎？,LEGAL
麻煩解答：臺灣臺南地方法院 115 年度交易字第 651 號刑事判決判決重點整理？謝謝,JUDGMENT
想找臺灣高等法院 臺中分院 115 年度聲字第 1080 號刑事裁定的全文,JUDGMENT
未遂犯法條怎麼寫？實務裁判怎麼解釋這條？,MIXED
刑事責任的法定刑與實際量刑差多少？舉裁判說明,MIXED
想看幾篇聲請發還扣押物的裁判書,JUDGMENT
想問一下，我在夜市跟人起衝突推了對方一把，可以告他嗎？依據哪條？有類似判決參考嗎？,MIXED
臺灣高等法院 臺中分院 115 年度原上易字第 16 號刑事判決為什麼會這樣判？,JUDGMENT
竊盜適用什麼法條？從裁判看法院的標準是什麼？,MIXED
刑之酌科及加減的罰金大概多少？,LEGAL
我在停車場被人刮車，可以要求賠償嗎？依據是什麼？,LEGAL
不好意思想請教，前男友拿我的私密照威脅我，需要負法律責任嗎？,LEGAL
第170條條文內容是什麼？,LEGAL
臺灣新竹地方法院 115 年度竹簡字第 259 號民事裁定這篇裁判的結論是？,JUDGMENT
第122條規定的內容，加上實際裁判的運用，一起說明？,MIXED
我開車不小心擦撞到行人，算妨害秘密罪嗎？有沒有判決可以佐證？,MIXED
臺灣高雄地方法院 115 年度聲保字第 173 號刑事裁定判了什麼？,JUDGMENT
急，妨害性自主罪的法定刑與實際量刑差多少？舉裁判說明,MIXED
急，妨害公務罪在法律上怎麼定義？,LEGAL
妨害性自主罪的法定刑與實際量刑差多少？舉裁判說明,MIXED
妨害名譽及信用罪跟公共危險罪是一樣的嗎？,LEGAL
臺灣高等法院 臺中分院 115 年度金上訴字第 1012 號刑事判決用了哪些條文？那些條文在規範什麼？,MIXED
想問一下，幫我看看臺灣臺南地方法院 115 年度訴字第 1910 號刑事判決在講什麼,JUDGMENT
不好意思想請教，未成年犯之一 妨害司法公正罪會怎麼處理？,LEGAL
何謂妨害性自主罪？,LEGAL
想問一下，臺灣高等法院有哪些聲請定其應執行刑的案子？,JUDGMENT
解讀一下臺灣屏東地方法院 115 年度交簡字第 862 號刑事判決,JUDGMENT
臺灣高等法院 115 年度金上訴字第 4 號刑事判決這篇裁判的結論是？,JUDGMENT
不好意思想請教，想研究恐嚇及擄人勒贖罪：條文依據和代表性判決都要,MIXED
急，想研究墮胎罪：條文依據和代表性判決都要？感謝解答,MIXED
妨害農工商罪法條怎麼寫？實務裁判怎麼解釋這條？,MIXED
臺灣高等法院 花蓮分院 115 年度國審上訴字第 1 號刑事裁定判決重點整理,JUDGMENT
妨害婚姻及家庭罪的要件是什麼？臺灣苗栗地方法院 115 年度聲字第 432 號刑事裁定是這樣認定的嗎？,MIXED
臺灣嘉義地方法院 115 年度嘉簡字第 835 號刑事判決用了哪些條文？那些條文在規範什麼？,MIXED
臺灣桃園地方法院 115 年度壢簡字第 1287 號刑事判決判決重點整理？,JUDGMENT
臺灣桃園地方法院審理毀損的裁判找得到嗎？,JUDGMENT
第57條是在講什麼的？,LEGAL
鴉片罪法條怎麼寫？實務裁判怎麼解釋這條？,MIXED
有個問題想問：刑事責任跟鴉片罪是一樣的嗎？求解,LEGAL
想請問各位，法例的罰金大概多少？,LEGAL
醫生開刀開錯位置，提告需要什麼證據？,LEGAL
麻煩解答：翻譯一下臺灣新北地方法院 115 年度審交易字第 993 號刑事判決的主文，看不懂,JUDGMENT
第54條和第222條要怎麼分？,LEGAL
緩刑在法律上怎麼定義？,LEGAL
急，翻譯一下臺灣臺北地方法院 115 年度審原訴字第 203 號民事裁定的主文，看不懂,JUDGMENT
想問一下，我幫朋友作保結果他跑路，算妨害秘密罪嗎？有沒有判決可以佐證？,MIXED
藏匿人犯及湮滅證據罪的法定刑與實際量刑差多少？舉裁判說明,MIXED
麻煩解答：有沒有詐欺等判很輕的案例？感謝解答,JUDGMENT
時效被起訴後流程大概是怎樣？,LEGAL
想問一下，未成年犯數罪併罰會怎麼處理？,LEGAL
第132條規定的內容，加上實際裁判的運用，一起說明,MIXED
球場打球被故意肘擊受傷，算刑之酌科及加減嗎？有沒有判決可以佐證？,MIXED
刑法有藏匿人犯及湮滅證據罪這種罪嗎？規定在哪？,LEGAL
幫我看看臺灣臺北地方法院 115 年度交簡字第 1111 號刑事判決在講什麼？感謝解答,JUDGMENT
未成年犯刑之酌科及加減會怎麼處理？,LEGAL
室友一直偷拿我的東西，需要負法律責任嗎？,LEGAL
我被誣賴偷東西，可以要求賠償嗎？依據是什麼？,LEGAL
我在夜市跟人起衝突推了對方一把，這樣是脫逃罪嗎？,LEGAL
朋友借我的名義開公司，算偽造文書印文罪嗎？有沒有判決可以佐證？,MIXED
急，我未成年的弟弟騎車撞到人，需要負法律責任嗎？求解,LEGAL
請問我提供帳戶給別人使用結果被列警示戶，我想知道相關法律規定，還有實際案例的結果？拜託了,MIXED
有個問題想問：第151條條文內容是什麼？,LEGAL
妨害名譽及信用罪被起訴後流程大概是怎樣？,LEGAL
解讀一下臺灣苗栗地方法院 115 年度易字第 362 號刑事判決,JUDGMENT
我開車不小心擦撞到行人，算搶奪強盜及海盜罪嗎？有沒有判決可以佐證？,MIXED
我被跟蹤騷擾了好幾個月，這樣算犯罪嗎？,LEGAL
第92條規定的內容，加上實際裁判的運用，一起說明,MIXED
急，鴉片罪的要件是什麼？臺灣臺中地方法院 115 年度聲字第 1511 號刑事裁定是這樣認定的嗎？,MIXED
請問之一 沒收和解之後還會被起訴嗎？,LEGAL
台灣刑法對脫逃罪的處罰重嗎？,LEGAL
請問這份裁判書幫我做摘要？,JUDGMENT
刑法有妨害秩序罪這種罪嗎？規定在哪？,LEGAL
有個問題想問：臺灣高雄少年及家事法院 115 年度婚字第 120 號民事判決被告最後有罪嗎？,JUDGMENT
第283條是在講什麼的？,LEGAL
不好意思想請教，臺灣橋頭地方法院有哪些損害賠償的案子？,JUDGMENT
妨害自由適用什麼法條？從裁判看法院的標準是什麼？,MIXED
想請問各位，臺灣臺南地方法院 115 年度交易字第 445 號刑事判決的法律見解可以說明嗎？,JUDGMENT
有個問題想問：最近詐欺的案件都怎麼判？,JUDGMENT
想問一下，之一 沒收初犯會被關嗎？,LEGAL
臺灣士林地方法院 115 年度審易字第 912 號刑事判決這篇裁判的結論是？,JUDGMENT
不好意思想請教，脫逃罪法條怎麼寫？實務裁判怎麼解釋這條？,MIXED
之一 妨害性隱私及不實性影像罪在法律上怎麼定義？拜託了,LEGAL
臺灣臺北地方法院 115 年度審原重訴字第 34 號民事裁定用了哪些條文？那些條文在規範什麼？,MIXED
第268條和第113條要怎麼分？,LEGAL
請問台灣刑法對妨害投票罪的處罰重嗎？,LEGAL
有假釋中交付保護管束被判緩刑的判決嗎？,JUDGMENT
毒品危害防制條例等上訴成功的案例多嗎？,JUDGMENT
不好意思想請教，鄰居的狗衝出來咬傷我，我想知道相關法律規定，還有實際案例的結果,MIXED
老闆叫我簽本票才能離職，需要負法律責任嗎？,LEGAL
請問臺灣臺北地方法院 115 年度聲字第 2050 號刑事裁定被告最後有罪嗎？拜託了,JUDGMENT
妨害自由罪和解之後還會被起訴嗎？,LEGAL
有人冒用我的名義辦門號，算妨害投票罪嗎？有沒有判決可以佐證？,MIXED
臺灣高等法院 高雄分院 115 年度聲再字第 73 號刑事裁定判了什麼？,JUDGMENT
何謂刑之酌科及加減？,LEGAL
請問我把公司資料帶去新公司用，算妨害國交罪嗎？有沒有判決可以佐證？,MIXED
判決書裡「上訴駁回」是什麼意思？,JUDGMENT
被依第109條移送會怎麼樣？,LEGAL
想問一下，鄰居的狗衝出來咬傷我，可以告他嗎？依據哪條？有類似判決參考嗎？,MIXED
臺灣士林地方法院有哪些詐欺等的案子？,JUDGMENT
想找臺灣臺南地方法院 115 年度簡字第 1782 號刑事判決的全文？求解,JUDGMENT
麻煩解答：鴉片罪的要件是什麼？臺灣桃園地方法院 115 年度簡上字第 169 號刑事判決是這樣認定的嗎？,MIXED
急，我借人十萬元對方失聯了，可以告他嗎？依據哪條？有類似判決參考嗎？,MIXED
緩刑被起訴後流程大概是怎樣？謝謝,LEGAL
關於聲請發還保證金，法條規定與判決先例幫我整理成重點,MIXED
臺灣高等法院 高雄分院 115 年度上訴字第 381 號刑事判決被告最後有罪嗎？,JUDGMENT
急，我在停車場被人刮車，報警有用嗎？警察會怎麼處理？,LEGAL
臺灣苗栗地方法院有哪些違反入出國及移民法的案子？,JUDGMENT
臺灣新竹地方法院 115 年度易字第 524 號刑事判決用了哪些條文？那些條文在規範什麼？,MIXED
翻譯一下臺灣高雄地方法院 115 年度審訴字第 72 號刑事裁定的主文，看不懂,JUDGMENT
詐欺背信及重利罪跟妨害性自主罪是一樣的嗎？,LEGAL
毀損一般法院判下來大概多重？,JUDGMENT
麻煩解答：有陌生人一直傳訊息騷擾我，這犯了什麼法條？法院以前都怎麼判？,MIXED
請問臺灣高等法院 高雄分院 115 年度聲保字第 372 號刑事裁定判了什麼？,JUDGMENT
公共危險罪的要件是什麼？臺灣桃園地方法院 114 年度訴字第 1718 號刑事判決是這樣認定的嗎？,MIXED
臺灣士林地方法院 115 年度訴字第 552 號刑事判決這篇裁判的結論是？,JUDGMENT
不好意思想請教，醫生開刀開錯位置，我可以提告嗎？,LEGAL
竊盜等適用什麼法條？從裁判看法院的標準是什麼？謝謝,MIXED
想請問各位，想研究緩刑：條文依據和代表性判決都要？,MIXED
想問一下，我酒後牽機車走路回家被警察攔，我想知道相關法律規定，還有實際案例的結果,MIXED
我小孩在學校被同學打，法律上我有什麼權利？,LEGAL
想看幾篇家暴妨害性自主等的裁判書,JUDGMENT
翻譯一下臺灣臺中地方法院 115 年度簡字第 250 號刑事判決的主文，看不懂,JUDGMENT
翻譯一下臺灣嘉義地方法院 115 年度嘉簡字第 562 號刑事判決的主文，看不懂,JUDGMENT
有陌生人一直傳訊息騷擾我，需要負法律責任嗎？,LEGAL
刑之酌科及加減和解之後還會被起訴嗎？,LEGAL
公司要我自願離職不給資遣費，這樣是偽造貨幣罪嗎？,LEGAL
被依第73條移送會怎麼樣？,LEGAL
急，第311條規定的內容，加上實際裁判的運用，一起說明？,MIXED
想請問各位，老闆叫我簽本票才能離職，可以告他嗎？依據哪條？有類似判決參考嗎？,MIXED
撤銷暫行安置適用什麼法條？從裁判看法院的標準是什麼？,MIXED
想問一下，傷害罪的要件是什麼？臺灣臺南地方法院 115 年度聲字第 1244 號刑事裁定是這樣認定的嗎？,MIXED
客戶簽約後拒絕付尾款，需要負法律責任嗎？,LEGAL
醫生開刀開錯位置，可以告他嗎？依據哪條？有類似判決參考嗎？拜託了,MIXED
聲請停止羈押一般法院判下來大概多重？,JUDGMENT
朋友借我的名義開公司，我可以提告嗎？,LEGAL
妨害公務罪被起訴後流程大概是怎樣？,LEGAL
我撿到手機拿去賣了，可以告他嗎？依據哪條？有類似判決參考嗎？,MIXED
數罪併罰是什麼意思？,LEGAL
有個問題想問：判決書裡「沒收追徵」是什麼意思？,JUDGMENT
有個問題想問：想研究遺棄罪：條文依據和代表性判決都要,MIXED
關於竊佔等，法條規定與判決先例幫我整理成重點,MIXED
不好意思想請教，被依第320條移送會怎麼樣？,LEGAL
偽造貨幣罪被起訴後流程大概是怎樣？,LEGAL
急，房東沒經過我同意進我房間，我想知道相關法律規定，還有實際案例的結果,MIXED
妨害電腦使用罪被起訴後流程大概是怎樣？,LEGAL
何謂之二 易刑？,LEGAL
我簽了車貸合約才發現利率超高，我可以提告嗎？感謝解答,LEGAL
第359條規定的內容，加上實際裁判的運用，一起說明,MIXED
麻煩解答：我借人十萬元對方失聯了，法律規定和法院實務見解都幫我查？,MIXED
請問過失傷害適用什麼法條？從裁判看法院的標準是什麼？,MIXED
請問刑法有妨害秘密罪這種罪嗎？規定在哪？,LEGAL
想請問各位，臺灣屏東地方法院 115 年度聲字第 127 號刑事裁定用了哪些條文？那些條文在規範什麼？,MIXED
累犯法條怎麼寫？實務裁判怎麼解釋這條？拜託了,MIXED
有個問題想問：偽造貨幣罪的法定刑與實際量刑差多少？舉裁判說明,MIXED
室友一直偷拿我的東西，法律上我有什麼權利？,LEGAL
有個問題想問：醫生開刀開錯位置，算妨害農工商罪嗎？有沒有判決可以佐證？,MIXED
我簽了車貸合約才發現利率超高，追訴期是多久？拜託了,LEGAL
我簽了車貸合約才發現利率超高，法律規定和法院實務見解都幫我查,MIXED
損害賠償上訴成功的案例多嗎？,JUDGMENT
臺灣士林地方法院 114 年度審訴字第 2773 號刑事判決這篇裁判的結論是？,JUDGMENT
球場打球被故意肘擊受傷，算公共危險罪嗎？有沒有判決可以佐證？,MIXED
不好意思想請教，刑法有詐欺背信及重利罪這種罪嗎？規定在哪？,LEGAL
我酒後牽機車走路回家被警察攔，這觸犯哪一條法律？,LEGAL
球場打球被故意肘擊受傷，追訴期是多久？,LEGAL
竊盜罪的要件是什麼？臺灣高等法院 115 年度上訴字第 2633 號刑事裁定是這樣認定的嗎？,MIXED
室友一直偷拿我的東西，可以告他嗎？依據哪條？有類似判決參考嗎？,MIXED
急，我被跟蹤騷擾了好幾個月，這樣的案件法條怎麼規定？實務上判賠多少？,MIXED
臺灣士林地方法院 115 年度聲字第 980 號刑事裁定為什麼會這樣判？,JUDGMENT
關於聲請撤銷緩刑，法條規定與判決先例幫我整理成重點,MIXED
老闆叫我簽本票才能離職，可以告他嗎？依據哪條？有類似判決參考嗎？謝謝,MIXED
想研究鴉片罪：條文依據和代表性判決都要？感謝解答,MIXED
我被前公司控告洩漏營業秘密，對方會有什麼刑責？,LEGAL
瀆職罪跟法例是一樣的嗎？,LEGAL
未成年犯恐嚇及擄人勒贖罪會怎麼處理？,LEGAL
這個案子歷審結果幫我整理？,JUDGMENT
請問想看幾篇竊盜的裁判書,JUDGMENT
急，鄰居半夜施工吵到我報警也沒用，我可以提告嗎？,LEGAL
我幫朋友作保結果他跑路，需要負法律責任嗎？,LEGAL
醫生開刀開錯位置，算妨害性自主罪嗎？有沒有判決可以佐證？,MIXED
有人用我的照片開假帳號，我想知道相關法律規定，還有實際案例的結果,MIXED
第110條規定的內容，加上實際裁判的運用，一起說明,MIXED
麻煩解答：時效被起訴後流程大概是怎樣？,LEGAL
想研究妨害自由罪：條文依據和代表性判決都要？,MIXED
臺灣南投地方法院 115 年度聲保字第 44 號刑事裁定判了什麼？,JUDGMENT
被依第231-1條移送會怎麼樣？,LEGAL
請問臺灣臺南地方法院 115 年度簡字第 2739 號刑事判決判了什麼？,JUDGMENT
有個問題想問：福建金門地方法院 115 年度易字第 13 號刑事裁定判決重點整理,JUDGMENT
有個問題想問：臺灣高等法院 115 年度聲字第 1812 號刑事裁定用了哪些條文？那些條文在規範什麼？,MIXED
搶奪強盜及海盜罪是什麼意思？,LEGAL
請問鴉片罪的罰金大概多少？,LEGAL
最近偽造文書等的案件都怎麼判？,JUDGMENT
臺灣嘉義地方法院 115 年度嘉交簡字第 598 號刑事判決的法律見解可以說明嗎？,JUDGMENT
偽證及誣告罪的要件是什麼？臺灣士林地方法院 115 年度附民緝字第 33 號刑事判決是這樣認定的嗎？,MIXED
想問一下，有人冒用我的名義辦門號，算偽造文書印文罪嗎？有沒有判決可以佐證？,MIXED
麻煩解答：我的機車停在路邊被人騎走，可以告他嗎？依據哪條？有類似判決參考嗎？,MIXED
想請問各位，我在網路上被人公開罵垃圾，算墮胎罪嗎？有沒有判決可以佐證？,MIXED
刑法有之一 妨害性隱私及不實性影像罪這種罪嗎？規定在哪？,LEGAL
麻煩解答：詐欺等一般法院判下來大概多重？,JUDGMENT
我的照片被拿去做迷因圖，這樣算犯罪嗎？,LEGAL
刑法有傷害罪這種罪嗎？規定在哪？,LEGAL
法例的要件是什麼？臺灣苗栗地方法院 115 年度苗交簡字第 361 號刑事判決是這樣認定的嗎？,MIXED
詐欺適用什麼法條？從裁判看法院的標準是什麼？,MIXED
我在停車場被人刮車，提告需要什麼證據？,LEGAL
不好意思想請教，第99條條文內容是什麼？,LEGAL
妨害性自主罪在法律上怎麼定義？,LEGAL
解讀一下臺灣臺南地方法院 115 年度交簡字第 2581 號刑事判決,JUDGMENT
房東沒經過我同意進我房間，我想知道相關法律規定，還有實際案例的結果,MIXED
想問一下，醫生開刀開錯位置，我可以提告嗎？,LEGAL
聲請定應執行之刑一般法院判下來大概多重？,JUDGMENT
公共危險罪跟瀆職罪是一樣的嗎？,LEGAL
臺灣新竹地方法院 115 年度竹簡字第 304 號民事判決判了什麼？,JUDGMENT
急，客戶簽約後拒絕付尾款，這樣是偽造有價證券罪嗎？,LEGAL
第102條規定的內容，加上實際裁判的運用，一起說明,MIXED
聲請定其應執行刑的裁判實務上多嗎？感謝解答,JUDGMENT
臺灣新北地方法院 115 年度審易字第 2076 號刑事判決這篇裁判的結論是？謝謝,JUDGMENT
違反保護令一般法院判下來大概多重？,JUDGMENT
臺灣高雄地方法院 115 年度審易字第 1237 號刑事裁定被告最後有罪嗎？,JUDGMENT
我被詐騙集團騙了三十萬，這觸犯哪一條法律？謝謝,LEGAL
不好意思想請教，我買到事故車但車商沒告知，這樣是偽造有價證券罪嗎？,LEGAL
想問一下，幫我找撤銷緩刑相關的判決,JUDGMENT
解讀一下臺灣桃園地方法院 115 年度聲字第 2315 號刑事裁定,JUDGMENT
第19條規定的內容，加上實際裁判的運用，一起說明,MIXED
傷害一般法院判下來大概多重？,JUDGMENT
臺灣桃園地方法院有哪些公共危險的案子？,JUDGMENT
想請問各位，幫我比較這兩篇判決的差異？求解,JUDGMENT
想問一下，保安處分的要件是什麼？臺灣高等法院 臺南分院 115 年度原上訴字第 42 號刑事裁定是這樣認定的嗎？,MIXED
我買到事故車但車商沒告知，算侵占罪嗎？有沒有判決可以佐證？,MIXED
關於聲請假釋期中交付保護管束，法條規定與判決先例幫我整理成重點,MIXED
臺灣高等法院 高雄分院 115 年度聲再字第 72 號刑事裁定的法律見解可以說明嗎？,JUDGMENT
不好意思想請教，判決書裡「易科罰金」是什麼意思？,JUDGMENT
請求賠償損害上訴成功的案例多嗎？,JUDGMENT
我被詐騙集團騙了三十萬，提告需要什麼證據？求解,LEGAL
之一 沒收和解之後還會被起訴嗎？,LEGAL
我的照片被拿去做迷因圖，我想知道相關法律規定，還有實際案例的結果,MIXED
想請問各位，臺灣苗栗地方法院審理傷害的裁判找得到嗎？,JUDGMENT
想請問各位，臺灣士林地方法院審理定應執行刑的裁判找得到嗎？,JUDGMENT
請問臺灣高等法院 臺南分院 115 年度上訴字第 1232 號刑事判決判了什麼？,JUDGMENT
臺灣臺南地方法院 115 年度易字第 247 號刑事判決用了哪些條文？那些條文在規範什麼？,MIXED
第90條條文內容是什麼？,LEGAL
我買到事故車但車商沒告知，我想知道相關法律規定，還有實際案例的結果？拜託了,MIXED
我的照片被拿去做迷因圖，報警有用嗎？警察會怎麼處理？,LEGAL
臺灣士林地方法院 115 年度聲字第 903 號刑事裁定判決重點整理,JUDGMENT
想請問各位，臺灣南投地方法院審理因洗錢防制法提起附帶民事訴訟的裁判找得到嗎？,JUDGMENT
想問一下，有人檢舉我違建要拆我房子，這樣的案件法條怎麼規定？實務上判賠多少？,MIXED
我把公司資料帶去新公司用，我可以提告嗎？,LEGAL
外送餐點被鄰居偷走，可以要求賠償嗎？依據是什麼？謝謝,LEGAL
急，臺灣臺南地方法院 115 年度簡字第 3709 號刑事判決的法律見解可以說明嗎？,JUDGMENT
臺灣新北地方法院 115 年度金訴字第 976 號刑事裁定為什麼會這樣判？,JUDGMENT
何謂妨害名譽及信用罪？,LEGAL
關於損害賠償，法條規定與判決先例幫我整理成重點,MIXED
偽造有價證券罪告訴期間過了還能告嗎？感謝解答,LEGAL
翻譯一下臺灣高等法院 臺中分院 115 年度抗字第 453 號刑事裁定的主文，看不懂,JUDGMENT
急，刑法有偽造度量衡罪這種罪嗎？規定在哪？,LEGAL
刑事責任被起訴後流程大概是怎樣？,LEGAL
麻煩解答：妨害婚姻及家庭罪法條怎麼寫？實務裁判怎麼解釋這條？,MIXED
幫我找專科沒收相關的判決,JUDGMENT
臺灣新北地方法院審理侵權行為損害賠償的裁判找得到嗎？,JUDGMENT
翻譯一下臺灣士林地方法院 115 年度聲字第 992 號刑事裁定的主文，看不懂,JUDGMENT
臺灣高等法院 115 年度上訴字第 2921 號刑事裁定為什麼會這樣判？,JUDGMENT
請問之一 妨害司法公正罪和解之後還會被起訴嗎？,LEGAL
第335條是在講什麼的？拜託了,LEGAL
有個問題想問：第172-2條條文內容是什麼？,LEGAL
減輕或免除扶養義務適用什麼法條？從裁判看法院的標準是什麼？,MIXED
被依第91-1條移送會怎麼樣？,LEGAL
第267條規定的內容，加上實際裁判的運用，一起說明,MIXED
公共危險罪跟之二 易刑是一樣的嗎？,LEGAL
第102條是在講什麼的？,LEGAL
有人檢舉我違建要拆我房子，可以告他嗎？依據哪條？有類似判決參考嗎？求解,MIXED
我在夜市跟人起衝突推了對方一把，追訴期是多久？,LEGAL
幫我找聲請定其應執行刑相關的判決？,JUDGMENT
請問瀆職罪跟搶奪強盜及海盜罪是一樣的嗎？,LEGAL
我的照片被拿去做迷因圖，這犯了什麼法條？法院以前都怎麼判？,MIXED
我檢舉公司逃漏稅被解僱，法律上我有什麼權利？,LEGAL
第117條條文內容是什麼？,LEGAL
我簽了車貸合約才發現利率超高，算公共危險罪嗎？有沒有判決可以佐證？,MIXED
公共危險罪跟法例是一樣的嗎？,LEGAL
關於洗錢防制法等，法條規定與判決先例幫我整理成重點,MIXED
想問一下，藏匿人犯及湮滅證據罪的法定刑與實際量刑差多少？舉裁判說明,MIXED
臺灣士林地方法院 115 年度單禁沒字第 205 號刑事裁定被告最後有罪嗎？,JUDGMENT
解讀一下臺灣高等法院 高雄分院 115 年度上訴字第 358 號刑事判決,JUDGMENT
不好意思想請教，想找臺灣高雄地方法院 115 年度訴字第 687 號刑事裁定的全文,JUDGMENT
急，翻譯一下臺灣臺南地方法院 115 年度簡字第 3354 號刑事判決的主文，看不懂,JUDGMENT
臺灣臺北地方法院 115 年度聲字第 2050 號刑事裁定判決重點整理,JUDGMENT
外送餐點被鄰居偷走，這樣是妨害自由罪嗎？,LEGAL
有人冒用我的名義辦門號，這犯了什麼法條？法院以前都怎麼判？,MIXED
臺灣新北地方法院 115 年度附民字第 1127 號刑事判決為什麼會這樣判？,JUDGMENT
臺灣士林地方法院 115 年度聲字第 914 號刑事裁定判了什麼？,JUDGMENT
臺灣嘉義地方法院 115 年度聲字第 584 號刑事裁定用了哪些條文？那些條文在規範什麼？,MIXED
之一 妨害性隱私及不實性影像罪的要件是什麼？臺灣臺北地方法院 115 年度聲字第 1510 號刑事裁定是這樣認定的嗎？,MIXED
有個問題想問：刑事責任和解之後還會被起訴嗎？,LEGAL
想請問各位，妨害秘密罪是什麼意思？,LEGAL
刑事責任的法定刑與實際量刑差多少？舉裁判說明？求解,MIXED
請問犯妨害農工商罪可以易科罰金嗎？,LEGAL
有個問題想問：第100條規定的內容，加上實際裁判的運用，一起說明？求解,MIXED
第355條規定的內容，加上實際裁判的運用，一起說明,MIXED
臺灣桃園地方法院 115 年度聲保字第 312 號刑事裁定用了哪些條文？那些條文在規範什麼？,MIXED
有個問題想問：刑法有脫逃罪這種罪嗎？規定在哪？,LEGAL
我提供帳戶給別人使用結果被列警示戶，追訴期是多久？,LEGAL
不好意思想請教，我在停車場被人刮車，這樣是保安處分嗎？,LEGAL
恐嚇及擄人勒贖罪在法律上怎麼定義？,LEGAL
鴉片罪跟恐嚇及擄人勒贖罪是一樣的嗎？,LEGAL
第148條規定的內容，加上實際裁判的運用，一起說明,MIXED
有人用我的照片開假帳號，這樣算犯罪嗎？,LEGAL
我檢舉公司逃漏稅被解僱，需要負法律責任嗎？,LEGAL
想請問各位，臺灣臺南地方法院 114 年度附民字第 2845 號刑事判決為什麼會這樣判？,JUDGMENT
之二 易刑在法律上怎麼定義？,LEGAL
解讀一下臺灣高等法院 115 年度上訴字第 880 號刑事裁定,JUDGMENT
第348條條文內容是什麼？,LEGAL
幫我找聲請發還扣押物相關的判決,JUDGMENT
妨害國交罪的法定刑與實際量刑差多少？舉裁判說明,MIXED
假釋中交付保護管束一般法院判下來大概多重？,JUDGMENT
請問想看幾篇定應執行之刑的裁判書？,JUDGMENT
請問有人在社群貼文造謠我們公司，這觸犯哪一條法律？,LEGAL
之二 易刑法條怎麼寫？實務裁判怎麼解釋這條？,MIXED
麻煩解答：想研究妨害秩序罪：條文依據和代表性判決都要,MIXED
毀棄損壞罪法條怎麼寫？實務裁判怎麼解釋這條？求解,MIXED
幫我看看臺灣臺南地方法院 115 年度簡字第 2768 號刑事判決在講什麼,JUDGMENT
聲請具保停止羈押適用什麼法條？從裁判看法院的標準是什麼？謝謝,MIXED
有人在社群貼文造謠我們公司，需要負法律責任嗎？,LEGAL
之一 沒收告訴期間過了還能告嗎？,LEGAL
保安處分的罰金大概多少？拜託了,LEGAL
請問臺灣高等法院 臺中分院 114 年度上訴字第 1307 號刑事裁定判了什麼？,JUDGMENT
偽造有價證券罪的法定刑與實際量刑差多少？舉裁判說明？拜託了,MIXED
第247條條文內容是什麼？,LEGAL
關於家暴傷害，法條規定與判決先例幫我整理成重點,MIXED
臺灣士林地方法院 115 年度審交簡字第 293 號刑事判決判決重點整理,JUDGMENT
想請問各位，毀棄損壞罪的要件是什麼？臺灣士林地方法院 115 年度聲字第 830 號刑事裁定是這樣認定的嗎？,MIXED
第239條規定的內容，加上實際裁判的運用，一起說明,MIXED
臺灣屏東地方法院 115 年度聲字第 696 號刑事裁定用了哪些條文？那些條文在規範什麼？,MIXED
關於公共危險，法條規定與判決先例幫我整理成重點？,MIXED
想請問各位，我借人十萬元對方失聯了，我想知道相關法律規定，還有實際案例的結果,MIXED
想問一下，妨害秘密罪法條怎麼寫？實務裁判怎麼解釋這條？,MIXED
急，想研究妨害電腦使用罪：條文依據和代表性判決都要？,MIXED
保安處分初犯會被關嗎？,LEGAL
未成年犯公共危險罪會怎麼處理？,LEGAL
想請問各位，公司要我自願離職不給資遣費，法律上我有什麼權利？,LEGAL
第119條條文內容是什麼？,LEGAL
關於詐欺，法條規定與判決先例幫我整理成重點,MIXED
朋友借我的名義開公司，這樣算犯罪嗎？,LEGAL
臺灣臺南地方法院 115 年度交簡字第 2354 號刑事判決為什麼會這樣判？謝謝,JUDGMENT
我撿到手機拿去賣了，追訴期是多久？,LEGAL
想問一下，未成年犯刑會怎麼處理？,LEGAL
麻煩解答：臺灣臺南地方法院審理請求損害賠償的裁判找得到嗎？,JUDGMENT
想問一下，想找臺灣橋頭地方法院 115 年度簡字第 1293 號刑事判決的全文,JUDGMENT
想請問各位，刑事責任在法律上怎麼定義？,LEGAL
藏匿人犯及湮滅證據罪的要件是什麼？臺灣臺南地方法院 115 年度附民字第 1356 號刑事判決是這樣認定的嗎？,MIXED
有定應執行刑被判緩刑的判決嗎？,JUDGMENT
第124條條文內容是什麼？,LEGAL
想請問各位，關於加重強盜，法條規定與判決先例幫我整理成重點？拜託了,MIXED
法例的要件是什麼？臺灣臺中地方法院 115 年度侵重訴字第 1 號刑事裁定是這樣認定的嗎？,MIXED
不好意思想請教，我小孩在學校被同學打，追訴期是多久？,LEGAL
解讀一下臺灣桃園地方法院 115 年度桃簡字第 1009 號刑事判決,JUDGMENT
第186條規定的內容，加上實際裁判的運用，一起說明,MIXED
想看幾篇違反洗錢防制法等的裁判書,JUDGMENT
關於定應執行之刑，法條規定與判決先例幫我整理成重點,MIXED
第71條條文內容是什麼？,LEGAL
第165條規定的內容，加上實際裁判的運用，一起說明,MIXED
我撿到手機拿去賣了，這樣是侵占罪嗎？,LEGAL
有人冒用我的名義辦門號，報警有用嗎？警察會怎麼處理？,LEGAL
我幫朋友作保結果他跑路，這樣算犯罪嗎？,LEGAL
想看幾篇違反性騷擾防治法的裁判書,JUDGMENT
犯假釋可以易科罰金嗎？,LEGAL
臺灣士林地方法院 115 年度審簡字第 916 號刑事判決的法律見解可以說明嗎？,JUDGMENT
急，醫生開刀開錯位置，我可以提告嗎？,LEGAL
幫我看看臺灣彰化地方法院 115 年度聲字第 1152 號刑事裁定在講什麼,JUDGMENT
第200條規定的內容，加上實際裁判的運用，一起說明,MIXED
定應執行之刑上訴成功的案例多嗎？謝謝,JUDGMENT
幫我看看臺灣臺南地方法院 115 年度聲字第 1369 號刑事裁定在講什麼,JUDGMENT
急，鴉片罪法條怎麼寫？實務裁判怎麼解釋這條？,MIXED
不好意思想請教，有人冒用我的名義辦門號，法律規定和法院實務見解都幫我查？,MIXED
第238條是在講什麼的？,LEGAL
翻譯一下臺灣桃園地方法院 115 年度聲保字第 324 號刑事裁定的主文，看不懂,JUDGMENT
想看幾篇聲請定其應執行刑的裁判書？,JUDGMENT
想問一下，我檢舉公司逃漏稅被解僱，這樣的案件法條怎麼規定？實務上判賠多少？,MIXED
麻煩解答：我未成年的弟弟騎車撞到人，報警有用嗎？警察會怎麼處理？,LEGAL
何謂妨害自由罪？,LEGAL
有沒有聲請定應執行刑並諭知易服勞役標準判很輕的案例？,JUDGMENT
想請問各位，臺灣臺中地方法院 115 年度中簡字第 1930 號刑事判決被告最後有罪嗎？,JUDGMENT
我在停車場被人刮車，算之一 妨害性隱私及不實性影像罪嗎？有沒有判決可以佐證？,MIXED
急，偽造文書印文罪的要件是什麼？臺灣高等法院 臺南分院 115 年度上訴字第 1320 號刑事裁定是這樣認定的嗎？,MIXED
關於聲請定其應執行刑，法條規定與判決先例幫我整理成重點,MIXED
臺灣屏東地方法院 115 年度交簡字第 862 號刑事判決用了哪些條文？那些條文在規範什麼？,MIXED
麻煩解答：竊盜一般法院判下來大概多重？,JUDGMENT
想請問各位，刑法條怎麼寫？實務裁判怎麼解釋這條？,MIXED
何謂刑事責任？感謝解答,LEGAL
想問一下，台灣刑法對外患罪的處罰重嗎？,LEGAL
判決書裡「易科罰金」是什麼意思？,JUDGMENT
我酒後牽機車走路回家被警察攔，這犯了什麼法條？法院以前都怎麼判？,MIXED
有個問題想問：之一  妨害風化罪的罰金大概多少？,LEGAL
不好意思想請教，幫我看看臺灣桃園地方法院 113 年度簡上字第 220 號民事判決在講什麼,JUDGMENT
台灣刑法對正犯與共犯的處罰重嗎？,LEGAL
台灣刑法對公共危險罪的處罰重嗎？求解,LEGAL
我把公司資料帶去新公司用，法律規定和法院實務見解都幫我查,MIXED
想研究賭博罪：條文依據和代表性判決都要？謝謝,MIXED
有個問題想問：過失傷害適用什麼法條？從裁判看法院的標準是什麼？,MIXED
麻煩解答：第277條和第361條要怎麼分？,LEGAL
有個問題想問：公共危險罪在法律上怎麼定義？,LEGAL
我借人十萬元對方失聯了，可以告他嗎？依據哪條？有類似判決參考嗎？,MIXED
關於妨害自由等，法條規定與判決先例幫我整理成重點,MIXED
想問一下，公司要我自願離職不給資遣費，報警有用嗎？警察會怎麼處理？,LEGAL
之一 沒收在法律上怎麼定義？,LEGAL
第319條條文內容是什麼？,LEGAL
臺灣桃園地方法院 115 年度訴字第 652 號刑事裁定用了哪些條文？那些條文在規範什麼？,MIXED
臺灣臺中地方法院審理聲請單獨宣告沒收的裁判找得到嗎？,JUDGMENT
麻煩解答：跟蹤騷擾防制法上訴成功的案例多嗎？,JUDGMENT
想問一下，偽造文書的裁判實務上多嗎？,JUDGMENT
臺灣高等法院 高雄分院 115 年度聲保字第 331 號刑事裁定判了什麼？拜託了,JUDGMENT
第109條是在講什麼的？,LEGAL
麻煩解答：室友一直偷拿我的東西，報警有用嗎？警察會怎麼處理？,LEGAL
加重詐欺等的裁判實務上多嗎？拜託了,JUDGMENT
臺灣士林地方法院 115 年度交簡上字第 42 號刑事判決為什麼會這樣判？,JUDGMENT
麻煩解答：幫我找聲請定其應執行刑相關的判決,JUDGMENT
請問保安處分的法定刑與實際量刑差多少？舉裁判說明,MIXED
室友欠房租跑掉房東要我全付，追訴期是多久？,LEGAL
我簽了車貸合約才發現利率超高，追訴期是多久？,LEGAL
關於定其應執行刑，法條規定與判決先例幫我整理成重點,MIXED
聲請法官迴避上訴成功的案例多嗎？,JUDGMENT
妨害秘密罪的要件是什麼？臺灣嘉義地方法院 115 年度易字第 618 號刑事判決是這樣認定的嗎？拜託了,MIXED
有個問題想問：臺灣苗栗地方法院 115 年度聲字第 504 號刑事裁定用了哪些條文？那些條文在規範什麼？,MIXED
急，偽造有價證券罪告訴期間過了還能告嗎？求解,LEGAL
想請問各位，公共危險罪告訴期間過了還能告嗎？,LEGAL
請問我酒後牽機車走路回家被警察攔，算公共危險罪嗎？有沒有判決可以佐證？,MIXED
不好意思想請教，何謂正犯與共犯？求解,LEGAL
臺灣高等法院 115 年度上訴字第 1119 號刑事裁定的法律見解可以說明嗎？,JUDGMENT
麻煩解答：竊盜適用什麼法條？從裁判看法院的標準是什麼？,MIXED
第78條規定的內容，加上實際裁判的運用，一起說明,MIXED
我的照片被拿去做迷因圖，提告需要什麼證據？,LEGAL
未遂犯跟刑之酌科及加減是一樣的嗎？,LEGAL
想問一下，何謂傷害罪？,LEGAL
想請問各位，臺灣高等法院 115 年度聲保字第 864 號刑事裁定這篇裁判的結論是？,JUDGMENT
臺灣高等法院 臺中分院 115 年度上訴字第 325 號刑事判決判決重點整理,JUDGMENT
被依第348-1條移送會怎麼樣？,LEGAL
臺灣桃園地方法院 115 年度桃簡字第 531 號刑事判決判決重點整理？,JUDGMENT
臺灣桃園地方法院 114 年度審交易字第 1075 號刑事判決的法律見解可以說明嗎？,JUDGMENT
想請問各位，解讀一下臺灣高等法院 115 年度上訴字第 2299 號刑事裁定,JUDGMENT
急，何謂妨害婚姻及家庭罪？,LEGAL
之一  妨害風化罪的要件是什麼？臺灣桃園地方法院 115 年度聲保字第 312 號刑事裁定是這樣認定的嗎？,MIXED
我撿到手機拿去賣了，需要負法律責任嗎？感謝解答,LEGAL
台灣刑法對刑之酌科及加減的處罰重嗎？,LEGAL
妨害自由罪法條怎麼寫？實務裁判怎麼解釋這條？,MIXED
翻譯一下臺灣新竹地方法院 115 年度撤緩字第 82 號刑事裁定的主文，看不懂,JUDGMENT
想研究偽造貨幣罪：條文依據和代表性判決都要,MIXED
臺灣苗栗地方法院 114 年度易字第 615 號刑事裁定的法律見解可以說明嗎？,JUDGMENT
有陌生人一直傳訊息騷擾我，我想知道相關法律規定，還有實際案例的結果,MIXED
刑事責任跟妨害性自主罪是一樣的嗎？,LEGAL
想請問各位，偽造貨幣罪的法定刑與實際量刑差多少？舉裁判說明,MIXED
妨害電腦使用罪和解之後還會被起訴嗎？,LEGAL
有個問題想問：我被跟蹤騷擾了好幾個月，提告需要什麼證據？,LEGAL
臺灣高等法院 臺中分院 115 年度聲字第 1085 號刑事裁定這篇裁判的結論是？,JUDGMENT
想請問各位，竊盜的裁判實務上多嗎？,JUDGMENT
想請問各位，搶奪強盜及海盜罪初犯會被關嗎？,LEGAL
想請問各位，解讀一下臺灣桃園地方法院 115 年度撤緩字第 139 號刑事裁定,JUDGMENT
我未成年的弟弟騎車撞到人，這犯了什麼法條？法院以前都怎麼判？感謝解答,MIXED
不好意思想請教，有聲請解除限制出境被判緩刑的判決嗎？,JUDGMENT
偽證及誣告罪法條怎麼寫？實務裁判怎麼解釋這條？,MIXED
有陌生人一直傳訊息騷擾我，追訴期是多久？,LEGAL
臺灣苗栗地方法院有哪些假釋中付保護管束的案子？,JUDGMENT
我在網路上被人公開罵垃圾，追訴期是多久？,LEGAL
解讀一下臺灣高等法院 臺南分院 115 年度上訴字第 454 號刑事判決？感謝解答,JUDGMENT
遺棄罪法條怎麼寫？實務裁判怎麼解釋這條？,MIXED
麻煩解答：臺灣臺北地方法院 115 年度聲字第 416 號民事裁定為什麼會這樣判？,JUDGMENT
墮胎罪的要件是什麼？臺灣高等法院 臺中分院 115 年度抗字第 512 號刑事裁定是這樣認定的嗎？拜託了,MIXED
急，我在停車場被人刮車，法律上我有什麼權利？,LEGAL
解讀一下臺灣高等法院 115 年度上訴字第 1119 號刑事裁定,JUDGMENT
臺灣高等法院 臺中分院 114 年度上訴字第 1414 號刑事裁定為什麼會這樣判？謝謝,JUDGMENT
想問一下，臺灣高等法院審理聲請定其應執行刑的裁判找得到嗎？,JUDGMENT
幫我看看臺灣新竹地方法院 115 年度竹交簡字第 208 號刑事判決在講什麼？拜託了,JUDGMENT
第325條條文內容是什麼？,LEGAL
急，發還扣押物等適用什麼法條？從裁判看法院的標準是什麼？,MIXED
想找臺灣嘉義地方法院 115 年度聲字第 584 號刑事裁定的全文,JUDGMENT
有人用我的照片開假帳號，報警有用嗎？警察會怎麼處理？,LEGAL
想問一下，偽造度量衡罪告訴期間過了還能告嗎？,LEGAL
最近聲請定其應執行刑的案件都怎麼判？,JUDGMENT
妨害婚姻及家庭罪跟妨害秘密罪是一樣的嗎？,LEGAL
麻煩解答：幫我看看臺灣臺北地方法院 115 年度審訴字第 1650 號刑事判決在講什麼,JUDGMENT
詐欺犯罪危害防制條例等一般法院判下來大概多重？,JUDGMENT
妨害性自主罪的要件是什麼？臺灣新竹地方法院 115 年度易字第 430 號刑事判決是這樣認定的嗎？,MIXED
犯刑可以易科罰金嗎？,LEGAL
臺灣桃園地方法院 115 年度壢簡字第 1102 號刑事判決的法律見解可以說明嗎？,JUDGMENT
不好意思想請教，偽造文書印文罪告訴期間過了還能告嗎？,LEGAL
解讀一下臺灣桃園地方法院 115 年度審交簡字第 379 號刑事判決,JUDGMENT
麻煩解答：幫我找聲請定應執行之刑相關的判決？,JUDGMENT
臺灣臺南地方法院 115 年度簡字第 3037 號刑事判決為什麼會這樣判？,JUDGMENT
我幫朋友作保結果他跑路，算瀆職罪嗎？有沒有判決可以佐證？,MIXED
急，同事偷看我的手機訊息，這樣算犯罪嗎？,LEGAL
翻譯一下臺灣臺北地方法院 115 年度審原重訴字第 33 號民事裁定的主文，看不懂,JUDGMENT
瀆職罪告訴期間過了還能告嗎？,LEGAL
不好意思想請教，我未成年的弟弟騎車撞到人，追訴期是多久？,LEGAL
我被前公司控告洩漏營業秘密，這樣算犯罪嗎？,LEGAL
臺灣高等法院 臺中分院 115 年度上易字第 563 號刑事裁定判決重點整理,JUDGMENT
臺灣士林地方法院 115 年度審交簡字第 304 號刑事判決判決重點整理？,JUDGMENT
急，偽造貨幣罪是什麼意思？,LEGAL
公共危險罪跟公共危險罪是一樣的嗎？,LEGAL
第348-1條條文內容是什麼？,LEGAL
我的機車停在路邊被人騎走，這樣是鴉片罪嗎？,LEGAL
不好意思想請教，判決書裡「不受理」是什麼意思？謝謝,JUDGMENT
臺灣彰化地方法院 115 年度簡字第 2171 號刑事判決用了哪些條文？那些條文在規範什麼？,MIXED
想請問各位，幫我看看臺灣新竹地方法院 114 年度訴字第 272 號刑事判決在講什麼？感謝解答,JUDGMENT
妨害公務罪法條怎麼寫？實務裁判怎麼解釋這條？,MIXED
解讀一下臺灣桃園地方法院 115 年度審易字第 793 號刑事判決,JUDGMENT
毀損適用什麼法條？從裁判看法院的標準是什麼？,MIXED
被依第339-2條移送會怎麼樣？,LEGAL
解讀一下臺灣新北地方法院 115 年度審簡字第 913 號刑事判決,JUDGMENT
急，公司要我自願離職不給資遣費，法律上我有什麼權利？,LEGAL
第187-1條規定的內容，加上實際裁判的運用，一起說明,MIXED
何謂刑？,LEGAL
聲請定其應執行刑一般法院判下來大概多重？拜託了,JUDGMENT
殺人罪被起訴後流程大概是怎樣？,LEGAL
不好意思想請教，被依第261條移送會怎麼樣？,LEGAL
想請問各位，我被前公司控告洩漏營業秘密，可以要求賠償嗎？依據是什麼？,LEGAL
想找臺灣高等法院 臺中分院 115 年度金上訴字第 1694 號刑事判決的全文,JUDGMENT
我被跟蹤騷擾了好幾個月，這犯了什麼法條？法院以前都怎麼判？,MIXED
公共危險罪的要件是什麼？臺灣臺北地方法院 115 年度審訴字第 1650 號刑事判決是這樣認定的嗎？,MIXED
想問一下，想找臺灣南投地方法院 115 年度埔簡字第 111 號刑事判決的全文,JUDGMENT
急，定應執行刑適用什麼法條？從裁判看法院的標準是什麼？,MIXED
臺灣臺南地方法院審理過失傷害的裁判找得到嗎？,JUDGMENT
臺灣桃園地方法院 115 年度桃簡字第 1323 號刑事判決判了什麼？,JUDGMENT
過失傷害上訴成功的案例多嗎？,JUDGMENT
想請問各位，臺灣桃園地方法院審理聲請停止羈押的裁判找得到嗎？,JUDGMENT
第80條是在講什麼的？,LEGAL
不好意思想請教，臺灣臺南地方法院 115 年度易字第 1148 號刑事判決這篇裁判的結論是？求解,JUDGMENT
有個問題想問：我的照片被拿去做迷因圖，需要負法律責任嗎？,LEGAL
我小孩在學校被同學打，追訴期是多久？求解,LEGAL
第30條和第359條要怎麼分？求解,LEGAL
請問判決書裡「告訴乃論」是什麼意思？感謝解答,JUDGMENT
第274條是在講什麼的？,LEGAL
急，我在夜市跟人起衝突推了對方一把，這樣的案件法條怎麼規定？實務上判賠多少？,MIXED
有沒有加重詐欺等判很輕的案例？,JUDGMENT
我在停車場被人刮車，需要負法律責任嗎？,LEGAL
想請問各位，臺灣新竹地方法院 115 年度竹簡字第 324 號刑事判決這篇裁判的結論是？,JUDGMENT
第319-1條規定的內容，加上實際裁判的運用，一起說明,MIXED
我被誣賴偷東西，這觸犯哪一條法律？,LEGAL
急，有人檢舉我違建要拆我房子，這犯了什麼法條？法院以前都怎麼判？,MIXED
解讀一下臺灣高等法院 臺中分院 115 年度抗字第 512 號刑事裁定,JUDGMENT
有個問題想問：有聲請沒入保證金被判緩刑的判決嗎？,JUDGMENT
被依第357條移送會怎麼樣？,LEGAL
想研究公共危險罪：條文依據和代表性判決都要？感謝解答,MIXED
妨害名譽及信用罪被起訴後流程大概是怎樣？謝謝,LEGAL
公共危險適用什麼法條？從裁判看法院的標準是什麼？求解,MIXED
臺灣高等法院 臺中分院 115 年度聲保字第 525 號刑事裁定用了哪些條文？那些條文在規範什麼？,MIXED
保安處分的要件是什麼？臺灣臺南地方法院 115 年度聲字第 1409 號刑事裁定是這樣認定的嗎？,MIXED
臺灣臺南地方法院有哪些傷害等的案子？,JUDGMENT
我在夜市跟人起衝突推了對方一把，對方會有什麼刑責？,LEGAL
幫我看看臺灣高等法院 臺中分院 115 年度金上訴字第 1093 號刑事判決在講什麼,JUDGMENT
我開車不小心擦撞到行人，法律上我有什麼權利？,LEGAL
想看幾篇毒品危害防制條例的裁判書？謝謝,JUDGMENT
有個問題想問：有沒有違反毒品危害防制條例判很輕的案例？,JUDGMENT
刑法有毀棄損壞罪這種罪嗎？規定在哪？,LEGAL
臺灣士林地方法院 115 年度聲字第 985 號刑事裁定判了什麼？,JUDGMENT
關於洗錢防制法等，法條規定與判決先例幫我整理成重點？感謝解答,MIXED
臺灣嘉義地方法院 115 年度嘉交簡字第 554 號刑事判決判決重點整理,JUDGMENT
有人冒用我的名義辦門號，報警有用嗎？警察會怎麼處理？感謝解答,LEGAL
第38條規定的內容，加上實際裁判的運用，一起說明,MIXED
關於違反保護令，法條規定與判決先例幫我整理成重點,MIXED
想問一下，臺灣臺南地方法院 115 年度交易字第 343 號刑事判決判決重點整理,JUDGMENT
想請問各位，翻譯一下臺灣高等法院 臺中分院 115 年度上訴字第 177 號刑事判決的主文，看不懂,JUDGMENT
臺灣新竹地方法院 115 年度聲字第 863 號刑事裁定用了哪些條文？那些條文在規範什麼？,MIXED
我的照片被拿去做迷因圖，我可以提告嗎？,LEGAL
我被詐騙集團騙了三十萬，需要負法律責任嗎？,LEGAL
幫我找過失傷害相關的判決？拜託了,JUDGMENT
親戚過世後叔叔把存摺全領走，這觸犯哪一條法律？,LEGAL
不好意思想請教，內亂罪的法定刑與實際量刑差多少？舉裁判說明,MIXED
想問一下，第45條是在講什麼的？,LEGAL
第335條是在講什麼的？,LEGAL
麻煩解答：我買到事故車但車商沒告知，報警有用嗎？警察會怎麼處理？,LEGAL
第326條是在講什麼的？,LEGAL
想問一下，解讀一下臺灣臺中地方法院 115 年度審訴緝字第 3 號刑事裁定,JUDGMENT
我提供帳戶給別人使用結果被列警示戶，這樣的案件法條怎麼規定？實務上判賠多少？,MIXED
解讀一下臺灣桃園地方法院 115 年度訴字第 522 號刑事裁定,JUDGMENT
臺灣士林地方法院審理誣告的裁判找得到嗎？,JUDGMENT
臺灣臺南地方法院有哪些詐欺等的案子？,JUDGMENT
急，臺灣士林地方法院 115 年度審訴字第 1299 號刑事裁定被告最後有罪嗎？,JUDGMENT
想請問各位，詐欺背信及重利罪法條怎麼寫？實務裁判怎麼解釋這條？,MIXED
臺灣新竹地方法院 115 年度竹簡字第 245 號民事裁定為什麼會這樣判？,JUDGMENT
想找臺灣士林地方法院 115 年度聲字第 820 號刑事裁定的全文？,JUDGMENT
有沒有詐欺等判很輕的案例？,JUDGMENT
室友一直偷拿我的東西，可以要求賠償嗎？依據是什麼？感謝解答,LEGAL
有個問題想問：前男友拿我的私密照威脅我，算妨害電腦使用罪嗎？有沒有判決可以佐證？,MIXED
最近妨害性自主罪的案件都怎麼判？,JUDGMENT
請問臺灣臺南地方法院 115 年度簡字第 2768 號刑事判決用了哪些條文？那些條文在規範什麼？,MIXED
有個問題想問：外送餐點被鄰居偷走，報警有用嗎？警察會怎麼處理？,LEGAL
急，我小孩在學校被同學打，這樣的案件法條怎麼規定？實務上判賠多少？,MIXED
刑法有妨害婚姻及家庭罪這種罪嗎？規定在哪？,LEGAL
有個問題想問：想研究搶奪強盜及海盜罪：條文依據和代表性判決都要,MIXED
想研究時效：條文依據和代表性判決都要,MIXED
想看幾篇山坡地保育利用條例的裁判書,JUDGMENT
臺灣臺南地方法院 115 年度交簡字第 1934 號刑事判決被告最後有罪嗎？,JUDGMENT
麻煩解答：妨害婚姻及家庭罪的要件是什麼？臺灣高等法院 115 年度上訴字第 2921 號刑事裁定是這樣認定的嗎？,MIXED
急，詐欺等的裁判實務上多嗎？感謝解答,JUDGMENT
想請問各位，臺灣雲林地方法院 115 年度交附民字第 101 號刑事裁定這篇裁判的結論是？,JUDGMENT
急，臺灣嘉義地方法院 115 年度聲字第 551 號刑事裁定這篇裁判的結論是？,JUDGMENT
麻煩解答：臺灣高等法院審理殺人等的裁判找得到嗎？,JUDGMENT
醫生開刀開錯位置，對方會有什麼刑責？,LEGAL
最近違反電子遊戲場業管理條例等的案件都怎麼判？,JUDGMENT
定應執行之刑上訴成功的案例多嗎？,JUDGMENT
我買到事故車但車商沒告知，這樣是妨害秘密罪嗎？,LEGAL
正犯與共犯被起訴後流程大概是怎樣？,LEGAL
有個問題想問：我把公司資料帶去新公司用，我可以提告嗎？,LEGAL
第159條規定的內容，加上實際裁判的運用，一起說明？,MIXED
妨害婚姻及家庭罪在法律上怎麼定義？,LEGAL
幫我看看臺灣桃園地方法院 115 年度簡字第 370 號刑事判決在講什麼,JUDGMENT
有陌生人一直傳訊息騷擾我，我可以提告嗎？,LEGAL
急，醫生開刀開錯位置，算未遂犯嗎？有沒有判決可以佐證？,MIXED
翻譯一下臺灣苗栗地方法院 115 年度苗交簡字第 245 號刑事判決的主文，看不懂,JUDGMENT
第172-3條是在講什麼的？,LEGAL
偽造文書印文罪告訴期間過了還能告嗎？,LEGAL
臺灣臺北地方法院 115 年度審易字第 1716 號刑事判決用了哪些條文？那些條文在規範什麼？,MIXED
詐欺背信及重利罪在法律上怎麼定義？,LEGAL
急，我幫朋友作保結果他跑路，我想知道相關法律規定，還有實際案例的結果,MIXED
請問我撿到手機拿去賣了，可以告他嗎？依據哪條？有類似判決參考嗎？,MIXED
想請問各位，詐欺等適用什麼法條？從裁判看法院的標準是什麼？,MIXED
之一 藐視國會罪初犯會被關嗎？,LEGAL
急，我被誣賴偷東西，法律規定和法院實務見解都幫我查,MIXED
加重詐欺等的裁判實務上多嗎？,JUDGMENT
臺灣新竹地方法院有哪些違反毒品危害防制條例的案子？,JUDGMENT
瀆職罪在法律上怎麼定義？,LEGAL
不好意思想請教，想找臺灣臺南地方法院 115 年度聲字第 1478 號刑事裁定的全文,JUDGMENT
第345條條文內容是什麼？,LEGAL
翻譯一下臺灣臺南地方法院 115 年度國審聲字第 7 號刑事裁定的主文，看不懂,JUDGMENT
急，未成年犯妨害秩序罪會怎麼處理？,LEGAL
犯妨害國交罪可以易科罰金嗎？感謝解答,LEGAL
臺灣新竹地方法院 115 年度聲字第 744 號刑事裁定這篇裁判的結論是？,JUDGMENT
第130條條文內容是什麼？,LEGAL
第246條和第9條要怎麼分？,LEGAL
想請問各位，臺灣臺北地方法院 115 年度附民字第 93 號刑事判決用了哪些條文？那些條文在規範什麼？,MIXED
有人檢舉我違建要拆我房子，這犯了什麼法條？法院以前都怎麼判？拜託了,MIXED
翻譯一下臺灣臺南地方法院 115 年度聲字第 1507 號刑事裁定的主文，看不懂,JUDGMENT
時效的法定刑與實際量刑差多少？舉裁判說明,MIXED
臺灣屏東地方法院 115 年度聲字第 519 號刑事裁定判決重點整理？拜託了,JUDGMENT
幫我看看臺灣臺北地方法院 114 年度審訴字第 707 號刑事裁定在講什麼,JUDGMENT
想請問各位，毀棄損壞罪和解之後還會被起訴嗎？,LEGAL
請問詐欺等一般法院判下來大概多重？,JUDGMENT
臺灣新竹地方法院 115 年度訴字第 955 號刑事判決用了哪些條文？那些條文在規範什麼？,MIXED
正犯與共犯法條怎麼寫？實務裁判怎麼解釋這條？,MIXED
有陌生人一直傳訊息騷擾我，法律規定和法院實務見解都幫我查,MIXED
臺灣桃園地方法院 115 年度桃簡字第 1009 號刑事判決判決重點整理,JUDGMENT
想看幾篇毀損的裁判書,JUDGMENT
想看幾篇聲請定應執行之刑的裁判書,JUDGMENT
關於妨害性自主罪等，法條規定與判決先例幫我整理成重點,MIXED
公司要我自願離職不給資遣費，可以告他嗎？依據哪條？有類似判決參考嗎？,MIXED
我檢舉公司逃漏稅被解僱，這樣是之一  妨害風化罪嗎？,LEGAL
臺灣桃園地方法院 115 年度聲字第 2230 號刑事裁定為什麼會這樣判？,JUDGMENT
時效初犯會被關嗎？,LEGAL
違反組織犯罪防制條例等適用什麼法條？從裁判看法院的標準是什麼？,MIXED
請問臺灣桃園地方法院 115 年度桃簡字第 1239 號刑事判決為什麼會這樣判？,JUDGMENT
最近聲請撤銷緩刑的案件都怎麼判？,JUDGMENT
賭博罪的罰金大概多少？,LEGAL
公司要我自願離職不給資遣費，算賭博罪嗎？有沒有判決可以佐證？,MIXED
刑之酌科及加減被起訴後流程大概是怎樣？,LEGAL
不好意思想請教，我的機車停在路邊被人騎走，需要負法律責任嗎？,LEGAL
急，臺灣臺南地方法院 115 年度聲字第 1467 號刑事裁定判了什麼？感謝解答,JUDGMENT
第337條規定的內容，加上實際裁判的運用，一起說明,MIXED
妨害秩序罪的罰金大概多少？,LEGAL
想請問各位，想找臺灣桃園地方法院 113 年度簡上附民移簡字第 123 號民事判決的全文,JUDGMENT
搶奪強盜及海盜罪告訴期間過了還能告嗎？謝謝,LEGAL
臺灣士林地方法院有哪些定應執行刑的案子？,JUDGMENT
加重竊盜等的裁判實務上多嗎？,JUDGMENT
第172-1條規定的內容，加上實際裁判的運用，一起說明,MIXED
有沒有毒品危害防制條例判很輕的案例？,JUDGMENT
我把公司資料帶去新公司用，對方會有什麼刑責？,LEGAL
請問最近定應執行刑的案件都怎麼判？,JUDGMENT
急，前男友拿我的私密照威脅我，這犯了什麼法條？法院以前都怎麼判？,MIXED
臺灣高雄地方法院 115 年度金重訴字第 5 號刑事裁定用了哪些條文？那些條文在規範什麼？,MIXED
有定其應執行刑被判緩刑的判決嗎？,JUDGMENT
想問一下，何謂脫逃罪？,LEGAL
請問想看幾篇定應執行刑的裁判書,JUDGMENT
刑事責任的法定刑與實際量刑差多少？舉裁判說明？謝謝,MIXED
想請問各位，定應執行刑上訴成功的案例多嗎？,JUDGMENT
有個問題想問：何謂之二 易刑？,LEGAL
臺灣高等法院有哪些聲請撤銷扣押的案子？,JUDGMENT
第90條規定的內容，加上實際裁判的運用，一起說明,MIXED
第202條條文內容是什麼？,LEGAL
臺灣臺北地方法院 115 年度聲字第 1750 號刑事裁定用了哪些條文？那些條文在規範什麼？謝謝,MIXED
刑事責任的要件是什麼？臺灣苗栗地方法院 115 年度苗智簡字第 6 號刑事判決是這樣認定的嗎？,MIXED
第208條和第315-1條要怎麼分？,LEGAL
臺灣高等法院有哪些聲請具保停止羈押的案子？,JUDGMENT
想問一下，我在夜市跟人起衝突推了對方一把，對方會有什麼刑責？感謝解答,LEGAL
想請問各位，公司要我自願離職不給資遣費，提告需要什麼證據？,LEGAL
想請問各位，之一 沒收的罰金大概多少？,LEGAL
想問一下，妨害投票罪是什麼意思？,LEGAL
請問妨害國交罪法條怎麼寫？實務裁判怎麼解釋這條？,MIXED
不好意思想請教，外送餐點被鄰居偷走，追訴期是多久？,LEGAL
有個問題想問：我小孩在學校被同學打，追訴期是多久？,LEGAL
臺灣高等法院審理羈押的裁判找得到嗎？,JUDGMENT
搶奪強盜及海盜罪和解之後還會被起訴嗎？,LEGAL
我在網路上被人公開罵垃圾，這樣的案件法條怎麼規定？實務上判賠多少？,MIXED
妨害婚姻及家庭罪跟之一 沒收是一樣的嗎？感謝解答,LEGAL
臺灣新北地方法院審理定其應執行刑的裁判找得到嗎？謝謝,JUDGMENT
解讀一下臺灣臺北地方法院 115 年度再易字第 11 號民事裁定？謝謝,JUDGMENT
未成年犯妨害公務罪會怎麼處理？謝謝,LEGAL
刑事責任告訴期間過了還能告嗎？,LEGAL
洗錢防制法等適用什麼法條？從裁判看法院的標準是什麼？,MIXED
妨害公務罪跟妨害秩序罪是一樣的嗎？,LEGAL
偽造貨幣罪法條怎麼寫？實務裁判怎麼解釋這條？,MIXED
公司要我自願離職不給資遣費，這觸犯哪一條法律？,LEGAL
不好意思想請教，刑事責任告訴期間過了還能告嗎？,LEGAL
妨害婚姻及家庭罪被起訴後流程大概是怎樣？求解,LEGAL
恐嚇及擄人勒贖罪的要件是什麼？臺灣高雄地方法院 115 年度審易字第 1043 號刑事裁定是這樣認定的嗎？,MIXED
想找臺灣高等法院 115 年度聲再字第 255 號刑事裁定的全文,JUDGMENT
鄰居半夜施工吵到我報警也沒用，我可以提告嗎？,LEGAL
解讀一下臺灣高等法院 臺南分院 115 年度抗字第 279 號刑事裁定,JUDGMENT
翻譯一下臺灣高等法院 臺中分院 114 年度上訴字第 1307 號刑事裁定的主文，看不懂,JUDGMENT
鄰居半夜施工吵到我報警也沒用，算妨害自由罪嗎？有沒有判決可以佐證？,MIXED
臺灣高等法院 高雄分院 115 年度抗字第 354 號刑事裁定為什麼會這樣判？,JUDGMENT
急，我借人十萬元對方失聯了，可以要求賠償嗎？依據是什麼？,LEGAL
麻煩解答：銀行法等一般法院判下來大概多重？,JUDGMENT
臺灣高等法院 115 年度審上訴字第 3210 號刑事裁定用了哪些條文？那些條文在規範什麼？,MIXED
請問我小孩在學校被同學打，這樣是假釋嗎？,LEGAL
外送餐點被鄰居偷走，這觸犯哪一條法律？,LEGAL
最近刑事補償的案件都怎麼判？,JUDGMENT
我的照片被拿去做迷因圖，對方會有什麼刑責？,LEGAL
關於延長羈押，法條規定與判決先例幫我整理成重點,MIXED
急，被依第233條移送會怎麼樣？,LEGAL
未成年犯刑事責任會怎麼處理？,LEGAL
想問一下，有損害賠償被判緩刑的判決嗎？,JUDGMENT
偽造文書等適用什麼法條？從裁判看法院的標準是什麼？,MIXED
請問瀆職罪法條怎麼寫？實務裁判怎麼解釋這條？,MIXED
公共危險罪的要件是什麼？臺灣南投地方法院 115 年度易字第 281 號刑事判決是這樣認定的嗎？,MIXED
妨害秩序罪的要件是什麼？臺灣桃園地方法院 115 年度重訴字第 61 號刑事裁定是這樣認定的嗎？,MIXED
急，公共危險罪的法定刑與實際量刑差多少？舉裁判說明,MIXED
臺灣新竹地方法院審理竊盜的裁判找得到嗎？,JUDGMENT
幫我找傷害相關的判決,JUDGMENT
我被詐騙集團騙了三十萬，這樣是之一  妨害風化罪嗎？,LEGAL
有陌生人一直傳訊息騷擾我，這犯了什麼法條？法院以前都怎麼判？,MIXED
臺灣士林地方法院 115 年度聲字第 705 號刑事裁定這篇裁判的結論是？,JUDGMENT
我把公司資料帶去新公司用，這觸犯哪一條法律？,LEGAL
刑之酌科及加減的法定刑與實際量刑差多少？舉裁判說明？,MIXED
關於侵占，法條規定與判決先例幫我整理成重點,MIXED
室友一直偷拿我的東西，我可以提告嗎？,LEGAL
臺灣桃園地方法院 114 年度侵訴字第 25 號刑事判決用了哪些條文？那些條文在規範什麼？,MIXED
麻煩解答：有人冒用我的名義辦門號，這犯了什麼法條？法院以前都怎麼判？,MIXED
翻譯一下臺灣臺南地方法院 115 年度交簡字第 1972 號刑事判決的主文，看不懂,JUDGMENT
第246條規定的內容，加上實際裁判的運用，一起說明,MIXED
麻煩解答：幫我看看臺灣臺南地方法院 115 年度易字第 1132 號刑事判決在講什麼,JUDGMENT
有個問題想問：幫我找公共危險相關的判決,JUDGMENT
我在停車場被人刮車，我想知道相關法律規定，還有實際案例的結果,MIXED
請問判決書裡「沒收追徵」是什麼意思？謝謝,JUDGMENT
不好意思想請教，第241條是在講什麼的？,LEGAL
臺灣高雄地方法院 115 年度審易緝字第 33 號刑事裁定判決重點整理,JUDGMENT
想問一下，第228條規定的內容，加上實際裁判的運用，一起說明,MIXED
想研究詐欺背信及重利罪：條文依據和代表性判決都要？謝謝,MIXED
想請問各位，臺灣臺南地方法院 115 年度簡字第 2166 號刑事判決判了什麼？,JUDGMENT
妨害電腦使用罪是什麼意思？,LEGAL
判決書裡「無罪推定」是什麼意思？感謝解答,JUDGMENT
想找臺灣桃園地方法院 113 年度簡上附民移簡字第 123 號民事判決的全文？,JUDGMENT
第287條條文內容是什麼？,LEGAL
不好意思想請教，發還扣押物等的裁判實務上多嗎？,JUDGMENT
被依第310條移送會怎麼樣？求解,LEGAL
想請問各位，第227-1條規定的內容，加上實際裁判的運用，一起說明,MIXED
不好意思想請教，想看幾篇侵權行為損害賠償的裁判書,JUDGMENT
臺灣高等法院 臺南分院 115 年度上訴字第 1385 號刑事裁定判了什麼？,JUDGMENT
臺灣高等法院 115 年度侵上訴字第 102 號刑事裁定判了什麼？,JUDGMENT
想請問各位，我被詐騙集團騙了三十萬，追訴期是多久？,LEGAL
想研究搶奪強盜及海盜罪：條文依據和代表性判決都要,MIXED
想請問各位，偽造有價證券罪法條怎麼寫？實務裁判怎麼解釋這條？,MIXED
妨害秘密罪跟傷害罪是一樣的嗎？,LEGAL
球場打球被故意肘擊受傷，這犯了什麼法條？法院以前都怎麼判？,MIXED
這個案子歷審結果幫我整理？感謝解答,JUDGMENT
何謂之一  妨害風化罪？,LEGAL
請問朋友借我的名義開公司，我可以提告嗎？,LEGAL
我在停車場被人刮車，我想知道相關法律規定，還有實際案例的結果？謝謝,MIXED
翻譯一下臺灣士林地方法院 115 年度易字第 370 號刑事判決的主文，看不懂,JUDGMENT
想請問各位，有人在社群貼文造謠我們公司，這犯了什麼法條？法院以前都怎麼判？,MIXED
請問我被跟蹤騷擾了好幾個月，這犯了什麼法條？法院以前都怎麼判？,MIXED
想看幾篇個人資料保護法的裁判書,JUDGMENT
我買到事故車但車商沒告知，可以要求賠償嗎？依據是什麼？,LEGAL
想問一下，未成年犯妨害秩序罪會怎麼處理？,LEGAL
想研究外患罪：條文依據和代表性判決都要？,MIXED
想請問各位，假釋中交付保護管束上訴成功的案例多嗎？,JUDGMENT
想問一下，室友欠房租跑掉房東要我全付，可以告他嗎？依據哪條？有類似判決參考嗎？,MIXED
想研究之二 易刑：條文依據和代表性判決都要,MIXED
幫我看看臺灣高等法院 115 年度交上訴字第 113 號刑事裁定在講什麼,JUDGMENT
妨害電腦使用罪是什麼意思？感謝解答,LEGAL
未成年犯偽造度量衡罪會怎麼處理？,LEGAL
有人檢舉我違建要拆我房子，我想知道相關法律規定，還有實際案例的結果,MIXED
想問一下，數罪併罰的法定刑與實際量刑差多少？舉裁判說明,MIXED
臺灣苗栗地方法院 115 年度苗交簡字第 364 號刑事判決的法律見解可以說明嗎？,JUDGMENT
福建金門地方法院 115 年度交易字第 12 號刑事判決為什麼會這樣判？,JUDGMENT
我小孩在學校被同學打，這犯了什麼法條？法院以前都怎麼判？,MIXED
第125條和第363條要怎麼分？,LEGAL
急，竊盜適用什麼法條？從裁判看法院的標準是什麼？,MIXED
不好意思想請教，第215條規定的內容，加上實際裁判的運用，一起說明,MIXED
請問第325條是在講什麼的？,LEGAL
麻煩解答：台灣刑法對妨害自由罪的處罰重嗎？,LEGAL
有沒有違反保護令判很輕的案例？求解,JUDGMENT
有個問題想問：刑之酌科及加減告訴期間過了還能告嗎？,LEGAL
麻煩解答：賭博罪的罰金大概多少？,LEGAL
妨害婚姻及家庭罪的要件是什麼？臺灣高等法院 臺中分院 115 年度上訴字第 1230 號刑事裁定是這樣認定的嗎？,MIXED
朋友借我的名義開公司，算脫逃罪嗎？有沒有判決可以佐證？,MIXED
第327條規定的內容，加上實際裁判的運用，一起說明,MIXED
想問一下，未成年犯偽造有價證券罪會怎麼處理？,LEGAL
有個問題想問：室友一直偷拿我的東西，我想知道相關法律規定，還有實際案例的結果,MIXED
臺灣橋頭地方法院 115 年度易字第 790 號刑事裁定用了哪些條文？那些條文在規範什麼？,MIXED
請問臺灣高雄地方法院 115 年度審交易字第 495 號刑事裁定判決重點整理？,JUDGMENT
臺灣高等法院 臺中分院 115 年度金上訴字第 1014 號刑事判決被告最後有罪嗎？,JUDGMENT
急，有假釋付保護管束被判緩刑的判決嗎？,JUDGMENT
不好意思想請教，前男友拿我的私密照威脅我，我想知道相關法律規定，還有實際案例的結果,MIXED
急，臺灣士林地方法院 115 年度聲字第 992 號刑事裁定為什麼會這樣判？謝謝,JUDGMENT
瀆職罪跟瀆職罪是一樣的嗎？,LEGAL
我被跟蹤騷擾了好幾個月，算妨害公務罪嗎？有沒有判決可以佐證？,MIXED
想請問各位，臺灣高等法院 115 年度附民字第 954 號刑事判決用了哪些條文？那些條文在規範什麼？求解,MIXED
臺灣高等法院 高雄分院 115 年度聲保字第 378 號刑事裁定判決重點整理,JUDGMENT
不好意思想請教，第136條和第334-1條要怎麼分？,LEGAL
家庭暴力防治法之傷害適用什麼法條？從裁判看法院的標準是什麼？,MIXED
想找臺灣臺南地方法院 114 年度訴字第 2065 號刑事裁定的全文,JUDGMENT
妨害秘密罪的罰金大概多少？,LEGAL
臺灣苗栗地方法院 115 年度苗交簡字第 257 號刑事判決的法律見解可以說明嗎？,JUDGMENT
褻瀆祀典及侵害墳墓屍體罪的要件是什麼？臺灣桃園地方法院 115 年度矚重訴緝字第 1 號刑事判決是這樣認定的嗎？,MIXED
不好意思想請教，恐嚇一般法院判下來大概多重？,JUDGMENT
刑法有之一 妨害性隱私及不實性影像罪這種罪嗎？規定在哪？感謝解答,LEGAL
搶奪強盜及海盜罪在法律上怎麼定義？,LEGAL
臺灣高等法院 113 年度金上訴字第 5 號刑事裁定被告最後有罪嗎？,JUDGMENT
被依第147條移送會怎麼樣？,LEGAL
聲請具保停止羈押上訴成功的案例多嗎？,JUDGMENT
殺人罪告訴期間過了還能告嗎？,LEGAL
我的機車停在路邊被人騎走，報警有用嗎？警察會怎麼處理？,LEGAL
有沒有專科沒收判很輕的案例？,JUDGMENT
第342條條文內容是什麼？,LEGAL
我把公司資料帶去新公司用，我想知道相關法律規定，還有實際案例的結果,MIXED
外送餐點被鄰居偷走，這樣的案件法條怎麼規定？實務上判賠多少？,MIXED
公司要我自願離職不給資遣費，這樣的案件法條怎麼規定？實務上判賠多少？,MIXED
臺灣高等法院 114 年度金上重訴字第 49 號刑事裁定用了哪些條文？那些條文在規範什麼？,MIXED
想問一下，想研究墮胎罪：條文依據和代表性判決都要,MIXED
麻煩解答：刑法有假釋這種罪嗎？規定在哪？,LEGAL
想看幾篇竊盜的裁判書,JUDGMENT
請問臺灣士林地方法院 115 年度審交易字第 378 號刑事判決為什麼會這樣判？,JUDGMENT
之一  妨害風化罪的要件是什麼？臺灣南投地方法院 115 年度投簡字第 399 號刑事判決是這樣認定的嗎？,MIXED
偽造文書印文罪是什麼意思？,LEGAL
第339-2條規定的內容，加上實際裁判的運用，一起說明,MIXED
第161-1條和第229條要怎麼分？,LEGAL
傷害適用什麼法條？從裁判看法院的標準是什麼？,MIXED
臺灣高等法院 115 年度侵上更一字第 3 號刑事裁定這篇裁判的結論是？,JUDGMENT
臺灣臺北地方法院審理聲請定其應執行刑的裁判找得到嗎？,JUDGMENT
麻煩解答：我的照片被拿去做迷因圖，這樣的案件法條怎麼規定？實務上判賠多少？,MIXED
臺灣臺中地方法院 115 年度審金訴字第 53 號刑事裁定這篇裁判的結論是？,JUDGMENT
被依第39條移送會怎麼樣？,LEGAL
想問一下，臺灣臺南地方法院 115 年度聲字第 862 號刑事裁定的法律見解可以說明嗎？,JUDGMENT
急，有沒有毒品危害防制條例判很輕的案例？,JUDGMENT
想問一下，臺灣彰化地方法院 115 年度家繼訴字第 15 號民事判決被告最後有罪嗎？,JUDGMENT
違反性騷擾防治法一般法院判下來大概多重？,JUDGMENT
不好意思想請教，妨害秘密罪法條怎麼寫？實務裁判怎麼解釋這條？,MIXED
侵占罪法條怎麼寫？實務裁判怎麼解釋這條？,MIXED
請問幫我找聲請定其應執行刑相關的判決？求解,JUDGMENT
請問想看幾篇詐欺等的裁判書,JUDGMENT
臺灣高等法院 高雄分院 115 年度聲保字第 362 號刑事裁定判決重點整理,JUDGMENT
有傷害等被判緩刑的判決嗎？,JUDGMENT
有個問題想問：之一 妨害性隱私及不實性影像罪和解之後還會被起訴嗎？,LEGAL
想問一下，刑法有累犯這種罪嗎？規定在哪？,LEGAL
刑法有詐欺背信及重利罪這種罪嗎？規定在哪？感謝解答,LEGAL
有人檢舉我違建要拆我房子，這犯了什麼法條？法院以前都怎麼判？求解,MIXED
第205條規定的內容，加上實際裁判的運用，一起說明,MIXED
妨害農工商罪的要件是什麼？臺灣新竹地方法院 115 年度訴字第 912 號刑事判決是這樣認定的嗎？,MIXED
公共危險罪的要件是什麼？臺灣高等法院 115 年度聲字第 2304 號刑事裁定是這樣認定的嗎？,MIXED
公共危險罪的要件是什麼？臺灣新北地方法院 115 年度審金訴字第 441 號刑事判決是這樣認定的嗎？,MIXED
不好意思想請教，臺灣桃園地方法院有哪些違反洗錢防制法等的案子？拜託了,JUDGMENT
鄰居半夜施工吵到我報警也沒用，這觸犯哪一條法律？感謝解答,LEGAL
臺灣彰化地方法院審理聲請解除禁見的裁判找得到嗎？,JUDGMENT
翻譯一下臺灣南投地方法院 115 年度埔簡字第 111 號刑事判決的主文，看不懂？求解,JUDGMENT
想請問各位，我在停車場被人刮車，這觸犯哪一條法律？感謝解答,LEGAL
急，臺灣臺中地方法院 115 年度聲字第 1774 號刑事裁定的法律見解可以說明嗎？,JUDGMENT
請問何謂公共危險罪？,LEGAL
臺灣高等法院審理加重詐欺等的裁判找得到嗎？,JUDGMENT
之二 易刑的要件是什麼？臺灣士林地方法院 115 年度審簡字第 871 號刑事判決是這樣認定的嗎？,MIXED
傷害罪的罰金大概多少？,LEGAL
我檢舉公司逃漏稅被解僱，這犯了什麼法條？法院以前都怎麼判？謝謝,MIXED
肇事逃逸罪等一般法院判下來大概多重？,JUDGMENT
公共危險罪法條怎麼寫？實務裁判怎麼解釋這條？求解,MIXED
臺灣新北地方法院有哪些公共危險的案子？,JUDGMENT
想研究偽造有價證券罪：條文依據和代表性判決都要,MIXED
想問一下，之一 沒收法條怎麼寫？實務裁判怎麼解釋這條？,MIXED
不好意思想請教，關於違反保護令，法條規定與判決先例幫我整理成重點？,MIXED
想問一下，醫生開刀開錯位置，報警有用嗎？警察會怎麼處理？,LEGAL
臺灣臺北地方法院審理竊盜的裁判找得到嗎？,JUDGMENT
我幫朋友作保結果他跑路，我想知道相關法律規定，還有實際案例的結果,MIXED
臺灣臺南地方法院 115 年度簡字第 3265 號刑事判決用了哪些條文？那些條文在規範什麼？,MIXED
急，臺灣臺南地方法院 115 年度聲保字第 154 號刑事裁定的法律見解可以說明嗎？,JUDGMENT
房東沒經過我同意進我房間，這樣算犯罪嗎？,LEGAL
請問幫我看看臺灣臺北地方法院 114 年度訴字第 744 號刑事裁定在講什麼,JUDGMENT
我在夜市跟人起衝突推了對方一把，提告需要什麼證據？,LEGAL
有個問題想問：想找臺灣高等法院 115 年度聲字第 2145 號刑事裁定的全文,JUDGMENT
麻煩解答：臺灣高等法院 115 年度聲字第 1887 號刑事裁定用了哪些條文？那些條文在規範什麼？,MIXED
未成年犯詐欺背信及重利罪會怎麼處理？,LEGAL
我酒後牽機車走路回家被警察攔，法律規定和法院實務見解都幫我查,MIXED
我開車不小心擦撞到行人，這觸犯哪一條法律？,LEGAL
台灣刑法對外患罪的處罰重嗎？,LEGAL
鴉片罪跟偽證及誣告罪是一樣的嗎？,LEGAL
臺灣臺南地方法院 115 年度聲字第 1365 號刑事裁定被告最後有罪嗎？,JUDGMENT
麻煩解答：臺灣新竹地方法院 115 年度竹交簡字第 153 號刑事判決的法律見解可以說明嗎？,JUDGMENT
有個問題想問：侵占罪是什麼意思？,LEGAL
聲請假釋期中交付保護管束適用什麼法條？從裁判看法院的標準是什麼？,MIXED
臺灣高等法院 高雄分院 115 年度上訴字第 241 號刑事判決用了哪些條文？那些條文在規範什麼？拜託了,MIXED
想請問各位，最近過失傷害的案件都怎麼判？,JUDGMENT
臺灣高等法院有哪些毒品危害防制條例等的案子？,JUDGMENT
竊盜罪的要件是什麼？臺灣桃園地方法院 115 年度桃交簡字第 1129 號刑事判決是這樣認定的嗎？,MIXED
臺灣士林地方法院 115 年度聲字第 922 號刑事裁定判決重點整理,JUDGMENT
第74條是在講什麼的？,LEGAL
偽造度量衡罪的要件是什麼？臺灣新北地方法院 115 年度訴字第 593 號民事裁定是這樣認定的嗎？,MIXED
犯數罪併罰可以易科罰金嗎？,LEGAL
未成年犯時效會怎麼處理？,LEGAL
有沒有假釋中付保護管束判很輕的案例？,JUDGMENT
幫我看看臺灣高等法院 臺中分院 114 年度上訴字第 1414 號刑事裁定在講什麼,JUDGMENT
有沒有聲請假釋期中交保護管束判很輕的案例？感謝解答,JUDGMENT
不好意思想請教，想研究之一 妨害司法公正罪：條文依據和代表性判決都要？,MIXED
老闆叫我簽本票才能離職，我可以提告嗎？拜託了,LEGAL
臺灣士林地方法院有哪些違反洗錢防制法等的案子？,JUDGMENT
想請問各位，解讀一下臺灣苗栗地方法院 115 年度苗交簡字第 361 號刑事判決,JUDGMENT
幫我看看臺灣臺南地方法院 115 年度簡字第 3702 號刑事判決在講什麼,JUDGMENT
請問我在夜市跟人起衝突推了對方一把，可以告他嗎？依據哪條？有類似判決參考嗎？,MIXED
時效的要件是什麼？臺灣苗栗地方法院 115 年度聲保字第 73 號刑事裁定是這樣認定的嗎？,MIXED
想問一下，幫我找竊盜相關的判決,JUDGMENT
臺灣嘉義地方法院 115 年度嘉簡字第 993 號刑事判決的法律見解可以說明嗎？,JUDGMENT
想請問各位，臺灣臺北地方法院 115 年度附民字第 93 號刑事判決判決重點整理,JUDGMENT
想問一下，鄰居半夜施工吵到我報警也沒用，這樣的案件法條怎麼規定？實務上判賠多少？,MIXED
妨害投票罪的要件是什麼？臺灣新竹地方法院 115 年度交附民字第 188 號刑事裁定是這樣認定的嗎？,MIXED
第60條規定的內容，加上實際裁判的運用，一起說明,MIXED
麻煩解答：毀棄損壞罪的法定刑與實際量刑差多少？舉裁判說明,MIXED
想問一下，想研究詐欺背信及重利罪：條文依據和代表性判決都要？,MIXED
台灣刑法對之二 易刑的處罰重嗎？,LEGAL
我被詐騙集團騙了三十萬，這樣算犯罪嗎？,LEGAL
我被誣賴偷東西，提告需要什麼證據？,LEGAL
幫我找聲請具保停止羈押相關的判決,JUDGMENT
我在停車場被人刮車，算法例嗎？有沒有判決可以佐證？,MIXED
有個問題想問：判決書裡「具保」是什麼意思？,JUDGMENT
臺灣高等法院 高雄分院 115 年度聲保字第 381 號刑事裁定被告最後有罪嗎？,JUDGMENT
球場打球被故意肘擊受傷，這樣的案件法條怎麼規定？實務上判賠多少？,MIXED
第191-1條是在講什麼的？,LEGAL
偽造有價證券罪的法定刑與實際量刑差多少？舉裁判說明,MIXED
麻煩解答：詐欺等上訴成功的案例多嗎？,JUDGMENT
麻煩解答：正犯與共犯在法律上怎麼定義？,LEGAL
這份裁判書幫我做摘要？謝謝,JUDGMENT
之一 妨害性隱私及不實性影像罪的要件是什麼？臺灣屏東地方法院 115 年度聲字第 560 號刑事裁定是這樣認定的嗎？,MIXED
想找臺灣士林地方法院 115 年度審訴字第 921 號刑事判決的全文？,JUDGMENT
有沒有停止執行判很輕的案例？,JUDGMENT
想請問各位，有陌生人一直傳訊息騷擾我，算內亂罪嗎？有沒有判決可以佐證？,MIXED
犯之一 沒收可以易科罰金嗎？,LEGAL
想請問各位，想研究妨害秩序罪：條文依據和代表性判決都要,MIXED
想請問各位，我開車不小心擦撞到行人，這犯了什麼法條？法院以前都怎麼判？拜託了,MIXED
第142條和第29條要怎麼分？,LEGAL
我被詐騙集團騙了三十萬，可以告他嗎？依據哪條？有類似判決參考嗎？,MIXED
未成年犯搶奪強盜及海盜罪會怎麼處理？,LEGAL
鄰居半夜施工吵到我報警也沒用，法律上我有什麼權利？,LEGAL
刑是什麼意思？,LEGAL
請問朋友借我的名義開公司，這樣的案件法條怎麼規定？實務上判賠多少？,MIXED
想問一下，幫我比較這兩篇判決的差異,JUDGMENT
想請問各位，想研究妨害自由罪：條文依據和代表性判決都要,MIXED
不好意思想請教，想研究內亂罪：條文依據和代表性判決都要,MIXED
想問一下，何謂之一  妨害風化罪？,LEGAL
公司要我自願離職不給資遣費，法律規定和法院實務見解都幫我查,MIXED
臺北高等行政法院 高等庭 115 年度交上字第 223 號判決判決重點整理,JUDGMENT
想研究賭博罪：條文依據和代表性判決都要,MIXED
有違反毒品危害防制條例被判緩刑的判決嗎？,JUDGMENT
請問我在網路上被人公開罵垃圾，這樣的案件法條怎麼規定？實務上判賠多少？,MIXED
不好意思想請教，傷害罪在法律上怎麼定義？,LEGAL
偽造有價證券一般法院判下來大概多重？,JUDGMENT
毒品危害防制條例上訴成功的案例多嗎？,JUDGMENT
想問一下，有人檢舉我違建要拆我房子，我想知道相關法律規定，還有實際案例的結果,MIXED
鄰居的狗衝出來咬傷我，提告需要什麼證據？,LEGAL
我的機車停在路邊被人騎走，法律規定和法院實務見解都幫我查,MIXED
麻煩解答：外送餐點被鄰居偷走，這犯了什麼法條？法院以前都怎麼判？,MIXED
我撿到手機拿去賣了，報警有用嗎？警察會怎麼處理？,LEGAL
不好意思想請教，有傷害被判緩刑的判決嗎？,JUDGMENT
有個問題想問：臺灣桃園地方法院 115 年度審聲字第 27 號刑事裁定判了什麼？,JUDGMENT
臺灣高等法院 臺中分院 115 年度抗字第 573 號刑事裁定判決重點整理,JUDGMENT
解讀一下臺灣桃園地方法院 115 年度訴字第 1287 號刑事判決,JUDGMENT
幫我找聲請定應執行之刑相關的判決？,JUDGMENT
犯之二 易刑可以易科罰金嗎？,LEGAL
刑法有之一 妨害司法公正罪這種罪嗎？規定在哪？,LEGAL
幫我找違反洗錢防制法等相關的判決,JUDGMENT
有個問題想問：有人冒用我的名義辦門號，我可以提告嗎？,LEGAL
外送餐點被鄰居偷走，我想知道相關法律規定，還有實際案例的結果,MIXED
法例的要件是什麼？臺灣高雄地方法院 115 年度易字第 295 號刑事裁定是這樣認定的嗎？,MIXED
第58條是在講什麼的？,LEGAL
急，有沒有詐欺等判很輕的案例？,JUDGMENT
犯殺人罪可以易科罰金嗎？,LEGAL
我提供帳戶給別人使用結果被列警示戶，我可以提告嗎？,LEGAL
鴉片罪是什麼意思？,LEGAL
賭博罪被起訴後流程大概是怎樣？,LEGAL
藏匿人犯及湮滅證據罪的要件是什麼？臺灣臺南地方法院 115 年度簡字第 2720 號刑事判決是這樣認定的嗎？,MIXED
麻煩解答：翻譯一下臺灣新竹地方法院 115 年度原交簡字第 15 號刑事判決的主文，看不懂,JUDGMENT
搶奪強盜及海盜罪法條怎麼寫？實務裁判怎麼解釋這條？,MIXED
關於假釋付保護管束，法條規定與判決先例幫我整理成重點,MIXED
請問我提供帳戶給別人使用結果被列警示戶，可以告他嗎？依據哪條？有類似判決參考嗎？,MIXED
麻煩解答：台灣刑法對公共危險罪的處罰重嗎？,LEGAL
翻譯一下臺灣臺南地方法院 115 年度易字第 1079 號刑事判決的主文，看不懂,JUDGMENT
想問一下，這份裁判書幫我做摘要,JUDGMENT
急，公共危險一般法院判下來大概多重？,JUDGMENT
解讀一下臺灣臺南地方法院 115 年度訴字第 2053 號刑事判決,JUDGMENT
臺灣新竹地方法院 115 年度原交簡字第 15 號刑事判決的法律見解可以說明嗎？,JUDGMENT
想研究刑之酌科及加減：條文依據和代表性判決都要,MIXED
麻煩解答：我未成年的弟弟騎車撞到人，這樣的案件法條怎麼規定？實務上判賠多少？,MIXED
臺灣桃園地方法院 115 年度壢交簡字第 191 號刑事判決這篇裁判的結論是？,JUDGMENT
外患罪法條怎麼寫？實務裁判怎麼解釋這條？拜託了,MIXED
請問幫我比較這兩篇判決的差異,JUDGMENT
臺灣高等法院 115 年度上訴字第 1796 號刑事裁定被告最後有罪嗎？,JUDGMENT
臺灣新北地方法院 115 年度審簡字第 1007 號刑事判決用了哪些條文？那些條文在規範什麼？,MIXED
醫生開刀開錯位置，這樣的案件法條怎麼規定？實務上判賠多少？,MIXED
想請問各位，有人冒用我的名義辦門號，可以要求賠償嗎？依據是什麼？,LEGAL
請問毀棄損壞罪法條怎麼寫？實務裁判怎麼解釋這條？,MIXED
臺灣桃園地方法院 115 年度撤緩字第 139 號刑事裁定為什麼會這樣判？求解,JUDGMENT
急，妨害婚姻及家庭罪的法定刑與實際量刑差多少？舉裁判說明,MIXED
第341條規定的內容，加上實際裁判的運用，一起說明,MIXED
不好意思想請教，鴉片罪的法定刑與實際量刑差多少？舉裁判說明,MIXED
想問一下，想看幾篇毒品危害防制條例等的裁判書,JUDGMENT
球場打球被故意肘擊受傷，算褻瀆祀典及侵害墳墓屍體罪嗎？有沒有判決可以佐證？,MIXED
假釋和解之後還會被起訴嗎？,LEGAL
急，公共危險罪和解之後還會被起訴嗎？,LEGAL
想請問各位，我把公司資料帶去新公司用，算妨害婚姻及家庭罪嗎？有沒有判決可以佐證？,MIXED
我在夜市跟人起衝突推了對方一把，我想知道相關法律規定，還有實際案例的結果？感謝解答,MIXED
臺灣屏東地方法院 115 年度聲字第 519 號刑事裁定的法律見解可以說明嗎？,JUDGMENT
臺灣屏東地方法院 114 年度訴字第 1053 號刑事裁定的法律見解可以說明嗎？,JUDGMENT
同事偷看我的手機訊息，這觸犯哪一條法律？拜託了,LEGAL
有個問題想問：刑法有妨害農工商罪這種罪嗎？規定在哪？,LEGAL
想請問各位，最近定應執行刑的案件都怎麼判？,JUDGMENT
球場打球被故意肘擊受傷，我想知道相關法律規定，還有實際案例的結果,MIXED
妨害自由罪的要件是什麼？臺灣高等法院 臺南分院 115 年度上訴字第 454 號刑事判決是這樣認定的嗎？,MIXED
臺灣橋頭地方法院 115 年度簡字第 1293 號刑事判決這篇裁判的結論是？,JUDGMENT
第219條條文內容是什麼？,LEGAL
我的機車停在路邊被人騎走，算刑之酌科及加減嗎？有沒有判決可以佐證？,MIXED
第215條規定的內容，加上實際裁判的運用，一起說明？,MIXED
臺灣苗栗地方法院 115 年度苗金簡字第 69 號刑事判決為什麼會這樣判？,JUDGMENT
有個問題想問：脫逃罪和解之後還會被起訴嗎？,LEGAL
第354條條文內容是什麼？,LEGAL
假釋初犯會被關嗎？,LEGAL
麻煩解答：臺灣高等法院審理詐欺等的裁判找得到嗎？,JUDGMENT
臺灣臺中地方法院有哪些公共危險的案子？,JUDGMENT
想問一下，假釋和解之後還會被起訴嗎？,LEGAL
臺灣高等法院 高雄分院 115 年度上訴字第 588 號刑事判決判了什麼？,JUDGMENT
臺灣高雄地方法院 115 年度簡字第 4165 號刑事判決用了哪些條文？那些條文在規範什麼？,MIXED
毀棄損壞罪的法定刑與實際量刑差多少？舉裁判說明？,MIXED
臺灣基隆地方法院 115 年度易字第 88 號刑事判決為什麼會這樣判？,JUDGMENT
何謂妨害秘密罪？求解,LEGAL
想請問各位，未成年犯緩刑會怎麼處理？,LEGAL
臺灣嘉義地方法院 115 年度聲字第 682 號刑事裁定為什麼會這樣判？,JUDGMENT
幫我看看臺灣臺北地方法院 115 年度審訴字第 1650 號刑事判決在講什麼,JUDGMENT
麻煩解答：球場打球被故意肘擊受傷，算毀棄損壞罪嗎？有沒有判決可以佐證？,MIXED
妨害秘密罪在法律上怎麼定義？,LEGAL
第241條是在講什麼的？,LEGAL
幫我看看臺灣臺北地方法院 114 年度訴字第 1694 號刑事裁定在講什麼？拜託了,JUDGMENT
不好意思想請教，關於洗錢防制法等，法條規定與判決先例幫我整理成重點,MIXED
急，何謂傷害罪？,LEGAL
何謂假釋？,LEGAL
臺灣高等法院 臺中分院 115 年度金上訴字第 1036 號刑事裁定被告最後有罪嗎？,JUDGMENT
鄰居的狗衝出來咬傷我，我想知道相關法律規定，還有實際案例的結果？,MIXED
重利一般法院判下來大概多重？,JUDGMENT
妨害性自主罪的要件是什麼？臺灣士林地方法院 115 年度簡上字第 81 號刑事判決是這樣認定的嗎？,MIXED
我未成年的弟弟騎車撞到人，我想知道相關法律規定，還有實際案例的結果,MIXED
有個問題想問：我被跟蹤騷擾了好幾個月，法律規定和法院實務見解都幫我查,MIXED
老闆叫我簽本票才能離職，可以要求賠償嗎？依據是什麼？,LEGAL
想問一下，我未成年的弟弟騎車撞到人，算鴉片罪嗎？有沒有判決可以佐證？,MIXED
幫我看看臺灣高等法院 臺中分院 115 年度金上訴字第 953 號刑事判決在講什麼,JUDGMENT
請問聲請解除限制出境的裁判實務上多嗎？,JUDGMENT
我在停車場被人刮車，這樣算犯罪嗎？,LEGAL
偽造有價證券罪跟之二 易刑是一樣的嗎？,LEGAL
公共危險罪在法律上怎麼定義？,LEGAL
定應執行之刑的裁判實務上多嗎？,JUDGMENT
第162條條文內容是什麼？,LEGAL
想請問各位，外患罪是什麼意思？,LEGAL
想問一下，解讀一下臺灣臺中地方法院 115 年度聲字第 1111 號刑事裁定,JUDGMENT
有人用我的照片開假帳號，對方會有什麼刑責？,LEGAL
麻煩解答：室友一直偷拿我的東西，可以要求賠償嗎？依據是什麼？,LEGAL
未成年犯遺棄罪會怎麼處理？,LEGAL
聲請定應執行之刑等適用什麼法條？從裁判看法院的標準是什麼？,MIXED
幫我看看臺灣新竹地方法院 114 年度訴字第 1495 號刑事判決在講什麼？感謝解答,JUDGMENT
急，過失傷害一般法院判下來大概多重？求解,JUDGMENT
臺灣桃園地方法院 115 年度桃交簡字第 1002 號刑事判決判了什麼？,JUDGMENT
有聲請定其應執行刑等被判緩刑的判決嗎？,JUDGMENT
被依第82條移送會怎麼樣？,LEGAL
未成年犯瀆職罪會怎麼處理？,LEGAL
臺灣嘉義地方法院 115 年度嘉簡字第 717 號刑事判決判了什麼？,JUDGMENT
我簽了車貸合約才發現利率超高，算妨害性自主罪嗎？有沒有判決可以佐證？,MIXED
台灣刑法對刑事責任的處罰重嗎？,LEGAL
臺灣新北地方法院 115 年度聲字第 1272 號刑事裁定用了哪些條文？那些條文在規範什麼？,MIXED
被依第27條移送會怎麼樣？,LEGAL
之一 妨害司法公正罪的法定刑與實際量刑差多少？舉裁判說明？,MIXED
翻譯一下臺灣臺南地方法院 115 年度簡字第 3704 號刑事判決的主文，看不懂,JUDGMENT
想研究妨害秩序罪：條文依據和代表性判決都要？,MIXED
想問一下，第156條規定的內容，加上實際裁判的運用，一起說明,MIXED
臺灣高等法院 臺中分院 115 年度上訴字第 352 號刑事裁定這篇裁判的結論是？,JUDGMENT
前男友拿我的私密照威脅我，法律規定和法院實務見解都幫我查,MIXED
不好意思想請教，保安處分的要件是什麼？臺灣花蓮地方法院 114 年度花簡字第 238 號刑事裁定是這樣認定的嗎？,MIXED
想請問各位，這個案子歷審結果幫我整理,JUDGMENT
想研究公共危險罪：條文依據和代表性判決都要？求解,MIXED
客戶簽約後拒絕付尾款，這樣算犯罪嗎？,LEGAL
我小孩在學校被同學打，這樣是累犯嗎？,LEGAL
麻煩解答：未成年犯妨害農工商罪會怎麼處理？求解,LEGAL
我的機車停在路邊被人騎走，法律上我有什麼權利？,LEGAL
刑法有刑事責任這種罪嗎？規定在哪？,LEGAL
之一  妨害風化罪法條怎麼寫？實務裁判怎麼解釋這條？拜託了,MIXED
第255條規定的內容，加上實際裁判的運用，一起說明,MIXED
幫我找聲請假釋期中交付保護管束相關的判決,JUDGMENT
想問一下，被依第272條移送會怎麼樣？,LEGAL
刑法有詐欺背信及重利罪這種罪嗎？規定在哪？,LEGAL
第125條規定的內容，加上實際裁判的運用，一起說明,MIXED
想請問各位，想研究恐嚇及擄人勒贖罪：條文依據和代表性判決都要,MIXED
前男友拿我的私密照威脅我，報警有用嗎？警察會怎麼處理？,LEGAL
請問臺灣臺南地方法院 115 年度聲字第 1448 號刑事裁定被告最後有罪嗎？,JUDGMENT
臺灣高雄地方法院 115 年度金重訴字第 5 號刑事裁定用了哪些條文？那些條文在規範什麼？感謝解答,MIXED
想請問各位，我在停車場被人刮車，法律規定和法院實務見解都幫我查,MIXED
第86條條文內容是什麼？,LEGAL
妨害自由罪跟刑事責任是一樣的嗎？,LEGAL
我撿到手機拿去賣了，我想知道相關法律規定，還有實際案例的結果？拜託了,MIXED
想請問各位，解讀一下臺灣新竹地方法院 114 年度易字第 1071 號刑事判決,JUDGMENT
我酒後牽機車走路回家被警察攔，報警有用嗎？警察會怎麼處理？,LEGAL
請問傷害罪法條怎麼寫？實務裁判怎麼解釋這條？,MIXED
我被跟蹤騷擾了好幾個月，算妨害婚姻及家庭罪嗎？有沒有判決可以佐證？,MIXED
我被誣賴偷東西，報警有用嗎？警察會怎麼處理？,LEGAL
想找臺灣臺南地方法院 115 年度聲字第 1523 號刑事裁定的全文,JUDGMENT
有個問題想問：前男友拿我的私密照威脅我，這犯了什麼法條？法院以前都怎麼判？,MIXED
外患罪被起訴後流程大概是怎樣？,LEGAL
想請問各位，解讀一下臺灣士林地方法院 115 年度審訴字第 921 號刑事判決,JUDGMENT
我買到事故車但車商沒告知，這樣是公共危險罪嗎？,LEGAL
有個問題想問：臺灣高等法院審理聲請定其應執行刑等的裁判找得到嗎？,JUDGMENT
洗錢防制法等的裁判實務上多嗎？,JUDGMENT
想看幾篇詐欺的裁判書,JUDGMENT
刑法條怎麼寫？實務裁判怎麼解釋這條？謝謝,MIXED
急，賭博罪的罰金大概多少？,LEGAL
被依第167條移送會怎麼樣？,LEGAL
臺灣高等法院 高雄分院 115 年度聲保字第 325 號刑事裁定這篇裁判的結論是？,JUDGMENT
犯詐欺背信及重利罪可以易科罰金嗎？,LEGAL
我買到事故車但車商沒告知，報警有用嗎？警察會怎麼處理？拜託了,LEGAL
被依第19條移送會怎麼樣？,LEGAL
同事偷看我的手機訊息，報警有用嗎？警察會怎麼處理？,LEGAL
有人冒用我的名義辦門號，我可以提告嗎？,LEGAL
台灣刑法對毀棄損壞罪的處罰重嗎？,LEGAL
我酒後牽機車走路回家被警察攔，法律上我有什麼權利？,LEGAL
麻煩解答：鄰居半夜施工吵到我報警也沒用，這樣的案件法條怎麼規定？實務上判賠多少？,MIXED
第302條規定的內容，加上實際裁判的運用，一起說明,MIXED
請問親戚過世後叔叔把存摺全領走，法律上我有什麼權利？,LEGAL
臺灣高等法院 高雄分院 115 年度聲保字第 362 號刑事裁定判了什麼？,JUDGMENT
同事偷看我的手機訊息，需要負法律責任嗎？,LEGAL
臺灣臺南地方法院 115 年度交易字第 827 號刑事判決被告最後有罪嗎？謝謝,JUDGMENT
請問想研究瀆職罪：條文依據和代表性判決都要,MIXED
客戶簽約後拒絕付尾款，提告需要什麼證據？,LEGAL
想請問各位，關於詐欺等，法條規定與判決先例幫我整理成重點,MIXED
之二 易刑的要件是什麼？臺灣橋頭地方法院 115 年度交易字第 332 號刑事判決是這樣認定的嗎？,MIXED
侵占罪初犯會被關嗎？,LEGAL
麻煩解答：損害賠償上訴成功的案例多嗎？,JUDGMENT
侵權行為損害賠償(交通)上訴成功的案例多嗎？,JUDGMENT
麻煩解答：第20條規定的內容，加上實際裁判的運用，一起說明,MIXED
臺灣高雄地方法院 115 年度審附民字第 1224 號刑事判決的法律見解可以說明嗎？,JUDGMENT
脫逃罪的要件是什麼？臺灣高等法院 115 年度聲字第 1975 號刑事裁定是這樣認定的嗎？,MIXED
臺灣桃園地方法院 115 年度壢原簡字第 35 號刑事判決的法律見解可以說明嗎？,JUDGMENT
請問最近傷害的案件都怎麼判？求解,JUDGMENT
保安處分跟刑事責任是一樣的嗎？,LEGAL
請問有人冒用我的名義辦門號，這觸犯哪一條法律？,LEGAL
同事偷看我的手機訊息，追訴期是多久？,LEGAL
想問一下，關於定應執行刑，法條規定與判決先例幫我整理成重點,MIXED
最近假釋中付保護管束的案件都怎麼判？,JUDGMENT
臺灣臺中地方法院 115 年度中簡字第 1930 號刑事判決為什麼會這樣判？,JUDGMENT
老闆叫我簽本票才能離職，這犯了什麼法條？法院以前都怎麼判？,MIXED
臺灣高等法院 高雄分院 115 年度抗字第 172 號刑事裁定被告最後有罪嗎？,JUDGMENT
臺灣桃園地方法院 114 年度簡上字第 546 號刑事裁定的法律見解可以說明嗎？求解,JUDGMENT
請問我開車不小心擦撞到行人，算保安處分嗎？有沒有判決可以佐證？,MIXED
有個問題想問：關於聲請定其應執行刑，法條規定與判決先例幫我整理成重點,MIXED
有個問題想問：第148條條文內容是什麼？,LEGAL
想問一下，臺灣苗栗地方法院 115 年度聲字第 504 號刑事裁定為什麼會這樣判？,JUDGMENT
臺灣南投地方法院有哪些聲請具保停止羈押的案子？,JUDGMENT
臺灣高等法院 114 年度金上訴字第 29 號刑事裁定為什麼會這樣判？,JUDGMENT
麻煩解答：幫我找過失傷害相關的判決,JUDGMENT
不好意思想請教，何謂刑？,LEGAL
臺灣臺南地方法院 115 年度交簡字第 1936 號刑事判決為什麼會這樣判？,JUDGMENT
請問之一  妨害風化罪法條怎麼寫？實務裁判怎麼解釋這條？,MIXED
不好意思想請教，公共危險罪和解之後還會被起訴嗎？,LEGAL
室友欠房租跑掉房東要我全付，提告需要什麼證據？,LEGAL
朋友借我的名義開公司，報警有用嗎？警察會怎麼處理？,LEGAL
鄰居半夜施工吵到我報警也沒用，需要負法律責任嗎？,LEGAL
臺灣士林地方法院有哪些詐欺的案子？,JUDGMENT
第310條和第65條要怎麼分？,LEGAL
室友一直偷拿我的東西，算妨害性自主罪嗎？有沒有判決可以佐證？,MIXED
我被前公司控告洩漏營業秘密，這樣是贓物罪嗎？,LEGAL
內亂罪在法律上怎麼定義？,LEGAL
臺灣臺中地方法院 115 年度審金訴字第 1595 號刑事判決判了什麼？感謝解答,JUDGMENT
我簽了車貸合約才發現利率超高，這樣的案件法條怎麼規定？實務上判賠多少？拜託了,MIXED
關於詐欺等，法條規定與判決先例幫我整理成重點？求解,MIXED
請問翻譯一下臺灣高等法院 花蓮分院 115 年度國審上訴字第 1 號刑事裁定的主文，看不懂,JUDGMENT
想請問各位，加重詐欺等的裁判實務上多嗎？,JUDGMENT
瀆職罪的法定刑與實際量刑差多少？舉裁判說明？,MIXED
傷害罪的要件是什麼？臺灣桃園地方法院 115 年度審訴字第 1788 號民事裁定是這樣認定的嗎？,MIXED
刑法有竊盜罪這種罪嗎？規定在哪？,LEGAL
想問一下，房東沒經過我同意進我房間，這犯了什麼法條？法院以前都怎麼判？,MIXED
幫我看看臺灣臺南地方法院 115 年度訴字第 743 號刑事判決在講什麼,JUDGMENT
妨害電腦使用罪的法定刑與實際量刑差多少？舉裁判說明？,MIXED
翻譯一下臺灣臺南地方法院 115 年度交簡字第 1220 號刑事判決的主文，看不懂,JUDGMENT
之二 易刑的法定刑與實際量刑差多少？舉裁判說明,MIXED
臺灣桃園地方法院 115 年度壢簡字第 686 號刑事判決判了什麼？,JUDGMENT
第5條是在講什麼的？,LEGAL
室友一直偷拿我的東西，追訴期是多久？,LEGAL
臺灣屏東地方法院 115 年度聲字第 521 號刑事裁定用了哪些條文？那些條文在規範什麼？,MIXED
撤銷緩刑的裁判實務上多嗎？,JUDGMENT
麻煩解答：我簽了車貸合約才發現利率超高，我可以提告嗎？,LEGAL
不好意思想請教，違反個人資料保護法適用什麼法條？從裁判看法院的標準是什麼？,MIXED
不好意思想請教，房東沒經過我同意進我房間，可以要求賠償嗎？依據是什麼？,LEGAL
妨害公務罪的法定刑與實際量刑差多少？舉裁判說明,MIXED
臺灣高等法院 115 年度原上訴字第 159 號刑事裁定用了哪些條文？那些條文在規範什麼？,MIXED
不好意思想請教，外送餐點被鄰居偷走，法律規定和法院實務見解都幫我查？,MIXED
我在網路上被人公開罵垃圾，可以要求賠償嗎？依據是什麼？,LEGAL
公共危險罪跟之一 妨害司法公正罪是一樣的嗎？,LEGAL
第71條規定的內容，加上實際裁判的運用，一起說明,MIXED
有個問題想問：老闆叫我簽本票才能離職，法律規定和法院實務見解都幫我查,MIXED
我在網路上被人公開罵垃圾，這樣算犯罪嗎？,LEGAL
我被詐騙集團騙了三十萬，法律上我有什麼權利？,LEGAL
妨害投票罪的要件是什麼？臺灣臺南地方法院 115 年度交簡上字第 102 號刑事判決是這樣認定的嗎？,MIXED
臺灣高等法院 115 年度聲再字第 267 號刑事裁定判了什麼？,JUDGMENT
我提供帳戶給別人使用結果被列警示戶，需要負法律責任嗎？,LEGAL
有人冒用我的名義辦門號，可以告他嗎？依據哪條？有類似判決參考嗎？,MIXED
臺灣新北地方法院審理竊盜的裁判找得到嗎？,JUDGMENT
不好意思想請教，鄰居的狗衝出來咬傷我，可以告他嗎？依據哪條？有類似判決參考嗎？,MIXED
急，想研究妨害性自主罪：條文依據和代表性判決都要？,MIXED
外送餐點被鄰居偷走，我可以提告嗎？,LEGAL
翻譯一下臺灣苗栗地方法院 115 年度易字第 247 號刑事裁定的主文，看不懂,JUDGMENT
定應執行之刑適用什麼法條？從裁判看法院的標準是什麼？,MIXED
之一  妨害風化罪和解之後還會被起訴嗎？,LEGAL
妨害名譽及信用罪告訴期間過了還能告嗎？感謝解答,LEGAL
聲請定應執行之刑並諭知易服勞役之折算標準適用什麼法條？從裁判看法院的標準是什麼？,MIXED
請問詐欺等上訴成功的案例多嗎？,JUDGMENT
我借人十萬元對方失聯了，法律規定和法院實務見解都幫我查,MIXED
翻譯一下臺灣桃園地方法院 115 年度審簡字第 575 號刑事判決的主文，看不懂,JUDGMENT
有個問題想問：加重詐欺等適用什麼法條？從裁判看法院的標準是什麼？,MIXED
殺人罪的罰金大概多少？拜託了,LEGAL
過失傷害等的裁判實務上多嗎？,JUDGMENT
房東沒經過我同意進我房間，提告需要什麼證據？,LEGAL
臺灣臺北地方法院有哪些過失傷害的案子？,JUDGMENT
法例跟妨害婚姻及家庭罪是一樣的嗎？,LEGAL
我在網路上被人公開罵垃圾，法律上我有什麼權利？,LEGAL
假釋付保護管束的裁判實務上多嗎？,JUDGMENT
我被誣賴偷東西，法律規定和法院實務見解都幫我查,MIXED
醫生開刀開錯位置，算藏匿人犯及湮滅證據罪嗎？有沒有判決可以佐證？,MIXED
我在夜市跟人起衝突推了對方一把，我可以提告嗎？,LEGAL
臺灣桃園地方法院 115 年度重訴字第 58 號刑事裁定用了哪些條文？那些條文在規範什麼？,MIXED
臺灣桃園地方法院 115 年度壢簡字第 1042 號刑事判決的法律見解可以說明嗎？,JUDGMENT
麻煩解答：想看幾篇公共危險的裁判書,JUDGMENT
這份裁判書幫我做摘要？,JUDGMENT
急，竊盜罪初犯會被關嗎？,LEGAL
麻煩解答：何謂殺人罪？,LEGAL
急，室友欠房租跑掉房東要我全付，我可以提告嗎？拜託了,LEGAL
急，過失傷害一般法院判下來大概多重？,JUDGMENT
有個問題想問：詐欺背信及重利罪被起訴後流程大概是怎樣？,LEGAL
臺灣高等法院 高雄分院 115 年度上訴字第 681 號刑事判決判決重點整理,JUDGMENT
我幫朋友作保結果他跑路，算恐嚇及擄人勒贖罪嗎？有沒有判決可以佐證？,MIXED
客戶簽約後拒絕付尾款，這樣的案件法條怎麼規定？實務上判賠多少？,MIXED
被依第26條移送會怎麼樣？,LEGAL
麻煩解答：有定應執行刑被判緩刑的判決嗎？,JUDGMENT
請問損害賠償一般法院判下來大概多重？,JUDGMENT
之二 易刑的要件是什麼？臺灣士林地方法院 115 年度訴字第 188 號刑事判決是這樣認定的嗎？拜託了,MIXED
有個問題想問：臺灣高等法院 臺中分院 115 年度金上訴字第 1431 號刑事裁定用了哪些條文？那些條文在規範什麼？,MIXED
麻煩解答：臺灣高等法院 臺中分院 115 年度聲字第 1241 號刑事裁定為什麼會這樣判？,JUDGMENT
請問最近毒品危害防制條例等的案件都怎麼判？感謝解答,JUDGMENT
有個問題想問：台灣刑法對墮胎罪的處罰重嗎？,LEGAL
有沒有損害賠償判很輕的案例？,JUDGMENT
有個問題想問：法例被起訴後流程大概是怎樣？,LEGAL
急，未成年犯時效會怎麼處理？,LEGAL
毀棄損壞罪和解之後還會被起訴嗎？求解,LEGAL
翻譯一下臺灣臺南地方法院 115 年度訴字第 1709 號刑事判決的主文，看不懂,JUDGMENT
之一 沒收的要件是什麼？臺灣臺南地方法院 115 年度訴字第 1853 號刑事判決是這樣認定的嗎？,MIXED
最近聲請假釋期中交保護管束的案件都怎麼判？,JUDGMENT
公共危險罪初犯會被關嗎？,LEGAL
不好意思想請教，我提供帳戶給別人使用結果被列警示戶，法律規定和法院實務見解都幫我查,MIXED
臺灣臺南地方法院審理損害賠償的裁判找得到嗎？,JUDGMENT
妨害自由罪被起訴後流程大概是怎樣？,LEGAL
想問一下，藏匿人犯及湮滅證據罪和解之後還會被起訴嗎？,LEGAL
我撿到手機拿去賣了，這樣的案件法條怎麼規定？實務上判賠多少？,MIXED
麻煩解答：想看幾篇竊盜的裁判書,JUDGMENT
不好意思想請教，關於聲請定其應執行刑，法條規定與判決先例幫我整理成重點,MIXED
麻煩解答：臺灣高等法院 臺中分院 115 年度原金上訴字第 69 號刑事判決判了什麼？,JUDGMENT
臺灣臺南地方法院 115 年度簡字第 3064 號刑事判決被告最後有罪嗎？,JUDGMENT
想問一下，室友一直偷拿我的東西，可以要求賠償嗎？依據是什麼？,LEGAL
刑之酌科及加減的要件是什麼？臺灣士林地方法院 115 年度簡字第 193 號刑事判決是這樣認定的嗎？,MIXED
不好意思想請教，臺灣高等法院 高雄分院 115 年度聲保字第 381 號刑事裁定用了哪些條文？那些條文在規範什麼？,MIXED
時效和解之後還會被起訴嗎？求解,LEGAL
想問一下，公共危險罪的要件是什麼？臺灣桃園地方法院 115 年度審訴字第 1790 號民事裁定是這樣認定的嗎？,MIXED
刑跟傷害罪是一樣的嗎？,LEGAL
請問我在停車場被人刮車，需要負法律責任嗎？,LEGAL
臺灣臺南地方法院有哪些公共危險的案子？,JUDGMENT
想請問各位，我開車不小心擦撞到行人，我想知道相關法律規定，還有實際案例的結果？求解,MIXED
臺灣橋頭地方法院 114 年度訴字第 653 號刑事裁定判決重點整理,JUDGMENT
有個問題想問：妨害秩序罪跟詐欺背信及重利罪是一樣的嗎？,LEGAL
被依第308條移送會怎麼樣？感謝解答,LEGAL
解讀一下臺灣苗栗地方法院 115 年度苗簡字第 722 號刑事判決,JUDGMENT
之二 易刑跟時效是一樣的嗎？,LEGAL
我被跟蹤騷擾了好幾個月，這樣的案件法條怎麼規定？實務上判賠多少？,MIXED
不好意思想請教，偽造貨幣罪法條怎麼寫？實務裁判怎麼解釋這條？,MIXED
不好意思想請教，我被前公司控告洩漏營業秘密，需要負法律責任嗎？,LEGAL
急，臺灣新竹地方法院 115 年度竹簡字第 304 號民事判決判了什麼？,JUDGMENT
臺灣桃園地方法院 115 年度壢交簡字第 876 號刑事判決用了哪些條文？那些條文在規範什麼？謝謝,MIXED
想問一下，公共危險罪的法定刑與實際量刑差多少？舉裁判說明,MIXED
客戶簽約後拒絕付尾款，對方會有什麼刑責？,LEGAL
麻煩解答：我幫朋友作保結果他跑路，這樣的案件法條怎麼規定？實務上判賠多少？,MIXED
藏匿人犯及湮滅證據罪的要件是什麼？臺灣嘉義地方法院 115 年度嘉簡字第 835 號刑事判決是這樣認定的嗎？,MIXED
想請問各位，前男友拿我的私密照威脅我，可以告他嗎？依據哪條？有類似判決參考嗎？,MIXED
幫我比較這兩篇判決的差異,JUDGMENT
關於因詐欺案附帶民訴等，法條規定與判決先例幫我整理成重點,MIXED
急，我被跟蹤騷擾了好幾個月，這犯了什麼法條？法院以前都怎麼判？,MIXED
臺灣臺南地方法院 112 年度撤緩字第 187 號刑事裁定判了什麼？,JUDGMENT
傷害的裁判實務上多嗎？,JUDGMENT
被依第158條移送會怎麼樣？,LEGAL
第187-1條是在講什麼的？,LEGAL
妨害投票罪告訴期間過了還能告嗎？求解,LEGAL
麻煩解答：關於定應執行刑，法條規定與判決先例幫我整理成重點？,MIXED
鄰居的狗衝出來咬傷我，法律上我有什麼權利？,LEGAL
麻煩解答：臺灣高等法院 高雄分院 115 年度聲保字第 367 號刑事裁定為什麼會這樣判？,JUDGMENT
同事偷看我的手機訊息，我想知道相關法律規定，還有實際案例的結果,MIXED
第134條是在講什麼的？,LEGAL
臺灣臺南地方法院 115 年度聲字第 1583 號刑事裁定這篇裁判的結論是？謝謝,JUDGMENT
公共危險罪跟傷害罪是一樣的嗎？,LEGAL
被依第236條移送會怎麼樣？,LEGAL
朋友借我的名義開公司，這樣的案件法條怎麼規定？實務上判賠多少？拜託了,MIXED
急，臺灣士林地方法院有哪些定應執行刑的案子？求解,JUDGMENT
鄰居半夜施工吵到我報警也沒用，這樣是傷害罪嗎？,LEGAL
第263條規定的內容，加上實際裁判的運用，一起說明,MIXED
最近聲請發還扣押物的案件都怎麼判？,JUDGMENT
妨害名譽及信用罪在法律上怎麼定義？,LEGAL
麻煩解答：毀棄損壞罪法條怎麼寫？實務裁判怎麼解釋這條？,MIXED
臺灣高等法院 臺南分院 115 年度聲保字第 697 號刑事裁定判決重點整理,JUDGMENT
偽證及誣告罪初犯會被關嗎？,LEGAL
請問臺灣新北地方法院 114 年度審易字第 3605 號刑事裁定判了什麼？,JUDGMENT
麻煩解答：我簽了車貸合約才發現利率超高，追訴期是多久？,LEGAL
想找臺灣基隆地方法院 115 年度金訴緝字第 8 號刑事判決的全文,JUDGMENT
被依第201條移送會怎麼樣？,LEGAL
麻煩解答：想找臺灣桃園地方法院 115 年度桃簡字第 1204 號刑事判決的全文,JUDGMENT
請問想研究公共危險罪：條文依據和代表性判決都要,MIXED
不好意思想請教，我在夜市跟人起衝突推了對方一把，這樣算犯罪嗎？,LEGAL
不好意思想請教，偽造文書印文罪的法定刑與實際量刑差多少？舉裁判說明,MIXED
急，台灣刑法對刑之酌科及加減的處罰重嗎？,LEGAL
急，犯妨害婚姻及家庭罪可以易科罰金嗎？,LEGAL
我小孩在學校被同學打，報警有用嗎？警察會怎麼處理？,LEGAL
公共危險罪和解之後還會被起訴嗎？,LEGAL
我簽了車貸合約才發現利率超高，法律規定和法院實務見解都幫我查？求解,MIXED
關於過失致死，法條規定與判決先例幫我整理成重點,MIXED
我被前公司控告洩漏營業秘密，算公共危險罪嗎？有沒有判決可以佐證？,MIXED
麻煩解答：定應執行刑上訴成功的案例多嗎？,JUDGMENT
想問一下，室友一直偷拿我的東西，這樣的案件法條怎麼規定？實務上判賠多少？,MIXED
我在停車場被人刮車，這觸犯哪一條法律？,LEGAL
臺灣士林地方法院 115 年度審簡字第 879 號刑事判決用了哪些條文？那些條文在規範什麼？,MIXED
幫我看看臺灣苗栗地方法院 115 年度苗簡字第 1 號民事判決在講什麼,JUDGMENT
我在網路上被人公開罵垃圾，我想知道相關法律規定，還有實際案例的結果,MIXED
妨害自由罪的法定刑與實際量刑差多少？舉裁判說明,MIXED
我的照片被拿去做迷因圖，法律上我有什麼權利？,LEGAL
有沒有傷害判很輕的案例？,JUDGMENT
妨害自由罪初犯會被關嗎？,LEGAL
臺灣新北地方法院 115 年度附民字第 1127 號刑事判決判決重點整理,JUDGMENT
臺灣臺北地方法院 115 年度簡字第 2002 號刑事判決判了什麼？,JUDGMENT
臺灣臺南地方法院 115 年度單禁沒字第 122 號刑事裁定這篇裁判的結論是？,JUDGMENT
內亂罪的要件是什麼？臺灣高等法院 115 年度聲字第 1640 號刑事裁定是這樣認定的嗎？,MIXED
第20條規定的內容，加上實際裁判的運用，一起說明？,MIXED
不好意思想請教，妨害自由罪被起訴後流程大概是怎樣？,LEGAL
有個問題想問：我買到事故車但車商沒告知，我想知道相關法律規定，還有實際案例的結果？,MIXED
想請問各位，侵占罪的要件是什麼？臺灣高等法院 臺中分院 115 年度聲字第 1241 號刑事裁定是這樣認定的嗎？,MIXED
臺灣苗栗地方法院 115 年度訴字第 337 號刑事裁定用了哪些條文？那些條文在規範什麼？,MIXED
想問一下，妨害婚姻及家庭罪和解之後還會被起訴嗎？,LEGAL
幫我找家庭暴力之傷害等相關的判決？謝謝,JUDGMENT
竊盜罪的罰金大概多少？,LEGAL
急，想研究搶奪強盜及海盜罪：條文依據和代表性判決都要,MIXED
房東沒經過我同意進我房間，這犯了什麼法條？法院以前都怎麼判？,MIXED
之一 藐視國會罪跟妨害投票罪是一樣的嗎？,LEGAL
請問聲請定應執行之刑上訴成功的案例多嗎？,JUDGMENT
最近損害賠償的案件都怎麼判？謝謝,JUDGMENT
麻煩解答：我提供帳戶給別人使用結果被列警示戶，追訴期是多久？,LEGAL
第231條規定的內容，加上實際裁判的運用，一起說明,MIXED
翻譯一下臺灣橋頭地方法院 115 年度附民字第 1148 號刑事判決的主文，看不懂？,JUDGMENT
急，刑事責任法條怎麼寫？實務裁判怎麼解釋這條？,MIXED
解讀一下臺灣屏東地方法院 115 年度交簡字第 839 號刑事判決,JUDGMENT
想問一下，臺灣高等法院 115 年度審交上訴字第 72 號刑事裁定為什麼會這樣判？,JUDGMENT
傷害等適用什麼法條？從裁判看法院的標準是什麼？,MIXED
想找臺灣桃園地方法院 115 年度桃簡字第 144 號刑事判決的全文,JUDGMENT
請問外患罪是什麼意思？,LEGAL
麻煩解答：時效初犯會被關嗎？,LEGAL
急，銀行法的裁判實務上多嗎？,JUDGMENT
有人檢舉我違建要拆我房子，法律規定和法院實務見解都幫我查,MIXED
急，之二 易刑是什麼意思？,LEGAL
我被前公司控告洩漏營業秘密，這犯了什麼法條？法院以前都怎麼判？,MIXED
不好意思想請教，幫我看看臺灣臺北地方法院 115 年度簡字第 2160 號刑事判決在講什麼,JUDGMENT
麻煩解答：解讀一下臺灣屏東地方法院 115 年度聲字第 499 號刑事裁定？,JUDGMENT
網拍賣家收錢不出貨，這樣的案件法條怎麼規定？實務上判賠多少？,MIXED
翻譯一下臺灣士林地方法院 115 年度聲字第 932 號刑事裁定的主文，看不懂,JUDGMENT
我簽了車貸合約才發現利率超高，這犯了什麼法條？法院以前都怎麼判？,MIXED
第14條規定的內容，加上實際裁判的運用，一起說明,MIXED
想請問各位，偽證及誣告罪的法定刑與實際量刑差多少？舉裁判說明？,MIXED
未成年犯之一 沒收會怎麼處理？,LEGAL
臺灣臺中地方法院有哪些竊盜的案子？,JUDGMENT
房東沒經過我同意進我房間，這樣算犯罪嗎？感謝解答,LEGAL
有個問題想問：這個案子歷審結果幫我整理,JUDGMENT
我幫朋友作保結果他跑路，提告需要什麼證據？,LEGAL
刑法有傷害罪這種罪嗎？規定在哪？求解,LEGAL
想請問各位，何謂妨害公務罪？,LEGAL
老闆叫我簽本票才能離職，算之一 沒收嗎？有沒有判決可以佐證？,MIXED
不好意思想請教，室友欠房租跑掉房東要我全付，我可以提告嗎？,LEGAL
妨害名譽及信用罪的要件是什麼？臺灣苗栗地方法院 115 年度苗交簡字第 307 號刑事判決是這樣認定的嗎？,MIXED
急，臺灣士林地方法院審理定應執行刑的裁判找得到嗎？,JUDGMENT
翻譯一下臺灣高等法院 臺中分院 115 年度上訴字第 279 號刑事判決的主文，看不懂？謝謝,JUDGMENT
臺灣橋頭地方法院 114 年度國審強處字第 16 號刑事裁定用了哪些條文？那些條文在規範什麼？,MIXED
有個問題想問：台灣刑法對搶奪強盜及海盜罪的處罰重嗎？,LEGAL
毀棄損壞的裁判實務上多嗎？,JUDGMENT
臺灣新竹地方法院 115 年度訴字第 955 號刑事裁定的法律見解可以說明嗎？,JUDGMENT
臺灣臺南地方法院 115 年度訴字第 2573 號刑事裁定的法律見解可以說明嗎？,JUDGMENT
想研究侵占罪：條文依據和代表性判決都要？,MIXED
過失傷害的裁判實務上多嗎？,JUDGMENT
室友欠房租跑掉房東要我全付，我可以提告嗎？,LEGAL
關於聲請解除扣押，法條規定與判決先例幫我整理成重點,MIXED
想請問各位，球場打球被故意肘擊受傷，可以告他嗎？依據哪條？有類似判決參考嗎？,MIXED
妨害國交罪和解之後還會被起訴嗎？,LEGAL
請問我的照片被拿去做迷因圖，這犯了什麼法條？法院以前都怎麼判？,MIXED
有不服延長羈押被判緩刑的判決嗎？,JUDGMENT
台灣刑法對褻瀆祀典及侵害墳墓屍體罪的處罰重嗎？,LEGAL
麻煩解答：臺灣嘉義地方法院 115 年度聲字第 686 號刑事裁定判了什麼？,JUDGMENT
臺灣高等法院 臺中分院 115 年度上易字第 297 號刑事判決用了哪些條文？那些條文在規範什麼？,MIXED
臺灣高等法院 114 年度上訴字第 4562 號刑事裁定為什麼會這樣判？,JUDGMENT
急，刑法有公共危險罪這種罪嗎？規定在哪？,LEGAL
被依第37-1條移送會怎麼樣？,LEGAL
急，贓物罪的法定刑與實際量刑差多少？舉裁判說明,MIXED
請問刑之酌科及加減被起訴後流程大概是怎樣？,LEGAL
急，臺灣南投地方法院 115 年度聲字第 275 號刑事裁定為什麼會這樣判？,JUDGMENT
臺灣高等法院 115 年度抗字第 1327 號刑事裁定判決重點整理？拜託了,JUDGMENT
定其應執行刑的裁判實務上多嗎？,JUDGMENT
請問損害賠償適用什麼法條？從裁判看法院的標準是什麼？,MIXED
不好意思想請教，前男友拿我的私密照威脅我，這犯了什麼法條？法院以前都怎麼判？,MIXED
解讀一下臺灣桃園地方法院 115 年度訴字第 828 號刑事判決,JUDGMENT
麻煩解答：室友欠房租跑掉房東要我全付，可以要求賠償嗎？依據是什麼？,LEGAL
臺灣臺南地方法院 115 年度訴字第 1392 號刑事判決用了哪些條文？那些條文在規範什麼？,MIXED
想問一下，緩刑的要件是什麼？臺灣嘉義地方法院 115 年度嘉簡字第 944 號刑事判決是這樣認定的嗎？,MIXED
請問前男友拿我的私密照威脅我，對方會有什麼刑責？,LEGAL
第27條和第307條要怎麼分？,LEGAL
想找臺灣高等法院 臺中分院 115 年度上訴字第 325 號刑事判決的全文,JUDGMENT
關於違反銀行法等，法條規定與判決先例幫我整理成重點,MIXED
想看幾篇詐欺犯罪危害防制條例等的裁判書,JUDGMENT
想請問各位，法例在法律上怎麼定義？,LEGAL
麻煩解答：解讀一下臺灣臺南地方法院 115 年度易字第 1110 號刑事判決,JUDGMENT
我在夜市跟人起衝突推了對方一把，可以告他嗎？依據哪條？有類似判決參考嗎？,MIXED
不好意思想請教，臺灣臺南地方法院有哪些定應執行刑的案子？,JUDGMENT
解讀一下臺灣新北地方法院 115 年度易字第 807 號刑事判決,JUDGMENT
褻瀆祀典及侵害墳墓屍體罪是什麼意思？,LEGAL
第199條和第288條要怎麼分？,LEGAL
外患罪的法定刑與實際量刑差多少？舉裁判說明,MIXED
急，臺灣桃園地方法院有哪些違反性騷擾防治法的案子？,JUDGMENT
我被前公司控告洩漏營業秘密，法律上我有什麼權利？,LEGAL
房東沒經過我同意進我房間，法律上我有什麼權利？,LEGAL
麻煩解答：我提供帳戶給別人使用結果被列警示戶，可以告他嗎？依據哪條？有類似判決參考嗎？,MIXED
有陌生人一直傳訊息騷擾我，這犯了什麼法條？法院以前都怎麼判？感謝解答,MIXED
鄰居的狗衝出來咬傷我，需要負法律責任嗎？求解,LEGAL
第278條規定的內容，加上實際裁判的運用，一起說明,MIXED
請問鴉片罪初犯會被關嗎？,LEGAL
有個問題想問：我酒後牽機車走路回家被警察攔，這觸犯哪一條法律？,LEGAL
妨害性自主罪的要件是什麼？福建高等法院金門分院 115 年度聲保字第 6 號刑事裁定是這樣認定的嗎？,MIXED
麻煩解答：客戶簽約後拒絕付尾款，法律規定和法院實務見解都幫我查,MIXED
不好意思想請教，幫我看看臺灣屏東地方法院 115 年度附民字第 1076 號刑事判決在講什麼,JUDGMENT
犯褻瀆祀典及侵害墳墓屍體罪可以易科罰金嗎？,LEGAL
室友欠房租跑掉房東要我全付，法律上我有什麼權利？,LEGAL
麻煩解答：想研究未遂犯：條文依據和代表性判決都要,MIXED
第220條規定的內容，加上實際裁判的運用，一起說明,MIXED
第275條是在講什麼的？,LEGAL
麻煩解答：偽證及誣告罪被起訴後流程大概是怎樣？,LEGAL
第218條規定的內容，加上實際裁判的運用，一起說明,MIXED
翻譯一下懲戒法院懲戒法庭 115 年度清字第 28 號懲戒判決的主文，看不懂,JUDGMENT
幫我看看臺灣高等法院 臺中分院 115 年度上訴字第 882 號刑事裁定在講什麼,JUDGMENT
客戶簽約後拒絕付尾款，可以告他嗎？依據哪條？有類似判決參考嗎？,MIXED
最近撤銷緩刑的案件都怎麼判？,JUDGMENT
臺灣士林地方法院 115 年度聲字第 830 號刑事裁定的法律見解可以說明嗎？,JUDGMENT
搶奪強盜及海盜罪的要件是什麼？臺灣桃園地方法院 115 年度審簡字第 575 號刑事判決是這樣認定的嗎？求解,MIXED
有個問題想問：我在停車場被人刮車，這犯了什麼法條？法院以前都怎麼判？,MIXED
臺灣士林地方法院 115 年度智附民字第 6 號刑事判決被告最後有罪嗎？,JUDGMENT
想看幾篇違反毒品危害防制條例的裁判書,JUDGMENT
想看幾篇加重竊盜的裁判書？求解,JUDGMENT
醫生開刀開錯位置，這樣的案件法條怎麼規定？實務上判賠多少？謝謝,MIXED
聲明異議上訴成功的案例多嗎？拜託了,JUDGMENT
想問一下，臺灣臺南地方法院 115 年度交易字第 651 號刑事判決被告最後有罪嗎？,JUDGMENT
不好意思想請教，臺灣桃園地方法院 115 年度桃交簡字第 884 號刑事判決的法律見解可以說明嗎？,JUDGMENT
有陌生人一直傳訊息騷擾我，這樣的案件法條怎麼規定？實務上判賠多少？,MIXED
翻譯一下臺灣桃園地方法院 115 年度桃簡字第 1508 號刑事判決的主文，看不懂,JUDGMENT
傷害等一般法院判下來大概多重？,JUDGMENT
第185條是在講什麼的？,LEGAL
想找臺灣士林地方法院 115 年度重訴字第 1 號刑事判決的全文,JUDGMENT
臺灣臺南地方法院審理家暴恐嚇等的裁判找得到嗎？,JUDGMENT
前男友拿我的私密照威脅我，提告需要什麼證據？求解,LEGAL
幫我找銀行法相關的判決,JUDGMENT
遺棄罪告訴期間過了還能告嗎？,LEGAL
朋友借我的名義開公司，這犯了什麼法條？法院以前都怎麼判？,MIXED
朋友借我的名義開公司，算鴉片罪嗎？有沒有判決可以佐證？求解,MIXED
急，臺灣臺南地方法院 115 年度訴字第 1265 號刑事判決這篇裁判的結論是？,JUDGMENT
解讀一下臺灣臺中地方法院 115 年度聲字第 2911 號刑事裁定,JUDGMENT
第314條和第305條要怎麼分？,LEGAL
幫我找家暴妨害自由相關的判決？求解,JUDGMENT
違反洗錢防制法等一般法院判下來大概多重？,JUDGMENT
麻煩解答：第227條條文內容是什麼？,LEGAL
臺灣士林地方法院 115 年度訴字第 484 號刑事判決判決重點整理,JUDGMENT
解讀一下臺灣臺南地方法院 115 年度簡字第 3704 號刑事判決,JUDGMENT
急，判決書裡「告訴乃論」是什麼意思？感謝解答,JUDGMENT
請問解讀一下臺灣士林地方法院 115 年度聲字第 1042 號刑事裁定,JUDGMENT
關於妨害公務等，法條規定與判決先例幫我整理成重點,MIXED
瀆職罪的要件是什麼？臺灣高等法院 臺中分院 115 年度聲字第 958 號刑事裁定是這樣認定的嗎？,MIXED
未遂犯的法定刑與實際量刑差多少？舉裁判說明,MIXED
定應執行刑上訴成功的案例多嗎？求解,JUDGMENT
想問一下，關於詐欺等，法條規定與判決先例幫我整理成重點？感謝解答,MIXED
第40條條文內容是什麼？,LEGAL
我酒後牽機車走路回家被警察攔，可以告他嗎？依據哪條？有類似判決參考嗎？謝謝,MIXED
臺灣臺南地方法院 115 年度訴字第 1822 號刑事判決這篇裁判的結論是？,JUDGMENT
毒品危害防制條例等的裁判實務上多嗎？謝謝,JUDGMENT
我把公司資料帶去新公司用，追訴期是多久？,LEGAL
我開車不小心擦撞到行人，對方會有什麼刑責？,LEGAL
第238條規定的內容，加上實際裁判的運用，一起說明,MIXED
我檢舉公司逃漏稅被解僱，這樣是外患罪嗎？,LEGAL
毒品危害防制條例適用什麼法條？從裁判看法院的標準是什麼？拜託了,MIXED
外送餐點被鄰居偷走，法律規定和法院實務見解都幫我查,MIXED
遺棄罪的要件是什麼？臺灣士林地方法院 115 年度聲字第 767 號刑事裁定是這樣認定的嗎？,MIXED
幫我比較這兩篇判決的差異？拜託了,JUDGMENT
不好意思想請教，何謂之一 沒收？,LEGAL
解讀一下臺灣士林地方法院 115 年度聲字第 798 號刑事裁定,JUDGMENT
想請問各位，臺灣新竹地方法院 115 年度竹簡字第 304 號民事判決判決重點整理,JUDGMENT
妨害性自主罪的法定刑與實際量刑差多少？舉裁判說明？,MIXED
第101條規定的內容，加上實際裁判的運用，一起說明,MIXED
第229-1條規定的內容，加上實際裁判的運用，一起說明,MIXED
室友一直偷拿我的東西，算時效嗎？有沒有判決可以佐證？,MIXED
急，我在停車場被人刮車，我可以提告嗎？,LEGAL
我買到事故車但車商沒告知，這樣的案件法條怎麼規定？實務上判賠多少？感謝解答,MIXED
臺灣苗栗地方法院 115 年度聲字第 533 號刑事裁定的法律見解可以說明嗎？,JUDGMENT
瀆職罪的法定刑與實際量刑差多少？舉裁判說明,MIXED
不好意思想請教，關於妨害公務等，法條規定與判決先例幫我整理成重點,MIXED
鄰居半夜施工吵到我報警也沒用，這觸犯哪一條法律？,LEGAL
麻煩解答：臺灣臺南地方法院 115 年度撤緩字第 140 號刑事裁定用了哪些條文？那些條文在規範什麼？,MIXED
臺灣高等法院 臺中分院 115 年度聲再字第 122 號刑事裁定這篇裁判的結論是？,JUDGMENT
麻煩解答：公共危險罪的要件是什麼？臺灣高雄地方法院 115 年度審交訴字第 125 號刑事裁定是這樣認定的嗎？,MIXED
不好意思想請教，未成年犯詐欺背信及重利罪會怎麼處理？,LEGAL
想請問各位，第91條規定的內容，加上實際裁判的運用，一起說明,MIXED
臺灣嘉義地方法院 115 年度聲字第 360 號刑事裁定判了什麼？,JUDGMENT
我的機車停在路邊被人騎走，這觸犯哪一條法律？,LEGAL
急，加重詐欺等適用什麼法條？從裁判看法院的標準是什麼？,MIXED
詐欺等上訴成功的案例多嗎？拜託了,JUDGMENT
我檢舉公司逃漏稅被解僱，這樣的案件法條怎麼規定？實務上判賠多少？,MIXED
家暴殺人等上訴成功的案例多嗎？拜託了,JUDGMENT
麻煩解答：我把公司資料帶去新公司用，這觸犯哪一條法律？,LEGAL
我小孩在學校被同學打，算公共危險罪嗎？有沒有判決可以佐證？,MIXED
妨害秩序罪的要件是什麼？臺灣苗栗地方法院 115 年度訴字第 258 號刑事判決是這樣認定的嗎？拜託了,MIXED
急，外送餐點被鄰居偷走，我想知道相關法律規定，還有實際案例的結果,MIXED
想研究瀆職罪：條文依據和代表性判決都要,MIXED
急，洗錢防制法等一般法院判下來大概多重？,JUDGMENT
第281條是在講什麼的？,LEGAL
臺灣南投地方法院 115 年度金訴字第 85 號刑事判決這篇裁判的結論是？,JUDGMENT
臺灣臺北地方法院 115 年度簡字第 1997 號刑事裁定用了哪些條文？那些條文在規範什麼？,MIXED
第341條是在講什麼的？,LEGAL
有個問題想問：臺灣臺東地方法院 115 年度金訴字第 9 號刑事判決判了什麼？,JUDGMENT
臺灣高等法院 臺中分院 115 年度聲保字第 525 號刑事裁定的法律見解可以說明嗎？,JUDGMENT
我幫朋友作保結果他跑路，可以告他嗎？依據哪條？有類似判決參考嗎？,MIXED
公共危險罪跟贓物罪是一樣的嗎？,LEGAL
外患罪法條怎麼寫？實務裁判怎麼解釋這條？感謝解答,MIXED
想請問各位，想找臺灣高等法院 臺中分院 115 年度附民字第 235 號刑事判決的全文,JUDGMENT
不好意思想請教，關於詐欺，法條規定與判決先例幫我整理成重點,MIXED
想問一下，想找臺灣臺南地方法院 115 年度簡字第 3704 號刑事判決的全文,JUDGMENT
我撿到手機拿去賣了，提告需要什麼證據？,LEGAL
我簽了車貸合約才發現利率超高，可以要求賠償嗎？依據是什麼？,LEGAL
毒品危害防制條例等一般法院判下來大概多重？,JUDGMENT
我開車不小心擦撞到行人，這樣是公共危險罪嗎？,LEGAL
不好意思想請教，有人在社群貼文造謠我們公司，這樣的案件法條怎麼規定？實務上判賠多少？,MIXED
請問我提供帳戶給別人使用結果被列警示戶，提告需要什麼證據？,LEGAL
房東沒經過我同意進我房間，這樣的案件法條怎麼規定？實務上判賠多少？,MIXED
臺灣士林地方法院 113 年度訴字第 383 號刑事判決為什麼會這樣判？,JUDGMENT
外患罪的要件是什麼？臺灣高等法院 113 年度上訴字第 2446 號刑事裁定是這樣認定的嗎？,MIXED
脫逃罪的罰金大概多少？,LEGAL
想請問各位，保安處分是什麼意思？,LEGAL
有個問題想問：未成年犯公共危險罪會怎麼處理？,LEGAL
未成年犯假釋會怎麼處理？,LEGAL
有個問題想問：臺灣臺北地方法院有哪些侵權行為損害賠償的案子？,JUDGMENT
幫我比較這兩篇判決的差異？感謝解答,JUDGMENT
想問一下，我把公司資料帶去新公司用，我想知道相關法律規定，還有實際案例的結果,MIXED
關於發還扣押物等，法條規定與判決先例幫我整理成重點,MIXED
想請問各位，臺灣士林地方法院 115 年度聲字第 747 號刑事裁定判決重點整理,JUDGMENT
請問臺灣高等法院 臺中分院 115 年度上易字第 308 號刑事判決用了哪些條文？那些條文在規範什麼？,MIXED
我買到事故車但車商沒告知，這犯了什麼法條？法院以前都怎麼判？,MIXED
請問親戚過世後叔叔把存摺全領走，可以告他嗎？依據哪條？有類似判決參考嗎？,MIXED
想請問各位，判決書裡「羈押」是什麼意思？求解,JUDGMENT
之一 妨害性隱私及不實性影像罪的法定刑與實際量刑差多少？舉裁判說明,MIXED
有個問題想問：有沒有觀察勒戒處分判很輕的案例？,JUDGMENT
想找臺灣新竹地方法院 115 年度易字第 964 號刑事判決的全文,JUDGMENT
之二 易刑是什麼意思？,LEGAL
解讀一下臺灣高等法院 115 年度原金上重訴字第 2 號刑事裁定？求解,JUDGMENT
想問一下，第360條規定的內容，加上實際裁判的運用，一起說明,MIXED
我借人十萬元對方失聯了，可以要求賠償嗎？依據是什麼？,LEGAL
想請問各位，竊盜適用什麼法條？從裁判看法院的標準是什麼？,MIXED
想請問各位，第185-3條規定的內容，加上實際裁判的運用，一起說明,MIXED
想問一下，我被前公司控告洩漏營業秘密，法律規定和法院實務見解都幫我查,MIXED
想問一下，有人檢舉我違建要拆我房子，這樣的案件法條怎麼規定？實務上判賠多少？感謝解答,MIXED
想問一下，台灣刑法對公共危險罪的處罰重嗎？,LEGAL
臺灣高等法院 114 年度金上重訴字第 28 號刑事裁定這篇裁判的結論是？,JUDGMENT
臺灣臺北地方法院 115 年度審交易字第 356 號刑事判決用了哪些條文？那些條文在規範什麼？,MIXED
急，關於竊盜，法條規定與判決先例幫我整理成重點,MIXED
麻煩解答：被依第172-1條移送會怎麼樣？,LEGAL
搶奪強盜及海盜罪的罰金大概多少？,LEGAL
不好意思想請教，臺灣臺北地方法院 115 年度審原訴字第 209 號民事裁定被告最後有罪嗎？,JUDGMENT
室友一直偷拿我的東西，這樣的案件法條怎麼規定？實務上判賠多少？,MIXED
前男友拿我的私密照威脅我，我想知道相關法律規定，還有實際案例的結果,MIXED
第33條規定的內容，加上實際裁判的運用，一起說明,MIXED
第169條和第99條要怎麼分？,LEGAL
有個問題想問：臺灣新竹地方法院 115 年度交易字第 233 號刑事判決用了哪些條文？那些條文在規範什麼？,MIXED
麻煩解答：第182條和第294-1條要怎麼分？,LEGAL
請問客戶簽約後拒絕付尾款，我想知道相關法律規定，還有實際案例的結果,MIXED
臺灣高等法院 115 年度刑補字第 4 號刑事決定書用了哪些條文？那些條文在規範什麼？,MIXED
麻煩解答：有人檢舉我違建要拆我房子，這樣的案件法條怎麼規定？實務上判賠多少？,MIXED
護照條例上訴成功的案例多嗎？,JUDGMENT
想請問各位，有陌生人一直傳訊息騷擾我，可以要求賠償嗎？依據是什麼？,LEGAL
前男友拿我的私密照威脅我，需要負法律責任嗎？,LEGAL
有人在社群貼文造謠我們公司，這樣是之一 沒收嗎？,LEGAL
我小孩在學校被同學打，這觸犯哪一條法律？,LEGAL
親戚過世後叔叔把存摺全領走，這樣算犯罪嗎？,LEGAL
撤銷信徒大會會議決議等上訴成功的案例多嗎？拜託了,JUDGMENT
第16條規定的內容，加上實際裁判的運用，一起說明,MIXED
想問一下，想研究公共危險罪：條文依據和代表性判決都要,MIXED
有假釋中付保護管束被判緩刑的判決嗎？,JUDGMENT
臺灣高等法院 臺中分院 115 年度上易字第 266 號刑事判決為什麼會這樣判？,JUDGMENT
同事偷看我的手機訊息，可以要求賠償嗎？依據是什麼？,LEGAL
刑法條怎麼寫？實務裁判怎麼解釋這條？,MIXED
翻譯一下臺灣高等法院 臺中分院 115 年度原金上訴字第 26 號刑事裁定的主文，看不懂,JUDGMENT
想請問各位，鄰居半夜施工吵到我報警也沒用，這樣的案件法條怎麼規定？實務上判賠多少？,MIXED
有個問題想問：我借人十萬元對方失聯了，我可以提告嗎？,LEGAL
聲請發還保證金一般法院判下來大概多重？,JUDGMENT
想看幾篇傷害等的裁判書,JUDGMENT
想看幾篇傷害的裁判書,JUDGMENT
我檢舉公司逃漏稅被解僱，算詐欺背信及重利罪嗎？有沒有判決可以佐證？,MIXED
急，臺灣嘉義地方法院 115 年度嘉交簡字第 586 號刑事判決用了哪些條文？那些條文在規範什麼？,MIXED
第214條是在講什麼的？,LEGAL
墮胎罪法條怎麼寫？實務裁判怎麼解釋這條？,MIXED
不好意思想請教，鄰居的狗衝出來咬傷我，法律規定和法院實務見解都幫我查,MIXED
我被前公司控告洩漏營業秘密，提告需要什麼證據？,LEGAL
我酒後牽機車走路回家被警察攔，我可以提告嗎？,LEGAL
不好意思想請教，第172條規定的內容，加上實際裁判的運用，一起說明,MIXED
臺灣高等法院 臺中分院 115 年度聲字第 940 號刑事裁定判決重點整理,JUDGMENT
想問一下，脫逃罪被起訴後流程大概是怎樣？,LEGAL
關於因詐欺案附帶民訴，法條規定與判決先例幫我整理成重點,MIXED
想請問各位，我簽了車貸合約才發現利率超高，算公共危險罪嗎？有沒有判決可以佐證？,MIXED
關於侵占等，法條規定與判決先例幫我整理成重點？,MIXED
有個問題想問：外患罪法條怎麼寫？實務裁判怎麼解釋這條？感謝解答,MIXED
我被跟蹤騷擾了好幾個月，法律規定和法院實務見解都幫我查,MIXED
解讀一下臺灣彰化地方法院 115 年度聲字第 622 號刑事裁定？拜託了,JUDGMENT
臺灣臺南地方法院 115 年度易字第 1041 號刑事判決的法律見解可以說明嗎？,JUDGMENT
組織犯罪防制條例等的裁判實務上多嗎？,JUDGMENT
外患罪是什麼意思？,LEGAL
臺灣桃園地方法院 115 年度聲字第 2033 號刑事裁定為什麼會這樣判？,JUDGMENT
不好意思想請教，何謂刑事責任？,LEGAL
不好意思想請教，刑之酌科及加減的要件是什麼？臺灣桃園地方法院 115 年度壢原交簡字第 77 號刑事判決是這樣認定的嗎？,MIXED
請問我借人十萬元對方失聯了，算之二 易刑嗎？有沒有判決可以佐證？,MIXED
臺灣臺東地方法院 115 年度原交易緝字第 1 號刑事裁定判決重點整理,JUDGMENT
我幫朋友作保結果他跑路，我可以提告嗎？,LEGAL
我小孩在學校被同學打，這樣的案件法條怎麼規定？實務上判賠多少？,MIXED
偽造文書印文罪的法定刑與實際量刑差多少？舉裁判說明,MIXED
有個問題想問：我被誣賴偷東西，這樣算犯罪嗎？,LEGAL
臺灣高等法院 臺南分院 115 年度聲保字第 694 號刑事裁定判了什麼？,JUDGMENT
有侵權行為損害賠償被判緩刑的判決嗎？,JUDGMENT
解讀一下臺灣高雄地方法院 115 年度審交訴字第 125 號刑事裁定,JUDGMENT
累犯的要件是什麼？臺灣嘉義地方法院 115 年度嘉交簡字第 485 號刑事判決是這樣認定的嗎？,MIXED
有人用我的照片開假帳號，可以要求賠償嗎？依據是什麼？,LEGAL
公共危險罪的要件是什麼？臺灣屏東地方法院 115 年度聲字第 560 號刑事裁定是這樣認定的嗎？,MIXED
不好意思想請教，有公共危險被判緩刑的判決嗎？,JUDGMENT
不好意思想請教，假釋跟之一  妨害風化罪是一樣的嗎？,LEGAL
請問室友一直偷拿我的東西，我想知道相關法律規定，還有實際案例的結果,MIXED
臺灣桃園地方法院 115 年度訴字第 956 號刑事裁定這篇裁判的結論是？,JUDGMENT
房東沒經過我同意進我房間，需要負法律責任嗎？,LEGAL
我撿到手機拿去賣了，這樣算犯罪嗎？,LEGAL
有沒有過失致死判很輕的案例？,JUDGMENT
急，我把公司資料帶去新公司用，這犯了什麼法條？法院以前都怎麼判？,MIXED
想請問各位，犯保安處分可以易科罰金嗎？,LEGAL
被依第240條移送會怎麼樣？,LEGAL
急，幫我看看臺灣苗栗地方法院 115 年度苗金簡字第 82 號刑事判決在講什麼,JUDGMENT
有個問題想問：我被前公司控告洩漏營業秘密，這樣算犯罪嗎？,LEGAL
有個問題想問：臺灣臺中地方法院 115 年度審易字第 961 號刑事裁定被告最後有罪嗎？,JUDGMENT
想看幾篇違反組織犯罪防制條例等的裁判書,JUDGMENT
臺灣橋頭地方法院 115 年度交訴字第 60 號刑事裁定用了哪些條文？那些條文在規範什麼？,MIXED
被依第351條移送會怎麼樣？,LEGAL
第185-4條和第50條要怎麼分？,LEGAL
想研究保安處分：條文依據和代表性判決都要,MIXED
我撿到手機拿去賣了，我想知道相關法律規定，還有實際案例的結果,MIXED
犯法例可以易科罰金嗎？,LEGAL
不好意思想請教，刑事責任的法定刑與實際量刑差多少？舉裁判說明,MIXED
第227條條文內容是什麼？,LEGAL
急，數罪併罰的法定刑與實際量刑差多少？舉裁判說明,MIXED
急，有陌生人一直傳訊息騷擾我，算數罪併罰嗎？有沒有判決可以佐證？,MIXED
同事偷看我的手機訊息，這樣算犯罪嗎？,LEGAL
第124條規定的內容，加上實際裁判的運用，一起說明,MIXED
殺人罪的法定刑與實際量刑差多少？舉裁判說明？,MIXED
鄰居半夜施工吵到我報警也沒用，算法例嗎？有沒有判決可以佐證？,MIXED
犯贓物罪可以易科罰金嗎？,LEGAL
有詐欺等被判緩刑的判決嗎？,JUDGMENT
刑事責任法條怎麼寫？實務裁判怎麼解釋這條？,MIXED
不好意思想請教，第29條和第166條要怎麼分？,LEGAL
親戚過世後叔叔把存摺全領走，需要負法律責任嗎？,LEGAL
臺灣高等法院 臺中分院 115 年度原上易字第 16 號刑事裁定用了哪些條文？那些條文在規範什麼？謝謝,MIXED
第264條規定的內容，加上實際裁判的運用，一起說明,MIXED
想請問各位，公共危險罪的要件是什麼？臺灣臺南地方法院 115 年度聲保字第 154 號刑事裁定是這樣認定的嗎？,MIXED
麻煩解答：保安處分在法律上怎麼定義？,LEGAL
急，臺灣苗栗地方法院審理家暴妨害自由的裁判找得到嗎？,JUDGMENT
公共危險罪跟妨害自由罪是一樣的嗎？,LEGAL
想請問各位，有人在社群貼文造謠我們公司，我可以提告嗎？,LEGAL
判決書裡「告訴乃論」是什麼意思？,JUDGMENT
搶奪強盜及海盜罪被起訴後流程大概是怎樣？,LEGAL
鄰居的狗衝出來咬傷我，追訴期是多久？,LEGAL
想問一下，我簽了車貸合約才發現利率超高，法律上我有什麼權利？,LEGAL
有個問題想問：第174條是在講什麼的？,LEGAL
被依第237條移送會怎麼樣？,LEGAL
被依第255條移送會怎麼樣？,LEGAL
鄰居的狗衝出來咬傷我，我想知道相關法律規定，還有實際案例的結果？感謝解答,MIXED
想問一下，最近傷害的案件都怎麼判？,JUDGMENT
內亂罪被起訴後流程大概是怎樣？,LEGAL
未成年犯妨害公務罪會怎麼處理？感謝解答,LEGAL
偽證及誣告罪的要件是什麼？臺灣高等法院 115 年度國審抗字第 24 號刑事裁定是這樣認定的嗎？,MIXED
臺灣臺東地方法院 114 年度原易字第 161 號刑事判決被告最後有罪嗎？,JUDGMENT
想問一下，侵占適用什麼法條？從裁判看法院的標準是什麼？,MIXED
想問一下，保安處分和解之後還會被起訴嗎？,LEGAL
有人在社群貼文造謠我們公司，提告需要什麼證據？,LEGAL
翻譯一下臺灣高等法院 高雄分院 115 年度聲字第 584 號刑事裁定的主文，看不懂,JUDGMENT
急，想研究傷害罪：條文依據和代表性判決都要,MIXED
想問一下，想看幾篇聲請定其應執行刑的裁判書,JUDGMENT
偽造貨幣罪的要件是什麼？臺灣桃園地方法院 115 年度單禁沒字第 484 號刑事裁定是這樣認定的嗎？,MIXED
臺灣基隆地方法院審理假釋中付保護管束的裁判找得到嗎？,JUDGMENT
臺灣臺南地方法院 115 年度訴字第 1709 號刑事判決為什麼會這樣判？,JUDGMENT
之一  妨害風化罪的法定刑與實際量刑差多少？舉裁判說明,MIXED
第218條是在講什麼的？,LEGAL
臺灣高等法院 臺中分院 115 年度聲字第 1050 號刑事裁定判決重點整理,JUDGMENT
妨害名譽及信用罪法條怎麼寫？實務裁判怎麼解釋這條？,MIXED
有個問題想問：違反性侵害犯罪防治法適用什麼法條？從裁判看法院的標準是什麼？,MIXED
臺灣屏東地方法院 115 年度交簡字第 866 號刑事判決判了什麼？,JUDGMENT
請問公司要我自願離職不給資遣費，這犯了什麼法條？法院以前都怎麼判？,MIXED
急，恐嚇及擄人勒贖罪是什麼意思？,LEGAL
想請問各位，幫我看看臺灣新北地方法院 114 年度審易字第 3851 號刑事裁定在講什麼,JUDGMENT
臺灣臺南地方法院 115 年度簡字第 2174 號刑事判決這篇裁判的結論是？,JUDGMENT
麻煩解答：第143條和第169條要怎麼分？,LEGAL
我提供帳戶給別人使用結果被列警示戶，法律上我有什麼權利？,LEGAL
判決書裡「沒收追徵」是什麼意思？,JUDGMENT
刑事責任的要件是什麼？臺灣臺南地方法院 114 年度訴字第 2065 號刑事裁定是這樣認定的嗎？,MIXED
麻煩解答：第330條規定的內容，加上實際裁判的運用，一起說明,MIXED
有人檢舉我違建要拆我房子，算妨害婚姻及家庭罪嗎？有沒有判決可以佐證？,MIXED
想找臺灣高等法院 115 年度上訴字第 2921 號刑事裁定的全文,JUDGMENT
急，假釋告訴期間過了還能告嗎？,LEGAL
侵權行為損害賠償適用什麼法條？從裁判看法院的標準是什麼？拜託了,MIXED
麻煩解答：犯公共危險罪可以易科罰金嗎？,LEGAL
藏匿人犯及湮滅證據罪告訴期間過了還能告嗎？,LEGAL
假釋中付保護管束的裁判實務上多嗎？,JUDGMENT
判決書裡「保護管束」是什麼意思？,JUDGMENT
不好意思想請教，臺灣士林地方法院有哪些違反洗錢防制法等的案子？,JUDGMENT
想問一下，臺灣臺中地方法院 115 年度簡字第 250 號刑事判決的法律見解可以說明嗎？,JUDGMENT
被依第169條移送會怎麼樣？,LEGAL
臺灣高等法院 臺中分院 115 年度聲字第 1261 號刑事裁定被告最後有罪嗎？,JUDGMENT
請問妨害自由罪的法定刑與實際量刑差多少？舉裁判說明,MIXED
想請問各位，我被誣賴偷東西，這樣的案件法條怎麼規定？實務上判賠多少？,MIXED
偽造度量衡罪被起訴後流程大概是怎樣？,LEGAL
急，有人用我的照片開假帳號，追訴期是多久？,LEGAL
第210條條文內容是什麼？,LEGAL
想請問各位，第277條規定的內容，加上實際裁判的運用，一起說明？,MIXED
我被誣賴偷東西，這樣是法例嗎？,LEGAL
想問一下，妨害婚姻及家庭罪被起訴後流程大概是怎樣？,LEGAL
想請問各位，我買到事故車但車商沒告知，可以告他嗎？依據哪條？有類似判決參考嗎？,MIXED
有個問題想問：傷害罪被起訴後流程大概是怎樣？,LEGAL
想問一下，第323條規定的內容，加上實際裁判的運用，一起說明,MIXED
關於定應執行之刑，法條規定與判決先例幫我整理成重點？拜託了,MIXED
我小孩在學校被同學打，法律規定和法院實務見解都幫我查,MIXED
偽造文書等上訴成功的案例多嗎？謝謝,JUDGMENT
第331條和第350條要怎麼分？,LEGAL
想問一下，有定應執行刑被判緩刑的判決嗎？,JUDGMENT
臺灣花蓮地方法院 114 年度花簡字第 238 號刑事裁定這篇裁判的結論是？,JUDGMENT
定應執行之刑一般法院判下來大概多重？,JUDGMENT
臺灣高等法院有哪些聲請撤銷緩刑的案子？,JUDGMENT
急，有陌生人一直傳訊息騷擾我，法律規定和法院實務見解都幫我查,MIXED
墮胎罪初犯會被關嗎？,LEGAL
室友欠房租跑掉房東要我全付，這犯了什麼法條？法院以前都怎麼判？,MIXED
有個問題想問：判決書裡「告訴乃論」是什麼意思？,JUDGMENT
判決書裡「羈押」是什麼意思？,JUDGMENT
請問台灣刑法對假釋的處罰重嗎？,LEGAL
急，關於假釋付保護管束，法條規定與判決先例幫我整理成重點,MIXED
急，最近毒品危害防制條例的案件都怎麼判？,JUDGMENT
第185-4條規定的內容，加上實際裁判的運用，一起說明,MIXED
解讀一下臺灣高等法院 115 年度上訴字第 2299 號刑事裁定？,JUDGMENT
第249條條文內容是什麼？,LEGAL
刑法有妨害投票罪這種罪嗎？規定在哪？,LEGAL
想找臺灣士林地方法院 115 年度審易字第 499 號刑事判決的全文,JUDGMENT
第155條是在講什麼的？,LEGAL
麻煩解答：第238條規定的內容，加上實際裁判的運用，一起說明,MIXED
臺灣高等法院審理妨害秩序等的裁判找得到嗎？,JUDGMENT
不好意思想請教，臺灣高等法院 115 年度侵上更一字第 3 號刑事裁定被告最後有罪嗎？,JUDGMENT
判決書裡「發回更審」是什麼意思？,JUDGMENT
不好意思想請教，我在夜市跟人起衝突推了對方一把，算公共危險罪嗎？有沒有判決可以佐證？,MIXED
解讀一下臺灣橋頭地方法院 115 年度簡字第 1293 號刑事判決,JUDGMENT
想請問各位，有詐欺犯罪危害防制條例等被判緩刑的判決嗎？,JUDGMENT
我簽了車貸合約才發現利率超高，算殺人罪嗎？有沒有判決可以佐證？,MIXED
有沒有假釋付保護管束判很輕的案例？,JUDGMENT
不好意思想請教，臺灣桃園地方法院審理聲請假釋期中交付保護管束的裁判找得到嗎？,JUDGMENT
臺灣高等法院審理殺人未遂等的裁判找得到嗎？,JUDGMENT
第67條規定的內容，加上實際裁判的運用，一起說明,MIXED
麻煩解答：臺灣橋頭地方法院有哪些聲請具保停止羈押的案子？拜託了,JUDGMENT
刑法有遺棄罪這種罪嗎？規定在哪？,LEGAL
臺灣高等法院 臺中分院 115 年度侵上訴字第 37 號刑事判決這篇裁判的結論是？,JUDGMENT
想找臺灣高等法院 114 年度金上重訴字第 49 號刑事裁定的全文,JUDGMENT
何謂妨害秩序罪？,LEGAL
臺灣南投地方法院 115 年度投交簡字第 230 號刑事判決的法律見解可以說明嗎？,JUDGMENT
臺灣桃園地方法院 115 年度桃簡字第 1511 號刑事判決判了什麼？,JUDGMENT
竊盜罪的法定刑與實際量刑差多少？舉裁判說明,MIXED
想問一下，臺灣臺南地方法院 115 年度訴字第 2594 號刑事判決判決重點整理？,JUDGMENT
犯偽造貨幣罪可以易科罰金嗎？,LEGAL
臺灣高等法院 臺中分院 115 年度金上訴字第 1352 號刑事判決為什麼會這樣判？,JUDGMENT
室友欠房租跑掉房東要我全付，這樣的案件法條怎麼規定？實務上判賠多少？,MIXED
我被前公司控告洩漏營業秘密，可以要求賠償嗎？依據是什麼？,LEGAL
臺灣高等法院 臺中分院 115 年度抗字第 475 號刑事裁定判了什麼？,JUDGMENT
急，有觀察勒戒處分被判緩刑的判決嗎？,JUDGMENT
想看幾篇聲明異議的裁判書,JUDGMENT
臺灣高雄地方法院 114 年度侵訴字第 36 號刑事裁定判決重點整理,JUDGMENT
急，聲請發還扣押物上訴成功的案例多嗎？,JUDGMENT
第25條和第236條要怎麼分？,LEGAL
不好意思想請教，球場打球被故意肘擊受傷，對方會有什麼刑責？,LEGAL
室友欠房租跑掉房東要我全付，這樣是毀棄損壞罪嗎？,LEGAL
有陌生人一直傳訊息騷擾我，可以告他嗎？依據哪條？有類似判決參考嗎？,MIXED
臺灣高雄地方法院 115 年度聲字第 1327 號刑事裁定這篇裁判的結論是？,JUDGMENT
麻煩解答：我酒後牽機車走路回家被警察攔，這樣的案件法條怎麼規定？實務上判賠多少？,MIXED
急，臺灣臺北地方法院 115 年度審原重訴字第 33 號民事裁定為什麼會這樣判？,JUDGMENT
被依第339條移送會怎麼樣？,LEGAL
想找臺灣士林地方法院 115 年度聲字第 775 號刑事裁定的全文,JUDGMENT
詐欺上訴成功的案例多嗎？謝謝,JUDGMENT
妨害電腦使用罪的罰金大概多少？,LEGAL
有個問題想問：這份裁判書幫我做摘要？求解,JUDGMENT
幫我看看臺灣苗栗地方法院 115 年度聲字第 432 號刑事裁定在講什麼,JUDGMENT
想問一下，公共危險罪跟賭博罪是一樣的嗎？,LEGAL
想問一下，之一  妨害風化罪告訴期間過了還能告嗎？,LEGAL
不好意思想請教，幫我找違反醫療法相關的判決,JUDGMENT
有個問題想問：未成年犯偽造度量衡罪會怎麼處理？,LEGAL
麻煩解答：想找臺灣臺北地方法院 115 年度金重訴字第 4 號刑事裁定的全文,JUDGMENT
麻煩解答：我買到事故車但車商沒告知，法律規定和法院實務見解都幫我查,MIXED
第235條是在講什麼的？,LEGAL
關於撤銷緩刑，法條規定與判決先例幫我整理成重點,MIXED
翻譯一下臺灣嘉義地方法院 114 年度金訴字第 1683 號刑事判決的主文，看不懂,JUDGMENT
解讀一下臺灣桃園地方法院 115 年度聲字第 2213 號刑事裁定？謝謝,JUDGMENT
臺灣高等法院 115 年度聲字第 1886 號刑事裁定判決重點整理,JUDGMENT
幫我找違反廢棄物清理法相關的判決,JUDGMENT
我借人十萬元對方失聯了，算公共危險罪嗎？有沒有判決可以佐證？,MIXED
詐欺取財等適用什麼法條？從裁判看法院的標準是什麼？,MIXED
想問一下，臺灣士林地方法院 115 年度聲字第 843 號刑事裁定被告最後有罪嗎？,JUDGMENT
想請問各位，醫生開刀開錯位置，算偽造文書印文罪嗎？有沒有判決可以佐證？,MIXED
解讀一下臺灣嘉義地方法院 115 年度撤緩字第 71 號刑事裁定,JUDGMENT
有個問題想問：保安處分跟贓物罪是一樣的嗎？,LEGAL
有人在社群貼文造謠我們公司，我想知道相關法律規定，還有實際案例的結果,MIXED
第113條規定的內容，加上實際裁判的運用，一起說明,MIXED
我在網路上被人公開罵垃圾，這觸犯哪一條法律？,LEGAL
想問一下，客戶簽約後拒絕付尾款，需要負法律責任嗎？,LEGAL
解讀一下臺灣臺南地方法院 115 年度交易字第 851 號刑事判決？謝謝,JUDGMENT
何謂遺棄罪？,LEGAL
急，外送餐點被鄰居偷走，我可以提告嗎？,LEGAL
幫我看看臺灣新竹地方法院 115 年度聲字第 479 號刑事裁定在講什麼,JUDGMENT
同事偷看我的手機訊息，法律上我有什麼權利？拜託了,LEGAL
有人用我的照片開假帳號，這樣的案件法條怎麼規定？實務上判賠多少？,MIXED
客戶簽約後拒絕付尾款，法律規定和法院實務見解都幫我查,MIXED
客戶簽約後拒絕付尾款，這犯了什麼法條？法院以前都怎麼判？拜託了,MIXED
臺灣臺中地方法院 115 年度中原交簡字第 45 號刑事判決的法律見解可以說明嗎？,JUDGMENT
第339-3條條文內容是什麼？,LEGAL
我在網路上被人公開罵垃圾，算法例嗎？有沒有判決可以佐證？,MIXED
公共危險罪的法定刑與實際量刑差多少？舉裁判說明,MIXED
想請問各位，延長監護一般法院判下來大概多重？,JUDGMENT
這個案子歷審結果幫我整理,JUDGMENT
不好意思想請教，我開車不小心擦撞到行人，這樣的案件法條怎麼規定？實務上判賠多少？,MIXED
有個問題想問：關於定應執行刑，法條規定與判決先例幫我整理成重點,MIXED
想研究公共危險罪：條文依據和代表性判決都要,MIXED
麻煩解答：最近公共危險的案件都怎麼判？,JUDGMENT
想問一下，公共危險罪告訴期間過了還能告嗎？,LEGAL
想請問各位，臺灣嘉義地方法院審理定應執行刑的裁判找得到嗎？,JUDGMENT
室友欠房租跑掉房東要我全付，算妨害秩序罪嗎？有沒有判決可以佐證？,MIXED
判決書裡「褫奪公權」是什麼意思？,JUDGMENT
我被前公司控告洩漏營業秘密，追訴期是多久？,LEGAL
有人冒用我的名義辦門號，算外患罪嗎？有沒有判決可以佐證？,MIXED
公共危險適用什麼法條？從裁判看法院的標準是什麼？謝謝,MIXED
臺灣臺南地方法院 115 年度簡字第 3745 號刑事判決這篇裁判的結論是？,JUDGMENT
幫我看看臺灣南投地方法院 114 年度訴字第 226 號刑事判決在講什麼？拜託了,JUDGMENT
想問一下，台灣刑法對詐欺背信及重利罪的處罰重嗎？,LEGAL
我幫朋友作保結果他跑路，追訴期是多久？,LEGAL
急，這份裁判書幫我做摘要,JUDGMENT
幫我看看臺灣屏東地方法院 115 年度聲字第 170 號刑事裁定在講什麼,JUDGMENT
有個問題想問：室友欠房租跑掉房東要我全付，提告需要什麼證據？,LEGAL
解讀一下臺灣士林地方法院 115 年度聲字第 661 號刑事裁定,JUDGMENT
不好意思想請教，臺灣桃園地方法院 115 年度訴字第 1199 號民事裁定為什麼會這樣判？,JUDGMENT
不好意思想請教，妨害性自主罪被起訴後流程大概是怎樣？,LEGAL
親戚過世後叔叔把存摺全領走，算之一 妨害司法公正罪嗎？有沒有判決可以佐證？,MIXED
關於公共危險，法條規定與判決先例幫我整理成重點,MIXED
我的照片被拿去做迷因圖，這樣的案件法條怎麼規定？實務上判賠多少？,MIXED
幫我找定應執行之刑相關的判決,JUDGMENT
第188條條文內容是什麼？,LEGAL
不好意思想請教，第132條是在講什麼的？,LEGAL
麻煩解答：臺灣臺北地方法院有哪些違反著作權法等的案子？,JUDGMENT
想問一下，關於公共危險，法條規定與判決先例幫我整理成重點,MIXED
最近洗錢防制法的案件都怎麼判？,JUDGMENT
何謂刑事責任？,LEGAL
幫我看看臺灣臺南地方法院 115 年度簡字第 3265 號刑事判決在講什麼,JUDGMENT
第77條規定的內容，加上實際裁判的運用，一起說明,MIXED
我在停車場被人刮車，這樣的案件法條怎麼規定？實務上判賠多少？,MIXED
